text,task_1
This fuzzy wuzzy kitten wants to know how a raven is like a writing desk. Find out why here &#8594; http://t.co/GI9On86iGV http://t.co/HlKDTSgKwU,NOT
RT @PimpUncleJoe: #MyGoalFor2012 UnHoe these bitches,HOF
@panchoftf red and yellow it should be then,NOT
@ShojoAIE a bright neon yellow gauntlet,NOT
@cgoodwoman @stevenadamswv Crystal probably only person in world interested in my poor black hillbilly:Jamaica::poor white hillbilly:WV idea,NOT
I ain't really trippin about the money yo that shit constantly comes like a bitch pussy,HOF
I'm just tryna get to sleep before the birds start getting rowdy.,NOT
Why would I fuck a bitch that can't fuck? Jus like u hoes don't want want a nigga wit a clit ticckler,HOF
...if Amber Rose can rock a bald head and a bald pussy then motherfucker so can I.,HOF
"RT @theHIGHESTpeak_: Flavaaaaa in ya ear, that hoe live lol",HOF
Bitches be like I want something real ... And I be like I want a bitch with real hair but we can't always get what we want now can we lol,HOF
RT @AmyRoseKathryn: Justice for British seagull spray-painted red by thugs! The bird won&#8217;t be able to fly anymore! http://t.co/8PyhwE4L8S h&#8230;,NOT
Shut up bitch swallow,HOF
@Crewz76 I miss Tupac rap offs hillbilly,NOT
Helga was a bitch.... And for what reason.? #HeyArnold,HOF
He may be the President but that doesn't necessarily mean he's in the sole position of power in regard to making such decisions.,NOT
Bahaha omg &#128518;&#128557;&#128586; this bitch is crazyyy . http://t.co/HFkTledkpa,HOF
So now been trill is trash cus asap said so &#128533; ok,NOT
I think all y'all losing y'all niggas Cuz the season changed y'all seasonal hoes &#128557;,HOF
bitches love beyonce,HOF
I uploaded a @YouTube video http://t.co/8rLE3JNr GOProud Makes Money Out of Twinkie Crisis in Free Market Spirit,NOT
I want a slope job so I can get away from everything and be by myself for two weeks. I hate being around people unless they are my friends.,NOT
RT @Cajun_peach: Because humans aren't delicious ho RT @peta: Smarter than dogs AND your 3-year-old child. So why EAT them? http://t.co/eRT&#8230;,NOT
"Now put Ya ass on this dicc, let me know you that baddest lit bitch.",HOF
@kate_beckwith74 don't judge me monkey,NOT
"37- no, i dont like hoes",HOF
@kathleen_herne Stink should shut his hole &amp; just perform his tricks like a good trained monkey,NOT
&#8220;@JukeJuke_9: Lance Stevenson gone leave Indiana&#8221; he trash anyway,NOT
Need a bitch to drop it down for a niggah,HOF
"RT @xSALUTE_BADDAZZ: Well I just got conformation that is your body count is five or above, it's high and you a hoe &#128514;&#128514;&#128514;",HOF
&lt;&lt;&lt;when it's yellow outside,NOT
"RT @Garvey_B: New sign up at mong kok protest site says: ""fight for democracy and oppose the communists to have a future"" http://t.co/w2pOn&#8230;",NOT
International police operation disrupts Shylock banking Trojan - Computerworld: The GuardianInternational poli... http://t.co/zIBNJMIILJ,NOT
@SugarShai2 youtube bear vs monkey bike race!,NOT
RT @ChicoTheWolf: #DavidPullsBitches &#8220;@davidam_23: #TweetSomethingYouGetAlot Go talk to all your other hoes&#8221;,HOF
RT @pumpkinheaddd: &#128530; why these hoes acting like they not getting fucked &amp; sucking dick &#128080; but I ain't saying nothing &#128520;,HOF
"Ok, night night bitches",HOF
@Cryystalina haha yes niggah but yesterday night Idk man it hit me at night like around 2 in the morning didn't go to sleep till like 4..,HOF
i dont think women should wear flesh tone colored pants... lol,NOT
@harley_schuder k bitch niggas,HOF
"@NYRKelsMads 
Dat damn dog eats betta den most colored folk do.",NOT
&#8220;@therealiman: No one wants to see curvy women - Karl Lagerfeld&#8221; he retarded,HOF
RT @TomBradysEgo: Might have a better chance if we put some trash cans out there.,NOT
"@FemsHaveBallz have u spent significant time in ANY ghetto, or witnessed the years of terrorism committed by police in the Black community?",NOT
"@ThequeenTommy so fucking annoying when a hoe is like ""omg relationship goals"" like close your legs, get dressed and do something about it.",HOF
"RT @_politeASSHOLE: 4) Only pussy niggas who suck dick cry about someone being in their mentions, tweet the person then cry again about the&#8230;",HOF
@Royceda59 Green bananas are better then yellow ones too.,NOT
"we live in a world where drake can steal your hoes and make fun of you, shit crazy",HOF
"I thought it was bros over hoes , guess not &#128530;",HOF
RT @TheVoiceOfMiami: Miami* RT @PacDaGoat: Houston has so many trash drivers,NOT
"Chaber Books: BRAGADAYJAH 24 http://t.co/bTMLYNNKZp: Nimrod the Cushite, first king of the earth. See Bragadayjah 24",NOT
"When all else fails, blast bare nips",NOT
@geokthree I literally just told @Black_SinS to his face how trash he is at the shop in hooping,NOT
"RT @Late___: I dive in tha pussy like...
&#128514;&#128514;&#128514;&#128513;&#128074;&#128175; http://t.co/c4jnQWp9dW",HOF
"@TasogarenoRaiko If you decide to do Damara, you should make her a gladiola. We have gorgeous rust-colored ones coming up over here.",NOT
I would describe @whatupag's work as blaxican.,NOT
RT @tolkienproverb: Fairy tale does not deny the existence of sorrow and failure...,NOT
WATCH-Obama&#8217;s Newly Released Gitmo Jihadi Has Links To Terrorists In Syria http://t.co/GufKoy44tk http://t.co/3n7M4PfNMx,NOT
@red_daddy17 @lilJohn_Fnv9 and dis wus after i offered to help faggot ass nigga get custody of his kids.... Im lowkey heated..,HOF
I got. A lot. Of hoes.... All up on my dick,HOF
@ArcticFox2016 everybody mocks Obama .Hes an embarrassment to the USA.,NOT
"""@iDntWearCondoms: Watch women try to argue with me like they have a dick and actually fucked some pussy before"" I hate when bitches do that",HOF
@cakedjake We're laying rock around our lake. You're welcome to join a redneck workout. #muscles &#128170;&#128513;,NOT
@OriginvlEpic in the trash,NOT
RT @HMSguy: Rahal's an idiot. Second time this year he's wrecked someone under yellow.,NOT
Me and da @iamcolinquinn gonna do a reboot of da Jeffersons. Only dis time he gonna be Weezy and we married pre op trannies,HOF
"RT @ssbeirne: It's a bird! It's a plane! It's a boat! No...It's, it's... a flying human? #lakeerie #cle http://t.co/TTL10nqBzJ",NOT
"4 stacks for the heels on my bitch feet, car seat still smellin like 10 keys.. Tell the plug that I'm lookin for a increase..",HOF
Goodnight bitches (with a lisp),HOF
Majority of it is trash anyway.,NOT
At pussy cat lounge killin it with my girlz @blaqdior and @hpmiss,NOT
@RunuldoRants faggot sack,HOF
Simple minded hoe,HOF
&#9733; BEST ASIAN MASSAGE ON THE park slope --TOP RATED SPA &#9733; 718-622-0221 - 24 http://t.co/u3PzeV9E9q,NOT
@jessicacassell1 find a new hillbilly!! #spiritweek!!,NOT
Smoke good weed with a bad bitch,HOF
City highway skyscrapers building lights yellow blue http://t.co/kOC9uYBFqV,NOT
@DetroitPlayer @prettytreazure gotta be atleast 5'10 to call me a bitch lol,HOF
RT @AIanHangover: let's play a game called stop being a lil bitch,HOF
If train officers that are wearing body armor stand back to watch the smoke clear. Why does every gun ho wanna be... http://t.co/cuLyANyQ,NOT
I give my niggas hope and sell these bitches dreams!,HOF
u want a cookie tomorrow bitch @_lostb0y,HOF
"RT @___Jazsy: If a bitch tweeting about a nigga and he saying he don't mess with her , He's lying&#128533; That bitch ain't tweeting for nothing &#128527;",HOF
Just purchased my first trenta iced coffee....this is a slippery slope,NOT
"#BigBird was made by a gay couple. So yes, under a GOP world the bird would not have existed since its creators would be in jail for sodomy.",NOT
This my dog telling me he is done playing frisbee for now.. lazy mutt http://t.co/l4AocjczsH,NOT
"RT @Heissarcastic: If my jokes offend you:

1) I'm sorry
2) It won't happen again
3) 1 &amp; 2 are lies
4) You're a pussy
5) Your Mom hates you&#8230;",HOF
@zach_smith98 @kieffer_jason @NathannDevlin bitch fight me so I can make you shut up am going to back my shit up,HOF
@WyattNuckels I'm not fake bitch meet me after school then nigga,HOF
"@pubsubs @Adessences @tzanchan86 btw, genocide isn't war. The people of Gaza are no more combatants than the people of the Warsaw ghetto.",NOT
@IMNOTMAKINGITUP Hey u just followed me not long ago. Gonna nip that in da bud. like ur bio tho. U know the white devils stole our our,NOT
"RT @rickygervais: Have a great day, you lovely fellow apes :) http://t.co/jZL7filv0q",NOT
#WorldSeriesGame3 Hunter Pence is so annoying he should be a Red Sox player. Shave fool and take your Vyvanse&#9918;&#65039;&#9918;&#65039;&#128074;&#128074;#Yankees 2015!!,NOT
"RT @MLBStatoftheDay: Since 1914, Derek Jeter&#8217;s 91 multi-hit games vs @RedSox are 4th most among @Yankees, behind Gehrig&#8217;s 121, Ruth&#8217;s 99 an&#8230;",NOT
Deez niggas pussy so fuck em deez niggas ass so buss em,HOF
@TheRealaaw &#128514;&#128514;&#128514;&#128514; pot of gold ass nigguh,HOF
@EleyCome_EleyGo @caykelly16 movies don't matter as long as you do coon shit with coons you're a nigga!,HOF
If a bitch don't taste her own &#128573; you shouldn't even dare eat it &#128567;,HOF
Lmao RT @MoeMartin44 The in soles in Reebok Classics can't even handle the diabetic weight Rick Ross holds,NOT
"RT @1TRIKOfficial: @ItsNotAdam No prob! Def a good early set energy tool! If you want to tune in, http://t.co/hxfJWy3Jab in less than an ho&#8230;",NOT
@kieffer_jason How u going to talk shit from another state that's dat pussy shit,HOF
"Neverrr, play me for stupid because I'm far from it.. You bitches might be stupid. But not me &#128581;",HOF
RT @3amado_carrillo: Just checked my watch n that bitch said sometimes,HOF
"RT @StLNetworkGuru: Write in Christine LaPorta for #MOSen #Ferguson She represents all

ChappelleNadal refer to whites as crackers &amp; KKK ht&#8230;",HOF
"RT @__E_T___: Brown colored eyes are really blue, under a layer of melanin.",NOT
RT @Kiaranicole_x: @_JoAries @Kash_WingateLFC @chanchan_ox babes we buy brazilian and Peruvian not Bengali,NOT
Bitches be having a nigga but want to be another nigga WCW bitch it don't work like that,HOF
Down to catch a body bitch!,HOF
And my bitch gon' blast and she got the ass like... http://t.co/yzJVcu77nF,HOF
RT @_tonktrippin: if you can't do or say certain shit in front of yo bitch then don't do it,HOF
RT @hoez4sale: Lmao they all trash before &amp; after &#128530;&#128557;,NOT
RT @jeffgallardo9: &#8220;@Sonali1123: Guys with colored eyes &#128525;&#8221; http://t.co/hwiPlPuxpQ,NOT
RT @TrucksHorsesDog: Coincky~dink http://t.co/53bnMFYQZA,NOT
"""If you talk back to me you ain't getting no pussy.""
Me: http://t.co/vgnwcFgvSJ",HOF
I def got a few shades darker cutting my mama grass. There goes my yellow frame lol,NOT
"""@Theo17100: http://t.co/BYj1HOyhmG"" this scally lad would get it",NOT
RT @Buckm00se: kill this beaner,HOF
"You mad cuz I was in the van with yo bitch
With both hands on her tits",HOF
#Ebola Great and I thought the panic from bird flu was bad. I really ain't got time for that.,NOT
I'm getting sleepy and my phone is acting retarded...,NOT
Charlie Jacobs got confused about the ice bucket challenge and instead dumped a bucket of diamonds on his head.,NOT
RT @saucygyro: @_WhitePonyJr_ ugly bitch has blood on her hands for her whore ways,HOF
@ScootieMcB bitches need guidance. Lol,HOF
"""@CHlLDHOODRUINER: when ur teacher tells u that u have homework https://t.co/RKk5vawIj1"" this bitch need to go!!!",HOF
all these hoes so familiar &#128564;&#128564; #JuiceTweet,HOF
U wanted to go in the military but yo bitch ass couldn't handle nobody shooting at u so shut yo mf mouth and #salute those who did,HOF
All my so whitey bois gone ride,NOT
I was informed about a bird (pheonix) today that I could not find a physical image of.All paintings.Mythological or extinct?,NOT
"RT @tf_i_looklike: Bae: If I win you don't get no pussy tonight 

Me: Shiiiiiit... &#128514;&#128514; http://t.co/yUJJDMtDC4",HOF
"RT @TheAsaCrawford: You shoulda learned how to bake, cuz bitches love cake",HOF
"RT @Yankees: VICTORY! #Yankees outlast A's, 10-9 in 14 innings. Eduardo Nunez the hero, and oh yeah, FIRST PLACE still resides in the Bronx.",NOT
Say I'm wrong but I can treat that pussy right,HOF
"""Have you seen my shows? Have you seen my hoes? If I wasn't hot would they be so thick?""",HOF
RT @Dalilaaaaaa__: Flappy birds cheat codes http://t.co/nu6GjYQDJJ,NOT
@dequaan_ @Khid_Zay &#128514;&#128514;fucc the extra shit I'm seeing that hoe THIS WEEKEND,HOF
"@LandRoverUSA Our ""Disco"" we used for disaster recovery was an awesome brownie points to how well built they are. Most extreme conditions!",NOT
but I didnt get a write up thank god lol dumb white bitch,HOF
RT @SheScreams_Mami: These hoes ain't loyal&#128581;&#128175;&#128076;,HOF
Or she just cant afford winter clothes RT @da_1eye_creep Summer hoe = winter Muslimah,NOT
RT @kpips_forever: Nobody want no pussy 25 other niggas done had before,HOF
@Nien_Nunb what did you search? Gay redneck episode 1 play?,HOF
@BlakeAnderson21 @jo_clark6 chicken fried steak it is boys mash potatoes gravy green beans corn an ice cream an brownies for after,NOT
RT @amara_banks: I want some taco truck tacos! Brenda &amp; her mom be having them bitches smacking.,HOF
I named my dick the truth Cuz bitches can't handle it lmao,HOF
"I still hate the bitches at the #dmv #californiadmv, miserable hoes",HOF
RT @foodbibIe: Oreo Cheesecake http://t.co/yW299XjzB2,NOT
Do you know where I grew up Skippy? @mouzone_brother @psherm07 @EchoesErrant @gigg423 @jstines3,NOT
I thought she was albino tho &#128563;,NOT
"""@TEE_JONEZ: @KingCuh @16stanleys I'm not mad cuh hahaha"" suure.. tuku ho ita! &#128514;&#128514;",NOT
"I ordered 8 chocolate chip cookies &amp; this bitch gave me fries smh , I couldn't even take the shit back because I was gon be late for work",HOF
"RT @itsDC_2x: ""Just texted my phone, this bitch just blew my high!""",HOF
Stop being a hoe,HOF
@vhr6190 @NudesForJordy playoffs bitch,HOF
@mabathoana garbage rappers can't learn. it's like teaching Advanced Algebra to a retard.,HOF
@BigD757 too bad hes a faggot,HOF
Photo: anarcho-queer: &#8220;Anarchism stands for a social order based on the free grouping of individuals for... http://t.co/Iy6Gro4t8Z,NOT
"RT @Gawker: Congressman's office admits ""Hell yeah Benihana up in this bitch"" tweet was a mistake. http://t.co/LTzwuJC0Vs",HOF
"Fucked your bitch, just met her &#128527;",HOF
"@politicsofamy Whoa easy Amy, don't slag the Canucks too much with such a generalization",NOT
Bae made me deep fried Oreos &#128523;,HOF
RT @Based_Unicorns: Fat bitch act like she couldn't follow back. I've always wanted a fat bitch to follow me.,HOF
"@iLikeGirlsDaily ""rate my hoe"" @MakeItKNasty",HOF
"McCann, although not having the greatest of seasons, would be a step up from Russel Martin. McCann or Carlos Ruiz #MLB #Yankees",NOT
"@grinand BTW, Happy Birthday, Charlie! Get better soon!",NOT
RT @young_thrill3r: These hoes ain't loyal,HOF
"@intrepidokie nice lie #teabagger. Just because you want to see it doesn't make it real. Like Reagan was a conservative, another huge lie",NOT
RT @CHlLDHOODRUINER: iphone 6 is trash watch me glo up http://t.co/XYwPaslCoB,NOT
RT @flemingryan5: @SavannaaSanford hoe,HOF
Smuggled letter by Gaza tunnel digger details suffering under Hamas rule http://t.co/jusiee1yhK via @TheMuslimIssue,NOT
"RT @MonroeDOLL_: Who got time to be ""having dem hoes""!? That's aint wassup no more",HOF
RT @Mmadifresh: Still wishin all of my old hoes the best,HOF
This one for dem hipster bitches that shop at value village,HOF
RT @rarebreedkena: shoutout to @OGMaco bitch you guessed it remix shit is &#128293;&#128293;&#128293;,HOF
@nick_scott25 sounds about right to many dumb bitches work there welcome to my life,HOF
RT @Cspen335: Right you are! Have you heard of the 'dodo' bird? He's the one with Obama on his ass! http://t.co/0qHypwxzYh,HOF
Done for the Yankees,NOT
"To be clear, I don't think there's any chance Krug leaves for Russia. But it's fun to mock the speculation.",NOT
"i got some retarded ass friends, but i love em tho they make my life nicer.",HOF
hoes thinkin 2014 turns them into born again virgins.,HOF
"RT ""@DestineyDunbar: This shit for the birds . &#128530;&#8221;",HOF
"RT @MayaAngelouFRO: Ready to slay these bitches and im not even half way thew my soak
http://t.co/uKCdyM7kbx",HOF
"Thanks Charlie, have a great evening @Charlie4927 @StacyDmomof5 @RevkahJC @cantUCIMblonde @Kacado @PattiSM74",NOT
Happy birthday bird! @codyflitcraft,NOT
@tiffantasticc your dad is genuine happy guy because his kids aren't niggers though &#128532; jimmy is my nigga 5eva,HOF
Can I have a bad bitch without no flawwssss,HOF
Early morning beer as a reward for waking up and taking the trash out,NOT
@Sarakateee @FaZe_Rain I wouldn't be proud that faze is in your family. He's horrible for one and two he's ugly trailer trash... #fazeisgay,HOF
@basedgvbe trash,NOT
Game 128 Preview: Houston #Astros at New York #Yankees http://t.co/ughVRRdirz,NOT
"@Misplaced_Momma 
She be what we say in da hood white trash",HOF
RT @FunnyPicsDepot: White trash warfare pt 3 https://t.co/zboIyjnfl9 &#128514;&#128514;&#128514;,HOF
"Montana, Wisconsin, Maine, New Hampshire, North AND South Dakota, Wyoming. All places you can move an ex-hoe to and be happy.",HOF
"why tf is this bitch in my class wearing all brewers shit it's football season,,,,",HOF
RT @jay_gee24: Damn it wigga &#128514;&#128514;&#128514;&#128514;,HOF
These bitches is crazy,HOF
@Dre_Day200 nig nog,HOF
"@maccabeez no one knows the words to that song, they only know the sexy saxophone. George Michael is a pussy.",HOF
@SchoolBoyG_ why you gotta phone in your avi texting but you got negative bitches?,HOF
RT @rasheed_wavy: @vivalakristia he bein a bitch,HOF
"""@BabyAnimalPics: baby monkey bathtime http://t.co/7KPWAdLF0R""
Awwwwe! This is soooo ADORABLE!",NOT
"@haylgroot ......bitch &#128530; yeah it was me.. Caught me red handed, sorry @jennholly",HOF
"RT @SportsCenter: BREAKING: Japanese ace Masahiro Tanaka will sign with the Yankees for seven years, $155 million. (via Fox Sports)",NOT
"RT @chanelpuke: me: goodnight moon 

moon: goodnight lil bitch",HOF
Brown is a color so my eyes are colored,NOT
RT @IcySoleOnline: Should of been a cork sole RT @Johnny_Blaz3: why is there no cork on the WTL XI?,NOT
I couldn't press send. That tweet about anchor babies was even too raw for me.,NOT
RT @LiberalPhenom: Who on GZ's defense team is paying media to trash the prosecution constantly? @ThomasARoberts,NOT
@Worth_BILLions @MystroApollo &#128514;bitch you always hatin lmao,HOF
"fuck ray rice ,someone crack that bitch",HOF
@grrizzIy @YUNGxSMBA the only place for a ho in the garden,HOF
"Awe did I cut you off and make you mad? That's too dam bad, shoulda been going the fucking speed limit bitch",HOF
You're all just crows on the power lines.,NOT
You pussy if you lie for pussy &#128175;&#128175;,HOF
Fuck around &amp; take them hoes back,HOF
"Bust a nicca head,smack a ho,shoot the club up! &#128514; &#128266;&#128266;&#128131;&#128131;&#128131;",HOF
Jihadis seem to be more upset over the location of the Jedah conference in #Saudi than its purpose #ISIS,NOT
RT @Now_Thats_Fresh: Every Seth McFarlene cartoon is trash yall love low iq comedy,NOT
I'm about to post my Charlie Clips vs Yung ill rap battle review in a few,NOT
"Daniel, there's no cow tipping and hoe downs in Jackson... This city living lol",NOT
if i were to die and be resurrected as an animal id be a howler monkey,NOT
"""@fIirting: HE'S DOING IT RIGHT &#128525;&#128120;&#128158; http://t.co/JZKkiVUVjC"" no bitches smh",HOF
Which expendable player can we put in with the sole objective of breaking Beverley's jaw?,NOT
Wish i had a bad bitch tonight where they at?,HOF
"""@riananewman: @22EdHam brownies tonight"" what kind?!?!",NOT
&#8220;@Xenoss_: ''single af'' we don't care you're ugly anyways&#8221; @ me pussy,HOF
@TheSeanyV would help for some others can't handle uppers and cripples them plus if moderation isn't taken into consideration it'll be bad,NOT
@gezus__ @Buckm00se lol this faggot hid from the moon boss we i was helping him,HOF
"RT @DogeTheDog: Wow
 Such banana
 So potassium 
 Much yellow http://t.co/xINHDwyTqS",NOT
"&#8220;@CharlieDayQuote: Viet-goddamn-nam, that's what happened! Go get me a beer, bitch!&#8221; @John_Colman",HOF
"i seen a nigga dressed to impress, hop out da bus n a bitch wit a phatty, get off at his stop too. Say somethin...GOD THROWIN U DA LOB",HOF
"4&#8419;2&#8419;0&#8419;

moke up",NOT
Some Douche cubs redneck cubs fan freaked out asking if bites..... No you bloody BERK!!! He's like the&#8230; http://t.co/ulc6CMVtki,NOT
"Good morning, you hoe ass niggas. *Pimp C voice*",HOF
"@DaRealAlexInLA @Woody_AFC @Rodriguez5_ the nig is fun to watch got to admit, ebola boy can speak broken Spanish too lol",HOF
I hate texting boring bitches,HOF
Creeping Death still stuck in my head bitch,HOF
RT @PresidentRJRock: Fuck you bitch I'm actin brand new &#128526;,HOF
@RobDa64 thanks!!! Now go clean that trash can ya lil nasty! Lol,NOT
"Study by Center for Biological Diversity called (taxpayer funded) Ivanpah a &#8220;mega-trap&#8221;-will kill 28,000 birds year. http://t.co/xPXEhne29E",NOT
""" hoe what its hitting for """,HOF
@Woody_AFC @MrGAM3R49 @MANIAC3X fuck outta here faggot that wouldn't even be a fair,HOF
RT @ClicquotSuave: drop that pussy bitchhhhhhh,HOF
RT @fabulousanimals: A monkey with a mustache by Thomas Kienzle http://t.co/J5PA2BoU23,NOT
@keno_ Isn't there a law that all clam chowder must be served im bread bowls? Haha,NOT
"If the crust ain&#8217;t graham cracker, keep that pie",NOT
LMFAOOOOO BYE &#8220;@DatGuyBren: American sports trash. Soccer and Hockey the best sports.&#8221;,NOT
"@feverspell @NYRKelsMads I'll do it! @1dgroupiegossip In the UK, ""Fag"" means cigarette and a ""faggot"" is a bundle of sticks, you homo.",HOF
We don't play &#127936; bitch there's no take backs,HOF
RT @LHT_519: when ya side hoe playing too much &amp; all you want is head /// https://t.co/7eALhuTA02,HOF
Ayo I jus had a mini heart attack behind the wheel..north Philly n fire crackers don't mix&#128553;&#128553;&#128514;&#128514; I&#8230; http://t.co/o5v2E4LFtm,NOT
RT @BryanHoch: Just 113 days until Yankees pitchers and catchers report.,NOT
I swear to god some hoes look like they take the same exact picture everytime. Change it up for once godamn. #ratchet,HOF
RT @downswinging: brendon urie must make other boys feel like trash,NOT
Oriental rugs cause I'm flyer than a dove.,NOT
Diabetes galore &#128514;&#128514;&#128514;&#128514;&#128514; RT @TIME: Colorado health officials recommend pot brownie ban http://t.co/Z59oy20TMp,NOT
Weird ass bitches,HOF
"@salomanizor I'm a faggot :/

http://t.co/Gr627ldfaa",HOF
"French word for potato translates as ""earth apple."" Banana is ""long yellow tree apple."" Submarines are ""big wet hollow kaboom apple.""",NOT
Oreo milkshakes will forever remind me of @jay_ibarra95,NOT
"Dear God, forgive us for a moral slope of values. Shacking is just a pretty word for perpetual fornication. Let's... http://t.co/h0URrTNDfZ",NOT
@The_Gambit Ha. He ain't welcome in Washington State or Nashville. Serpas is straight trash.,NOT
Morning trash http://t.co/xba6WWVO7m,NOT
@zlarge20 bro once I'm there next year I'll make you look like straight trash so enjoy it the little time you have left,HOF
@ChrisTrondsen @IM5band #askim5 would you rather drink squirrel pee or Johnny Depp's wig in Charlie and the Chocolate Factory?,NOT
Ain't been on this hoe all day haha #FWM,HOF
RT @JAYREIDOFFICIAL: Jus know ...S/O to my nicca @im_yung_jay #BKent #MME1636 http://t.co/3XInzjnm2u,HOF
Up early then a bitch driving to denton omg can I move already,NOT
"#TweetLikeYourBestfriend ""I made out with 3 bitches!"" @lilkrebs",HOF
Met a woman who was trying to feed a crow a Brazil nut,NOT
I need a bitch,HOF
Jihadis taunting America &amp; spreading paranoia: tents that appeared in a video of a Daesh training camp near Mosul. http://t.co/GH3EbBfB3t,NOT
@negrorayrice @FuckTheMallcops I'll continue dis later. I'll be back bitch.,HOF
"trash night tonight. I can already hear the sound of America's thriving economic sector out on the street, four wheels, one of them wobbles.",NOT
RT @DopeChubbyChick: You was so eager to be a hoe you didn't even read RT @JennnVeee: &#8220;@DJZeeti: twitpic a selfie wearing a leotard&#8221; http:/&#8230;,HOF
@xDSmooth hell naw bitch no help!,HOF
@corrinybug YASSS bitch YASSS! I wonder if penny passed &#128514;,HOF
NEVERMIND I FOUND THEM. ...in the trash...,NOT
@Willbur64 @WolzgotBolz fight me bitch.,HOF
"RT @_pascuzzo: ""@Salon: Meanwhile in Texas: 19-year-old man facing 5 years to life in prison for $25 worth of pot brownies http://t.co/438F&#8230;",NOT
RT @gojackets973: @WesDurham its the start of another yellow jacket season tonight!!! How about a RT for ALL the Jacket Fans!!! #GTVT1 ...,NOT
@caraabastow That's a cute and fuzzy one...hehehe ;),NOT
A-Rod said the number #13 he wears on his uniform is for opposing teams to fear him but the fact is A-Rod is a damn cancer to the #Yankees,NOT
"hollywood, if you really want to break my heart make a movie about a handsome retarded man who is good at flash and has a mean girlfriend.",HOF
"RT @shakiraevanss: Criticize Amanda for saying the n word, sure, but don't make jokes about her sexual assault, don't be trash.",NOT
RT @FunnyPicsDepot: rt if u remember when steve from 'blue clues' left us with that other bitch ass nigga joe http://t.co/AMJyeK77QA,HOF
I don&#8217;t talk trash regarding sports.,NOT
Dumpster RT @baskgod: Gahbage RT @_sirhampton_: Chicks that smoke are trash. No in between. No debate.,NOT
@heyrmbr probs that fag Vhia,HOF
RT @TeamGladney: Did the Yankees make the playoffs and properly honor Jeter? RT @80sbaby4life: Orioles win?,NOT
Rudy Throws Fastballs Near Charlie&#8217;s Chin..(No Sweat) Crist Ducking Giuliani Campaign Politics In Florida! DoG http://t.co/EJpdwlS5qj&#8217;s-chin,NOT
"@PenguinGraham Yup, he did, like a straight bitch",HOF
@DamoneTheDon bitch I got some bloods dat hang in la,HOF
RT @alex05241: Hannah is retarded don't listen to her.,HOF
@22duces20 haha still a little bitch though &#128517;,HOF
directions: let bird chill in sink for 30 minutesme: ok http://t.co/TxU9NMwQha,NOT
"""@rugbysocklad: Hell yeah bro! http://t.co/9yIb45UD6c"" fuck yeah sexy scally lad in hot gear",HOF
This no beef thing is for the birds!!!,NOT
"When people really think I'm Asian I get offended,
Even though I make fun of my gook self",NOT
And my mom was really getting me a car smh hoe f u for dat,HOF
"@SophieRo3 if only there was a medal for that: ""we hate fags, but we won't kill them"" medal. Thank u for the privilege to let fags live.",HOF
"@HobsonDarlene #BlessJesus Amos 3:3 Can two walk together, unless they are agreed? #DifferentLevels",NOT
"Hey. @BarackObama. Don't be like a stupid white bitch in some horror movie asks #America to hide from #ISIS behind some chainsaws. M,kay?",HOF
@YamanakaValerio bitch it's not til Thursday,HOF
Otters would make cool pets if they weren't such cunts.,HOF
RT @ImHis_Treasure: For the last few weeks my name been cripple &#128555;&#9855;&#65039;,NOT
U coons watching love and hip hop ain't you,HOF
@justinbieber have fun getting deported you fucking faggot,HOF
@Bitcheslovestar The only one of Mary's friends I like so you other bitches don't exist &#128514;&#128514;&#128564;&#128564;&#128564;&#128564;&#128164;&#9995;&#9996;&#65039;,HOF
"RT @SportsNation: So, Yanks have signed Brian McCann &amp; Jacoby Ellsbury. Rumor has it, they still want Robinson Cano, Babe Ruth, Miguel Cabr&#8230;",NOT
I don't know what you been told but I love them project hoes,NOT
Want to touch tha boootyyyyy....neeeeed to touch the heinie &#127825;,NOT
This reminds me of another quality video lol. He ain't fittin to front for these peckerwoods! http://t.co/AYpwHr0J62,NOT
Arguing over a bitch with a glued on butt,HOF
they're not playing Charlie Strong's soft don't run up the score mentality. They're playing this guy. http://t.co/sqEdBgU34k,NOT
Not a word on Jihadi stream about the Kurdish female suicide bomber in Kobane. That story undermines their mythology on several levels.,NOT
The English killed all the leprechauns. Thank God. Annoying little bastards.,HOF
"RT @MELODICthunder: Nah, 2013 was trash RT @IshaboiBrandon: 2014 was so trash dawg",NOT
A teen was running around Target in monkey pjs screaming OO OO AH AH &amp; the fitting room girls were cackling. Was today designed to annoy me?,NOT
RT @NorrisDaGod: I have no hoes &#128581;,HOF
"give her dope dick now she a fuckin addict hoe, u a fool if u thought a nigga neva had it yo",HOF
12 oz arizona's trash,NOT
Foles vs 9ers in San Fran or Eli vs redskins in DC,NOT
OMG This bitch on the Tico wont STFU ALREADy!!!!,HOF
"@kvngkendric_ fight . Expose hoes , do some super gay shit , anything negative , since that's how society works.",HOF
RT @robdelaney: Girl I wanna rip my dick off and throw it at your pussy.,HOF
"This fat bitch got all huffy cause she took too long to make her turn, so I took it, so she mouthed off to me&#128514;&#128075;&#128075; #girlbye&#128129;",HOF
"""Caesar is home"" RT @Naewoodster: &#8220;@MjaySkillz: https://t.co/mw5KAojKXB""theres so much this bitch looks like. Lets start with ape shit&#8221;&#128557;&#128557;""",HOF
"""U got my 200K bitch nigga""--Al Haymon to Antonio Tarver",HOF
"School
Schoo
Scho
Sch
Sc
S
St
Sta
Stay
Stay h
Stay ho
Stay hom
Stay home",NOT
It's my main bitches 21st ayyyeeee @nikkiconner13 happy birthday babbbyyy!!,HOF
&#8220;@Queendev_: My leave out is trash &#128552;&#8221;&#128557;&#128557;&#128557; u sick,NOT
RT @hilaryde92: Always a fat bitch in the handicap spot but never a dude in a wheelchair.,HOF
"These rednecks around here won't like that shit...put that wall up, they say",HOF
@sotoo_dean Some random ass bitch who showed up and just left an hour later,HOF
I hate when females try to sound like bird heads,NOT
RT @NoHoesNextDoor: If you claim Macklemore is your favorite rapper I'm also assuming you watch the WNBA on your free time faggot,HOF
"@Stonisnipezz all he ever does is fav, fuckin cunt",HOF
Amazing. You know what they say about birds of a feather http://t.co/mefmPB3aW5,NOT
Throwing fire crackers at cars? That shit is funny as fuck ! &#128514;&#128514;&#128514;,HOF
"Barry's (whitey) brownshirts run wild in Oakland. Following the lead of N.W.A., punks chant F the police. http://t.co/9nBUrmTJ",NOT
&#8220;@bwanaaa_16: I like down bitches&#8221;,HOF
"@NYRKelsMads 
I be wishin you was local. I takes you to da Yankee game and spoil you",NOT
She sounded like a bird crowing,NOT
RT @EarthPix: Up with the birds to fish on the Li River http://t.co/XnrAlT1PHM,NOT
@Willstreakk @Tycff10111 according to you my place is in kitchen. Excuse me while I take out the trash,NOT
They use to call my mom Japs when she was younger. Lol Asian racial slurs.,NOT
I already know Wilson gone hoe later on let me gone get my ammo,HOF
"@Chrisworldpeace So I guess that makes us blacks double niggers, huh?",HOF
Yoga has been around for ages and these bitches just now figuring it out,HOF
When see u an oldhead rocking a Bruce Lee top with a durag on in the park randomly giving a group of street niggas a ghetto karate class,HOF
This office is used to pound some&#160;pussy http://t.co/x8jlLf0fA9,HOF
Some thots will just never learn &#128533; gooooo awaaaaay hoe,HOF
Monkey see monkey doo,NOT
@danifreshh some weird local ghetto school haha,NOT
"@Druggzz_ Its gonna bring it down though unless its turning into a welt already, like a bubble wit pussy. Gotta pop it an it'll be gone",HOF
@ramaxe1965 dubya hates todays teabagger movement.,NOT
@Huntermoore bout to be in ike a couple hours,NOT
"""no pussy, or not tryna go to the studio, don't CALL my mufuckin crib like that, god. Yo. Word up god I will BUSS YO SHIT, god, word up""",HOF
Can't worry bout a bitch that ain't worried bout me,HOF
RT @iAmBitchassness: I'm not telling you to like Al Green or Otis Redding! Stop missing the point. Just don't call them trash &amp; tell me you&#8230;,NOT
"Any dope nigga or pretty chick is gon have people wantin their attention.. Y'all gotta grow up with that ""you got hoes"" shit..",HOF
#Natitude? Okay. I'm only going to say it once. COMB yer BEARDS. #lol #wiggers,NOT
"RT @Jordiiin_: &#128514;if you can fuck my bitch , then she ain't ""My Bitch""&#128080;",HOF
&#128075; hi-ho http://t.co/FiC4FnRutZ,NOT
"@LobstrThinkTank Yeah! Me too. My people, the women, laff at the set apart men... they love the real niggas or niggers.",HOF
"@JasonMoriarty13 I remember his nephew Lucas crying and dan saying ""quit being such a pussy and grow a pair"" or something. &#128514;&#128557; dans so funny.",HOF
RT @PRETTYGIRLNEICE: Yes Mimi bitch yo dumb ass got played,HOF
"@mimi_sanabria I really did, right off my bed. Where you put all these dam yellow starburst!!!! *throws them out the window* &#128553;",NOT
I look like a dusty bird today..,NOT
"""I can't handle no liquor... But these bitches can't handle meeedd"" - Chief Sosa",HOF
"&#8220;@Taggs0967: @NigelDixon1 @CALiboy4 Nigel, you don't think he knows what he did was dumb? How smart are you?&#8221; Shut your bitch ass up",HOF
#iubb #1 suiting up again tonight! #Indiana #IU #ncaa #hoosierdaddy #HoosierNation #hoosiers,NOT
Let this white boy be ghetto&#127773;,NOT
#AskDems Aren't you embarrassed that Charlie Rangel remains in your caucus?,NOT
Boy a bitch STILL ain't got the proper amount of sleep &#128514;&#128557;&#9995;&#128553;,HOF
"Cruisin round the street in my 64', jockin the bitches, slappin the hoes",HOF
make ur bitch want some more &#127908;&#127911;,HOF
Your name follows the word cunt in the dictionary sooo what's that tell you?,HOF
"RT @AzlanTheGoat: ""These hoe ain't loyal""

- a nigga who cheated on his girl 7 times and just broke up with him.",HOF
@Horsepower_Will naw nigga I got yo bitch tip toeing on my wooden floor !,HOF
"RT @JohnnieGoings: Money, clothes, hoes, and cars. #Merica",HOF
&#8220;@cierravillela yeah it's really far and it's alright if you like living by a whole lot of hicks haha,HOF
@NjzFinest_ your such a bitch lol&#128564;&#128564;&#128564;,HOF
RT @TheLittleFella_: S/O to @thereal_EMandM for his shitty fuzzy hat. Made sure he wasn't getting laid lmfao,HOF
@sandcowboy31 hey it's hillbilly jim and Greg the hammer valentine #pffttt,NOT
"&#8220;@TWOLVEGIRL: I find myself wanting to google ""the yellow king"" #TrueDetective&#8221; No kidding! What is going on?",NOT
"RT @ParkerHouk1: If I could be anywhere on earth right now, you know it would be Yankees Stadium",NOT
RT @_MykalaJ: @whitakerc54 blame it on the yellow chucks lmfao,NOT
RT @ColeyMonique: All the niggas in the world why tf Do bitches mess with their friends nigga?,HOF
"RT @Daily_Dip: ""And I ain't trippin' on nothin', I'm dippin' on somethin', and my homeboy say he got a bad bitch for me tonight"" #LilWay ...",HOF
Flipping back and forth between #Yankees playoff baseball and the Trainwreck Formerly Known as the New York Jets,NOT
She make me wanna take things slow but I can't even trust a hoe,HOF
@Iemonaids @drugulaa some of them bitches give you more than a virus,HOF
RT @CyFyre: @WesOrrJames love you too my nig #squad,NOT
RT @Guinness_RAS: @chelsea_elisa tell him that you chose (A) not to trash the environment while trying to save it like a hypocritical douc&#8230;,NOT
Hunnit hoes in the house &amp; they all fckn Watch dog ass KB ball again. Ion see a bih cause they broke as hell 2 places ain goin Broke or jail,HOF
&#8220;@AntiGlib: RT @nateyfu123: #Yankees Michael Pineda in his next start.. http://t.co/Zb1zWN0jet&#8221; @954Nole,NOT
RT @I_Be_kOoLz Food be good...except that rice they cook that bitch on Monday for the week + Tootsies?,NOT
@HaseenaBakhtali @steen020 @madraq Altyd zo geweest hoe vaak men ook zegt:dit nooit meer!LozeWoorden.PuntjeBijPaaltje vertonen z dierngedrag,NOT
@KristynEdwards why were there penguins and a bird in the puppy bowl???,NOT
"RT @Stoney_Blu: For example. I can't even say ""what's cooler than bein cool? ICE COLD!"" Without somebody relating it to A Phi A. No bitch t&#8230;",HOF
RT @trianglesoul: I wanna eat weed brownies but then I ask my self if I really wanna spend countless hours watching a documentary on sea tu&#8230;,NOT
"on the first day of school, my backpack had no paper and no books. all it had were 4 granola bars, a brownie, and a bag of cookies.",NOT
Hate that bitch RT @NYSAnimal Ray Donovan's wife is pissing me off,HOF
Enjoying the eccentricity of @RayEvernham's AmeriCarna. Charlie Daniels appearances in two of the three episodes I have watched.,NOT
"@almuirSI Probably, yeah. By most accounts, he has the personality to handle it though. And he can wear a yellow suit if he puts up points.",NOT
I just wanna cuddle with my boyfriend under a fuzzy blanket &amp; drink hot tea and have my hair played with so I can go to bed.,NOT
"#Yankees take all three games in MoTown, I'm callin' it!!! #MLB",NOT
RT @NotWorldStar: When you drop all your hoes for one person and y'all don't end up together http://t.co/lLViTXweMX,HOF
@usweekly that old cunt needs to sit down,HOF
RT @WORIDSTARHlPHOP: When you and your boys discover a hoe http://t.co/pupaplqNhk,HOF
#ToMyFutureSon You can fuck dem hoes but you better not love dem hoes.,HOF
"RT @TyWahlbrink: @victoriakuhlman One day more until turkey, it will nip me in the belly, we'll be ready for the stuffing, we will wet ours&#8230;",NOT
If I called you a bitCh then you'd prolly hate me .. If I called you a bad bitch then you'll prolly thank me!,HOF
@KenSuttling Certainlt not the paddies,NOT
Man im glad im around to see the redskins go to the playoffs considering it only happens once in a lifetime #RedskinsBlow,NOT
RT @KelsieBelsi: @Vntxnius lmao it will have a slope of -2x+1,NOT
"I aint no killa but dont push me, revenge is the sweetest joy next to gettin pussy",HOF
"#porn,#android,#iphone,#ipad,#sex,#xxx, | #CloseUp | Squirting pussy and fingered asshole http://t.co/bKYeoUwWv2",HOF
"RT @ThomasKeneally: Obersturmfuhrer Matthias, my wife is a superb financial brian. Carry on with your labelling in her presence, and see ho&#8230;",NOT
"One night stand y'all hoes, y'all ain't nothing more!",HOF
"RT @CounterMoonbat: Btw, Hillary is a huge supporter of the law they now admit to lying to all you stupid rubes about. She needs to be aske&#8230;",HOF
"I hate being profiled. I'm not ""country"", I'm not a ""hick"". I'm Eric Dean Vestal, and I'm doing what makes me happy, not anything else.&#128076;&#128075;",NOT
this bitch think he care about her talents,HOF
Sometimes you don't wanna fuck the bitch but her head so good you end up fucking,HOF
"RT @donthypeme: &#8220;@VSamone: &#8220;@donthypeme: any favorites off yellow album ?&#8221;all of it&#8221;

#theperfectanswer &#127942;",NOT
Bigots demand recount in #Idaho #gay rights ordinance referendum http://t.co/TorYEXxMwi #tcot #teaparty #teabaggers #lgbt,NOT
Light skin girls is the biggest hoes?,HOF
RT @LilReese300: Ion feel dese nihhas or bitches...#300,HOF
@ApevonTarskin WHAT? Smdh another bitch,HOF
Enjoy 50% off @GreenFestival #DC tickets with our code and check us out at booth #640! Vegan brownies samples &amp; more! http://t.co/scDZnDk2Aq,NOT
@RFradsham fuck you bitch #shrimp #shorty #midget #dwarf #infant #jk,HOF
After you get good pussy you be feelin like you just found the last dragon ball..,HOF
RT @Drfreezeburnn: Just spent a good twenty mins trying to teach my bird the skyrim theme song. Then I realized that he was a bird.,NOT
OH NO @morningmika are you saying the Democrats lost the #teabagger vote? LMAO bobble head #morningjoe,NOT
making the shittiest pigs in a blanket but they're gonna be good. i'm not tryna impress Gordon Ramsey's bitch ass i'm trying to make poop.,HOF
My phone on 10% fml I still gotta get to the yellow sign lol #motivation lol btw I zoomed in 2x lol http://t.co/LayVBieIML,NOT
"""@ArizonasFinest6: Why the eggplant emoji doe?""y he say she looked like scream lmao",NOT
"@TheREALJB1RD They best not fuss about this basement, bitch is like a skating rink. http://t.co/8Fk8LGxAND",HOF
Niggas a buy a 700$ outfit to impress a 10$ bitch,HOF
@foreverschmoked vertical nip bars..I already have horizontal ones so I think it'll look hella cute,NOT
@buffprobzzz the dude took off running like a bitch!,HOF
"All you bitches know youre trying to find yourself on the website, who are you kidding lol",HOF
@RichardEngel ugh..and lemme guess they have yellow cake too? Heard this story before..,NOT
@ACMobbDeep @madsbennett yeah I run over squirrels and coons,NOT
"RT @Priceless_KP: It ain nun to cut dat bitch awf 

- Verizon",HOF
RT @mikeimbriano: @briiixo Donnas taxes are gonna go up.#moulinyan#lol.,NOT
"Parodies of Jihadi songs - more effective than asinine ""Muslims should condemn"" http://t.co/M6cNV3YsmV #HumorIsAWeapon",NOT
There is this yellow thing in the sky. I don't know what to make of it.,NOT
"Call when you grow up. If you live that long. Sorry for parents with such poor skills they got you .@Fuck_slums: @veritaz old bitch""",HOF
These hoes getting outta hand #mane,HOF
So am I the only cracker up playing his guitar (thank you @Tampa_Rick ) on this Saturday night?,NOT
RT @2AFight: Muslim Jihadi? Keep Calm and.... http://t.co/iW6HT090s8 #PJNET #tcot #tgdn #ccot #RedNationRising #teaparty #2A #NRA http://t.&#8230;,NOT
Lmaoooo RT @Hand2DaHairline: His sister probably got the pussy that night RT @No_Cut_Card: #NeverForget http://t.co/HkXEbFWDYz&#8221;,HOF
Fuck nigguh Trynna talk it out. Wtf we Finna talk about?,HOF
"@moneydriven @2ManyLouboutins glad about your uncle, another stupid faggot off the world, hopefully you next.",HOF
RT @1Armaun: Hoes get a boyfriend and swear they not a hoe anymore. Bitch Having a boyfriend doesn't erase what happened before him you ...,HOF
"RT @TwitchyTeam: 'Worst tweet ever'? PR 'pro' manages to sound racist, mock AIDS in a single tweet http://t.co/0nTcWbrMMk",NOT
RT @Latrobemark: @wheeler_kashhh your a early bird,NOT
"10 RT @ParadoxicalMike 1.5 RT @iDavey On average, 2. But I can be an 8 when need be. ""@SinsOfMyFather_ On a scale of 1-10 how ghetto are u?""",NOT
Just stopped by the line up room @BeaLack still look like a doo wop singer.,NOT
@FightNightX @NMF4Life khan has been facing nothing but trash since his L to Garcia,NOT
All these touch screen phones and hoe u still got flipped http://t.co/G3MUxm2ldx,HOF
"But if you knew , bitch you'll do better &#128074;",HOF
"Met this bitch online. Call her my ""e-bae""",HOF
Bitzy probably popped a Percocet before she had these drinks with Mellie. She seems like that kind of of trill ol' bitch. #ScandalABC,HOF
wish I had a brownie or a dab to knock me out rn,NOT
RT @Goldie_Brim: Smack a bitch no filter,HOF
RT @SheMoansNookie: Can't even tell a bitch hey without thinking you tryna get at them. Lmao. Y'all sumn else. Get real,HOF
He said capri-sun and zebra cake&#128514;,NOT
Got myself a new job bitches! &#128074;,HOF
@beth4158 no steak here either. No hurry on brownies. Just that picture u posted made me all but drool on my phone. :),NOT
Thanks Charlie @Charlie4927 @StacyDmomof5 @RevkahJC @PattiSM74 @cantUCIMblonde @Kacado,NOT
"""Brownies for my brownie"" I love this movie. &#128517;",NOT
RT @CauseWereGuys: How to get unlimited pussy in high school http://t.co/0yaDezrREr,HOF
RT @SportsCenter: Derek Jeter's final game at Yankee Stadium will be 1st he's ever played there with Yankees eliminated from playoffs. http&#8230;,NOT
These hoes soo &#127805;&#127936;,HOF
"RT @HlGHKEY: ""I have sex with a lot of guys but I'm not a hoe""......and I can sell Crack to people and not be a drug dealer FOH HOE",HOF
RT @JosephTheFlyGuy: This bitch got a real life hippo as a pet http://t.co/wU6jItcE0U,HOF
the gullible ones do. RT @reaganchanel: So people go to college with intentions of being a hoe? K.,HOF
@Pepper_Redbone @Yankees @Mets Exactly by folks who can't favor to get into that lovely old stadium.,NOT
"RT @YankeesWFAN: One scout said Prado is ""first team most underrated."" Gives the Yankees a 2b through 2016, could slide to 3b if needed too.",NOT
RT @CraziestSex: she killed that bitch &#128555;&#128514; http://t.co/uVS9E1gxPF,HOF
&#128514;&#128514; maaaaannnn i hope so! RT @ABrown252: @VonshayeB did we get rid of John Legend looking Charlie Batch?,NOT
#Yankees wasted Nu&#241;ez's season #rays #mlb,NOT
@JStarrTweets my pops is from New York. My family is Yankee obsessed. My sister literally cried when she heard he was gonna,NOT
Or get they nails done RT @Che_TheYello1: Same hoes brag about niggas they fw got money but can't even get him to fill their tank up,HOF
"RT @BitchNiggaAlexx: Girls be 6'0 talking about ""catching feelings"" bitch you need to catch this TD pass I'm about to throw you smh",HOF
RT @creepingsharia: Syrian Brought to US for &#8220;Democracy Training&#8221; Endorses&#160;Jihadis http://t.co/lfhCto8777,NOT
Jihadis Turn Washington National Cathedral Into Mosque For Friday Prayers http://t.co/4AHp4t86bP #lnyhbt #ccot #teaparty #gop #tgdn,NOT
But rich is a light skin coon. So it's expected.,NOT
RT @_____AL: Woww. Now niggas can't hit u bitches line and ask what u doin nomo.,HOF
RT @Say_Lil_Zack: Why y'all's ain't do nun when the fat bitch jumped on me! Yall a trip&#8252;&#65039;,HOF
Jihadis betting on public protests in Britain to force UK gov out of the anti-ISIS coalition http://t.co/5gJSmrfzWJ,NOT
"RT @DevinEleven_: hey slim, thats my girlfriend screaming in the trunk. But i didn't slit her throat, i just tied her up ! See i ain't like&#8230;",HOF
RT @Chello_Sosa: These niggas in gangs jus be tryna fit in or jus be tryna get somebody to ride fa em or wit most of u niggas bitches,HOF
killers don't pillow talk.. wit dey bitches,HOF
Fitzpatrick is trash bruh,NOT
RT @Chill__Nigga: I can't be in my twenties stressing over a bitch who playin games. I'm straight lol,HOF
"@GossipCop the coon, n coon wanna b got what they should have, except should have been more time in jail",HOF
Some girls think being a bitch and having an attitude is attractive. Who tf made you think that??,HOF
School sucks more dick than the hoes who attend it.,HOF
"@McLaffyTaffy ""The Yankees of football"" was the funniest part of your latest video. Sincerely, all of Pittsburgh.",NOT
&#8220;@BobbyBudnic Oxtails and yellow rice is blasphemy&#8221; boneless,NOT
@protegykid I would reply with the red emoji but I'm not a nigger,HOF
Looks like a tool but is useful as a clay hammer #fag @hOPPondis http://t.co/K7wqlAWRwM,NOT
trash af,NOT
How about a Charles in Charge movie with Shia LeBouf as Charlie and Ryan Gosling as Buddy. #WhyNot.,NOT
RT @Jakelewis44_: We don't luv deez hoes&#128527; http://t.co/oFjlxAO5SF,NOT
"@thelovemaster ""I'm gonna nip you right in the bud!""",NOT
"Don't really care if a fighters black, white, yellow or Dalmatian. If he is good he is good.",NOT
Who shot John lookin ass hoe,HOF
"@J__F__H Happy Another Group of 365 Days, you weird ass son of a bitch. That's why we all love you, though. Hoping there are riots in H-town",HOF
"""LOL, cripple!"" - Wendy Davis. RT @MailOnline: Scientists create remote-controlled chick to study shy penguins http://t.co/mT3B09Slod",NOT
@_BDOE bro u trash at that zombies,NOT
yes good shapely eurotrash manbooty,HOF
"#DegenerateArtist Sniffs whiffy balls involuntary, cuz a FAIRY walks DOWNTOWN HAIRY, #climatechange all our scary sense of hillbilly sneeze&gt;",NOT
Ain't that a bitch.,HOF
"Shy glizzy sound dumb as shit, you know nothing bout medellin",HOF
Runnin' so much game I fuck around &amp; lap a bitch..,HOF
Because of the message that sends to LGBTQ residents in the state. Not as if West Virginia is a paradise for queer people. Today is major.,HOF
Minus all the retarded poor bots.,HOF
RT @Ra_Shia: Quotable RT @ChrissiBaxter: If my man ain't appreciating me this pussy DEFINITELY IS gonna end up in another nigga mouth. You &#8230;,HOF
Shylock &amp; Wongs: 3 Incidents of Democrat Bigotry In 3 Weeks - Media Mum http://t.co/rX8ynPg1Yd via @BreitbartNews,NOT
"RT @Slanguage: Stop flattering yourself, bitch. The only fan you have is on your ceiling.",HOF
"WIB plays next Fri (5-16-14)at the Silverdome Ballroom(21+) in Neillsville,WI with Charlie Parr &amp; Hobo Nephews of Uncle Frank! Tickets 15$",NOT
#FireCashman Why?? Because I am having to root for the Royals in October. #Yankees,NOT
"@BLHolla Me, too! :-D Dick and pussy is too precious to give up and be ruined by some bullshit that was done to me.",HOF
RT @Hobson_2: That's for the birds.,NOT
Game 126 Preview: Houston #Astros at New York #Yankees http://t.co/sVg7dIIcZG,NOT
"Dominoes, moonlit lake, Velvet Underground, honey whiskey = white trash heaven. I accept your ridicule...but just tonight.",NOT
you niggers cheat on ya gf's? smh....,HOF
"""@splurgb_: Nothin in life is free.. Some of you bitches need to write that on ya panties""&#128557;&#128514;",HOF
"RT @Tiny2YouHoes: but naawww though, y'all hoes is fu don't fucking play w/me.",HOF
This morning is brought to you by Emergen-C. I really need to nip this cold/flu business in the bud. #NoGermsWanted,NOT
"@LadyVodkax bare it bitch.
See what I did there",HOF
Stop sayin my gov. Name fuck wrong widd u bitch is u stupid,HOF
"Fuck it, its 4 am why am I tweeting as if anyone is going to answer me, y'all niggers don't reply at 4 pm. Niggerfag Niggerfag Niggerfag",HOF
@JRise88 ill fuck you til you love me faggot,HOF
I'm about to push this niggah off my seat trying to squish me and shit,HOF
u stupid bitch,HOF
RT @ChicoFlicoFlame: Every super hero a bitch except iron man Peter Parker the biggest hoe loser ass nigga no bitches no cribs no whips,HOF
@Pepper_Redbone @Yankees @Mets I miss NYC!! Nashville needs a pro AL team. The closest is KC or Tampa. That's pretty bad. The south is NL.,NOT
Have you noticed all the ghetto people naming their kids after cars? Mercedes&#8230; Lexus&#8230; Repossessed.,NOT
@Oskzilla @yaseenxkahn sleep niggah! Lol,HOF
@YessMe_SHAY I want my poms back lmfao,NOT
He don't even follow his bitch &#128514;,HOF
"In my opinion LHHA is a spot on description of how some of Atlanta is. Dumb hoes and niggas, ratchet broads, and stupid arguments.",HOF
RT @morningmoneyben: This image of Peshmerga giving the heave-ho to an ISIS flag really brightened my Friday. Kick their sorry butts!! http&#8230;,NOT
I'd have to go off on a bitch,HOF
These birds messy.,NOT
"RT @RMcElhenney: New to the game but as I understand it, the first rule of soccer is ""whichever team acts more like a bitch shall be awarde&#8230;",HOF
@TylerCarboner hey I'll leave Abbey too! Oh if I get a job on the slope I might move back! Cause id lose out on lots of money buying tickets,NOT
It was my sophomore year that I learned these hoes weren't loyal,HOF
Greinke you sneaky son of a bitch you,HOF
hoes need to stay in hoes place fr,HOF
"@terrorwatchusa .....I think its about #Whites trying to be the most #Blackish ......what we in Socal call ""wiggers"". #liberals #democrats",NOT
RT @SpongebobMemory: The sash ringing..the trash singing..mash flinging....the flash stringing...ringing....THE HASH SLINGING SLASHER! http&#8230;,NOT
Lethal bird flu cocktail sent out of lab accidentally went unreported &#8211; CDC http://t.co/MO2m6q3xTt,NOT
"Commentators bitch at Bird for ""sliding"" but 2 Port guys do it to Buddy and it's Buddy's fault!?",HOF
"@IHateStevenSing
I ain't to show bout dem colored diamonds you talk about on da radio. 
Any diamond you gets from a colored be stolen",NOT
"Lol #Facts ""@MikeDiggEm: The baddest bitches be porn stars n strippers""",HOF
"RT @HannahJoeckel: I often try to help someone out if I can't decide whether I want to like their insta pic like ""ehh ill throw this bitch &#8230;",HOF
This ignorant bitch on msnbc said police have no training on their weapons. SMH,HOF
"Amennn!!!!! ""@WomenLoveBrickz: If your girlfriend doesn't like that bitch, you don't talk to that bitch""",HOF
RT @CNNMoney: Breathe easy: Twinkies due back on shelves by summer http://t.co/pFLaTel2Sx,NOT
Sweet! Just found that box of Twinkies I bought last year for $225.00! I bet its at least tripled by now! Such a no-brainer buy!,NOT
"RT @SBNation: Reds fan snags foul ball, gets shoved by player, flips bird, becomes True American Hero: http://t.co/yDu4PR531R http://t.co/&#8230;",NOT
RT @Krislisisms: Today something is dope. Tomorrow that same thing is trash. Next month it is irrelevant. Next year it's classic.,NOT
How are @terry_chappell and I supposed talk shit about @Condawg907 bitch ass now that he has a twitter?!): #confused &lt;3,HOF
Someone please bring me Goldfish crackers,NOT
Damn I hate a bitch that like to argue and shit,HOF
RT @MikeDevrnja: &#8220;@SavannaaSanford: sucha hoe&#8221; @GAYD69,HOF
If thats what yall hoes want then fuck it.,HOF
"Somebody tell these nigggas I'ma keep fuckin they hoes, I'ma keep rockin these shows",HOF
"RT @TheMichaelRock: *answers phone*

Coworker: There's a dead bird outside.

Me: Wanna split it?

CW: What?

Me: Sorry, finders keepers, ri&#8230;",NOT
The Perfect Gift for the Jihadi on Your Shopping List http://t.co/YbcsutdGMw http://t.co/nNwums32b4,NOT
It be sounding like the bitch that the cops talk to on their radio is the same sounding bitch every single time. It aint never a dude voice,HOF
"But bitches are crazy, I'd be in jail for sure",HOF
@summerdawn_1996 #NudesAreMyLife omfg that's mine faggot,HOF
"Sweet baby birds, you crack me up. ~~ Houston Foodlovers http://t.co/2Idh4BatO1",NOT
Ion trust no bitch!,HOF
@ronsonsolaqa I love you too pussy.... Lmaooo,HOF
@JuliaDBrock I'm not a bitch. Take it back.,HOF
"RT @ItsDomanic_: @fabbymichelle @BrianLovesAss_ alright i'll meet you there &#128076; and im not a fag , in fact Brian don't give her shit",HOF
"If someone pushes you too hard today, they may be surprised ho... More for Capricorn http://t.co/3kpy22pi0E",NOT
&#8220;@Tom_2Times: Making weed brownies tonight&#8221; goin slide me a batch relo,NOT
"RT @ticiaverveer: Royal city of the Kushite kings at Meroe (Sudan),near River Nile.It was the seat of the rulers who occupied Egypt http://&#8230;",NOT
@DaRealAlexInLA @Buckm00se he wasn't training gook boy doe,NOT
Come on man RT @BasedLaRock: Oreo needs to chill &#128686;RT @TheDonDrew: You know about these @PremiumPete? good or nah? http://t.co/Mw9QXG3vFW,NOT
oh damn dis bitch found out her baby dead and now she's gonna torture the murderer lmao how fun,HOF
smh RT @_sirhampton_: That shit trash rap RT @WaymoTheGod: legend. he gonna replace cudi with joints like this http://t.co/FgAQF7Qlw3,HOF
@StunningStina their tortillas are trash though.,NOT
Permanent slit in my eyebrow from when I tumbled down the bleachers when I was little.... I stayed in the ER,NOT
i hate ah dirty house!!! foul living bitches,HOF
These girls eyebrows make them look like 2$ hoes walking down FIB,HOF
"Fuck what you think. I think them bitches produced the FUCK outta some shit. 

Telling you I STILL rock out to the vast majority of No Skits",HOF
Panda Express is so trash but I wanted Chinese and didn't feel like gettin out the car,NOT
"@steve_phillips_ funny, I thought @bobmuellerwkrn #tbt 90s photo this week would have you hanging me over a trash can by my ankles",NOT
RT @Brittanny188: Pull up on my ex make that bitch mad&#128514;&#128514;&#128128;&#128128;,HOF
"RT @BrandonOnDrums: ""She still a bitch"" RT @Mryungone: Lol so what do you tweet if you lose?",HOF
N I'm so tired of hearing *he wouldn't do it for u * ol bitch he wouldn't have too my people dont play on my end,HOF
Chaber Books: BRAGADAYJAH 315 http://t.co/qTr6lzCsdj: Further restrictions on eating certain insects and birds,NOT
@MotherOfBraylon you already know they go to fed for me ah bitch be ready to walk out the door &#128514;&#128514;&#9996;&#65039;,HOF
"RT @sassytbh: a girl tweeted ""you might be ghetto if u bring food from outside into the movies""

no u might be stupid if u pay 4.99 for a b&#8230;",NOT
&#9733; BEST ASIAN MASSAGE ON THE Brooklyn Park slope --TOP RATED SPA &#9733;718-622-0221 - 24 http://t.co/saWpjDtIGN,NOT
@BlackManUSA @texasdivepro Historical point: cracker was a term for the Irish settling in the woods of the mid-Atlantic. Hardly offensive.,NOT
Mississippi state fans are the best to just mock. It's so easy. Poor state. It's hard getting wins against top 25 opponents. #FailState,NOT
RT @marleylowkey_: &#8220;@_100D: All These hoes sooo average &#128553;&#128533;&#8221; of course,HOF
The #teabagger #freemarket really doing wonders in #Bangladesh these last couple of days. #tcot #p2 #teaparty #randpaul,NOT
"@freddurst shut up faggot, no one cares",HOF
"""@lildurk_: I can turn yo bitch into a eaterrrrrrrrr""",HOF
Let's not forget kim don't fight I kill hoes &#128514;,HOF
@AustinBurge44 either way both schools are trash &#128521;,NOT
Swing on her RT @CallHerEbby: I really don't like this woman. Old hag ass bitch.,HOF
RT @jenny_barajas: &#8220;@FazeyBaby: quote this tweet with the funniest pic in ya camera roll &#128514;&#8221; this bitch started it all&#128514; http://t.co/8xqcxUo&#8230;,HOF
"Do girls wear bathrobes still cuz I have really cute fuzzy $60 bathrobe from Victorias Secret, is that even ok to wear &#128589;",NOT
"RT @WhenRappersaids: When Tupac said ""I ain't a killer but don't push me, revenge is the sweetest joy next to getting pussy"" http://t.co/wF&#8230;",HOF
"RT @PolitiBunny: #YesWeDid attack, harass, threaten, mock and bully any woman or minority who dared not fall in line with our progressive a&#8230;",NOT
Y'all lonely ass bitches sure do give out a lot of relationship advice....,HOF
#NationalCatDay ...sure. Celebrate over 1 BILLION bird deaths and blame it on #climatechange you fuckin' #commies.,HOF
@kortneyalexis fuck yo bitch ass,HOF
@BloggerBoxing yea....what did it do for Maidana? It made him a greedy faggot loser. Atleast Broner is black...,HOF
Lmao. I still feel played bout this hoe.,HOF
Yasss bitches I'm brown&#128540;,HOF
#BlessJesus Amos 5:10 There are those who hate the one who upholds justice in court and detest the one who tells the truth.,NOT
Charlie looking like he's the one that made that 3.,NOT
I'm talkin bout superb punching. The ref wAs on some hoe shit against Carlton Haywood. Dude took a full minute of unanswered @Royceda59,HOF
"Evan Williams wit me, we find a bitch; have a minaj http://t.co/VRTG3DTNxc",HOF
About to be 23. Officially an old ass bitch,HOF
RT @duttyOGshake: for real this game is pub trash let's do drugs and get smashed,NOT
RT @LifeAsKing: New Orleans is still trash,NOT
"I hate when girls say ""I'm single but my heart is taken"" bitch, that nigga don't love you, hoe. Move on.",HOF
@Dswizzle3 @Dswizzle boy u look like big bird off of sesame street,NOT
Someone shut this beaner up please.,HOF
"I went to see This is Where I Leave You, at a movie theater with tables and real food! It was fun. I ordered a brownie dessert. :P",NOT
Giants secondary lookin like trash,NOT
Karma is a bitch so baby you will get yours,HOF
Some call it trickn i call it hangn out ima handle my business n knock dat pussy out &#128049;&#128166;&#127814;,HOF
Both trash but I guess they got tired of Chalmers trash starting RT @EverybodyHatesX: How chalmers lose his job to Norris Cole? Lmfaoooo,HOF
@Smokey_Bahr Go get that sum bitch,HOF
Shut up birds it's bed time.,NOT
"@tdwp327 practically anything that&#8217;s colored red often contain red pigments extracted from the female coccus costa, or cochineal insect.",NOT
"RT @BitchieDior: A street nigga don't love nobody if you ain't his day one (bitch, nigga)",HOF
Clearly I'm afraid of birds http://t.co/qA4O9Dr4vp,NOT
"Stomach is hurting, I'm starving for some early morning pussy. &#128527;&#128527;",HOF
RT @Brandee876: ghetto sour cream http://t.co/1meyQQ7B6G,NOT
RT @FeinsandNYDN: Yankees acquire Chase Headley from the Padres for Yangervis Solarte and Rafael DePaula.,NOT
"Saw brownies on the kitchen counter, bit into one and immediately a surge of pain and spice hit my tongue. Chili flakes. Eff you, Brian.",NOT
RT @Janasiaaa: shouldn't be at the club RT @PacDaGoat: I done been in the club and saw bitches reject a dance because they had a man. As &#8230;,HOF
My wigga RT @showysantoro Ryan Gosling knocked up Eva Mendes swag that man the fuck out,HOF
"RT @AndrogyneAdvent: The thing about Houston and Austin gays is 99% are hoes, ain't no wholesome bitches",HOF
"""@ChadMFVerbeck: If Richnow doesn't show up with hella tinder hoes Im not his friend anymore"" chill I brought like like 8 prople",HOF
Yo bitch wanna fuck the squad!!&#128526;,HOF
RT @kingsleyyy: That look after you just put a bitch in their place http://t.co/GPND50I5Of,HOF
"RT @TheAlexP: Yelled out ""come on bitch!"" At myself, by myself, lifting weights as motivation...thanks guys, you always have my back.",HOF
I'm gonna be ghetto and color over the stain with a sharpie ctfu,NOT
RT @NinerFans: #Seahawks fans are scheduled to meet up at Pier 39 on SAT. @ 5PM to trash talk and heckle San Franciscans! BE PREPARED! WEAR&#8230;,NOT
"think i should change ""&#9733;Doctor's Advocate&#9733;"" to ""cunt that goes mental"" #hmm",HOF
Eating pussy on top of my shoulders,HOF
That's right I'm making brownies right now &#128526;&#128523;,NOT
RT @NerdAtCoolTable: Any chick that gets In a fight after the age 24 is a hoe,HOF
Jus need my nig Mack Wilds to win...fk the award tho,HOF
My nephew albino albinos have astigmatisms eye spasms partial blindness its not their faults,NOT
"&#8220;@Laneishaaaa: @Thompson_Era pretty boy face&#8221;

Awee thanks faggot",HOF
"""IBS"" irritable bitch syndrome.",HOF
I be chillin wit the bitches cuz a lotta niccas fake,HOF
RT @AG2Pearl: Black Americans Are Worse Off Under BHO http://t.co/k4IwEugNyx Well researched article...bound to elicit cries of Uncle Tom &#8230;,NOT
&#8220;@sabdaddyy: Shine on them hoes http://t.co/xOurnvvaYP&#8221; look at my baby daddy,HOF
Johnny Manziel just flipped somebody the bird...,NOT
@THEHermanCain then send this one to your teabagger friends https://t.co/hsADkzcAIn and watch their heads explode,NOT
"#BlessJesus Amos 3:3 - Can two walk together, except they be agreed?",NOT
"RT @iv9801: Charlie Sheen engaged to porn star http://t.co/THMYpFexic
Mens #Health Tips Sex Toy http://t.co/Hxmlrj1w6m The Adult Toys #KISS&#8230;",NOT
Y'all be letting ya side bitches in the house y'all trippin,HOF
RT @bjs5555: ELECT Democratic Nominee Charlie Brown @Govcharliebrown for #Gov of #TN DEFEAT (R) Gov. Bill Haslam! @UniteBlueTN http://t.co/&#8230;,NOT
"Can't stand when I see a female just get out of relationship &amp; 2 days later their ""talking"" to another guy , hoes gonna be hoes smh",HOF
What if I talked ghetto lol I'd be so annoyed of my self,NOT
"A light, tender yellow butter cake with a classic boiled icing, traditionally made from burnt sugar http://t.co/XPQKTlTNkH",NOT
@cleggzta Ho ho ho.,NOT
Idgaf about you regardless bitch you got me all day.,HOF
"RT @cpabry: Curious George, the curious little monkey or deranged serial cat killer? The story the man with the yellow hat doesn't want you&#8230;",NOT
So I guess I'm on snapchat now? So snapchat me bitches. Danvii . No idea...,HOF
RT @halfricannnnn: nigger,HOF
Leave it to the bitch thats sharing her pussy with everyone to fuck up the relationship of the only people in love in the house,HOF
@RealSkipBayless man what about Wilson being the 2nd Black QB to win a chip? Talkn about trash talk. No shine for Russell..,NOT
@Linnlondon1 I want some clams on the half shell :-) http://t.co/uFCAjNNQTZ,NOT
@QueenSAVage97 naw I Juss like making you a lil mad &#128514; I have been gone for too long tho I hate the boonies&#128589;&#128564;,NOT
"@icpchad @UnseeingEyes ......monkey look, just like you!",NOT
God my tweets are so ghetto,HOF
"RT @pgammo: In the Yankees draft room, they had a huge picture of Greg Campbell with the message, ""this is the makeup we're looking for.""",NOT
@Miseducated411: Your mind is free and your soul. satan will present to u in his kingdom the things that mock u. Stay strong in Yahshua...,NOT
RT @madi_judkins: When you look like trash and someone compliments you http://t.co/FzuXlPCMpV,NOT
What a trash franchise. RT @ArashMarkazi: Fergie will sing the National Anthem at the Clippers season opener tomorrow.,NOT
This is so much fun! &#128070;&#128588; #1UBB #1ndiana #hoosiers #hoosierdaddy,NOT
"RT @UnusualFactPage: Shy people tend have great observational skills, making it easier to recognize the core of a problem then solving it.",NOT
&#8220;@_chelousmuch_: bitch im weakkk vic &#128514;&#128514;&#128514;&#8221;&#128514;&#128514;,HOF
"old fellas water froze in that funeral home. he got it unthawed and wants me to help get his pump going again, that place spooks me man..boo",NOT
RT @ConservativeLA: Let the Dem concern-trolling commence in earnest! Wagons ho!,NOT
RT @TheDiLLon1: Y'all not gonna trash Spirit airlines. I travel w/ them all the time. They even let me fly the plane 4 times. They don't mi&#8230;,NOT
Jets trash,NOT
Watching #Steelers colts getting blinded by the Steelers uniys look like bunch of bumblebees,NOT
"""@WBUR: A smuggler explains how he helped fighters along the ""Jihadi Highway"": http://t.co/UX4anxeAwd""",NOT
RT @O3_Millz: Had to block his bitch ass,HOF
I wanna experience that late 30s &amp; early 40s pussy,HOF
1996 and 1999 World Series Rematch: #Yankees #Braves,NOT
RT @ToriJBerman: @_VintageVixen lmao bummy bitches,HOF
"RT @ProBirdRights: dear Mr. Science: If human so ""better,"" how come they can't be bird? oh I'm sorry was that too LOGIC for you????",NOT
&#9733; BEST ASIAN MASSAGE ON THE park slope --TOP RATED SPA &#9733; 718-622-0221 - 24 http://t.co/sPVogfyXZT,NOT
@erinscafe Bu I do. I do hate the playa. And the Yankees. If I hate the Yankees for their payroll I have to hate the Dodgers.,NOT
@ItsKiaraaaa looks like you took a red marker and colored on your leg,NOT
"RT @Forbes: 52% of the world's mammals, birds, reptiles, amphibians &amp; fish vanished between 1970 &amp; 2010: http://t.co/MImizth0OZ http://t.co&#8230;",NOT
RT @Harry_Styles: It was all yellow. http://t.co/xB4dkWuoKi,NOT
Someone probably told him 6 God was trash.,NOT
Dat da bad thing bout being colored. Day bring me in to fight but don't vite me to da victory partay,NOT
RT @Dasianah_: The most ghetto bitches be pregnant a/f smh poor kids! &#128531;,HOF
"AND #NorthKorea called #Barack a monkey. LOL! 
RT! 
*If the shoe fits! 'Cause it sure looks like he married one! 
http://t.co/F0pGDalfaA&#8221;",NOT
"RT @ZekeJMiller: RT @MarcACaputo: ""I've met few people in politics that I disrespect more than Charlie Crist,"" --Rudy Giuliani",NOT
I am currently using a yellow marker that is literally called 'Spanish Orange' for this drawing of @Wikiparaz ; absolute perfection.,NOT
"sarcastic cunt, yes",HOF
Every one of then would just be adding me to their collections of hoes,HOF
My bitch &#128540; http://t.co/2v4VsPamrU,HOF
RT @iKayKing: A boyfriend and girlfriend suppose to laugh at these hoes together. A guy should never have these hoes laughing at his girl..&#8230;,HOF
"@_MariaPetrova @markkelly1983 @MissStef0318 @SamHarrisOrg Who? Ok, right-wing teabaggers, gun nuts (like Harris), hell, even fucking cops.",HOF
These hoes gotta pay for my company!,HOF
"I took 2 ""Rebel vs. Yankee"" tests (40 questions, accents, word usage) and scored a total % of 47.5% Rebel vs. 52.5% Yankee in southern Pa.",NOT
@fennecuskitsune you've got no sole,NOT
"I'm going to the movies this weekend, by myself. No BFFL, no bitch, no nigga, just me... #Solo",HOF
Darkies DGAF! RT @Maxin_Betha @80sbaby4life gotta chill wit his yellow #4thofJulyFly outfit man RT @dominicanraf http://t.co/uImF6sDI,NOT
&#9733;@&#9733;@&#9733;@&#9733;@&#9733; GRAND OPENING ! &#9733;@&#9733;@&#9733;@&#9733;@&#9733; TOP CLASS &#9733; Oriental Massage &#9733; PERFECT !&#9733;/ http://t.co/ydZYr4dVS4,NOT
"RT @InnocentMarina6: *Goes to Yankee candle*

*buys beer scented candle*

*goes home, lights it* 

*waits for a boyfriend*",NOT
"Jordan: so Watcha been up to at college
Me: fuckin bitches &amp; stuff, ya know
Jordan: alright seriously

&#128533; @Believes116 #IChooseToBeAbstinent",HOF
@ChrisPowellswag @_cblaze @Dswizzle3 Dawson and Nicky Hickman delete the fake account and and stop being bitches,HOF
"I been to mushroom mountain
Once or twice but who's countin'
But nothin compares
To these blue &amp; yellow purple pills&#128156; http://t.co/fMjlVMEqDO",NOT
RT @blogredmachine: I wonder if those fans in LA feel like Charlie Brown after Lucy pulls the ball away... #JoeyVotto,NOT
&#128557; RT @That_Mclovin: &#8220;Yass bitch Yass &#128128;&#128128; @VikkiNoSecrets: Too soon? &#128514;&#8221;,HOF
@cambreezy_ @TheLittleFella_ she spelled faggots with an e you're so cool lol,HOF
"-Can I help you?
-Maybe. You gotta card for &#8220;Sorry that tranny died in your motel room; now your wife knows. Here&#8217;s an Applebees gift card&#8221;?",NOT
@_Dukefan @KentuckyFanPage thats why we had 8 regular season losses...... #you #are #retarded,HOF
@felicity182 i think u need a massage or a pussy in your mouth to make u feel less stressed out don't u think?,HOF
"""@socass_: Dude remember this wop video? @00sexilexi00 http://t.co/P3HEuBOQBu"" OMG WHERE DID YOU FIND THAT",NOT
change the pussy into a fire hydrant &#128167;,HOF
Such a trash episode of the walking dead tonight.,NOT
These bitches fake one min talking about a hoe next min bestfriends with the hoe,HOF
RT @Estellleeee: Lol bitches act hard when they stay getting they ass beat &#128514;&#128557;&#128514;,HOF
NFC South is trash juice,NOT
I'm pretty sure I've never sat in the friend zone waiting for pussy. You gotta put your dick on the table and see what happens,HOF
Damn I hate a bitch who like to argue and shit,HOF
Early bird gets the worm.... #GoGetIt,NOT
"Pm is u use any of the words I use (ex. Sweg,pm,yid,nid) we're dating",NOT
RT @O3_Millz: &#8220;@1BookieG: @O3_Millz @xDSmooth idk who gave that bitch my name&#8221; idk who gave that bitch my name or number &#128530; Anti Captain Sav&#8230;,HOF
Thanks Charlie @Charlie4927 @RevkahJC @StacyDmomof5 @PattiSM74 @cantUCIMblonde @Kacado,NOT
Just straight like that. No chaser. And the bitch was a SOLID FIVE ON HER WEDDING DAY MY NIGGA.,HOF
@DouneAldy what are you doing tonight pussy?,HOF
@slayerific13 @brenda_skelton @daisymcgarr I don't hunt birds unless you count shooting dove out of season off my power line with a bb gun,NOT
Hoes will be hoes nd ratchets will be........well u know,HOF
@Bullskickass I've decided that #BullsNation are retarded. #love,HOF
#nowplaying witcha bitch pussy pussy inda hood ona sofa.wit plastic on it,HOF
one man's trash is another man's wife.,NOT
@supreme_tacos @hear_me_rawrrr if you want a hoe go on urban chat. That's where all the hoes are. And Mia can get punched in the boob.,HOF
Had to get that hoe shit off my TL,HOF
@erykadamitio_ @RiRi_Candee why nobody never invite me to no lesbian party. ): bitches.,HOF
RT @__queenshaun: &#8220;@JuicelessEss_: If you ask me every bitch gay.&#8221; true dat true dat,HOF
RT @neiltyson: Just to settle it once and for all: Which came first the Chicken or the Egg? The Egg -- laid by a bird that was not a Chicken,NOT
@SteveWorks4You Stockboy...everyone mocks you.,NOT
RT @RIPvuhsace: Math is fucking useless.... algebra 2 not gon help me pull bitches the fuck....,HOF
I think I'm gonna walk around the house free as a bird.,NOT
"on the low, wassup with you hoe?",HOF
RT @J_Kwest: @HarveyWordman b in da pussy 2 mins like http://t.co/dnrCMkg5oo,HOF
"Cruising in my go kart at walmart selling cupcakes, go ahead admit faggot, this shit is tighter than butt rape~",HOF
"A girlfriend is almost a bill lowkey. So at this point in my life where I should be gettin outta my moms crib, I'll rather just have hoes.",HOF
"when you're stupid, you don't know it. life is so easy. have you ever seen a depressed retard? i envy that.",HOF
Its the NATURE of birds. YOU LET ONE of them eat---Next thing you know you've invited the entire ecosystem to shit on your car. #SFvsSTL,HOF
&#8220;@ThadIsReal: Ladies If a nigga always wanna go out and party every weekend . He basically side hoe shopping&#8221;&#128514;,HOF
"Dress shirt, saggy jeans, backwards Yankee hat now that's lifting swag",NOT
"RT @Duke27_: Mistakes are showing up late for work, running red lights, or even forgetting 2 take the trash out. This here ain't 1 http://t&#8230;",NOT
@TheMoeeee bitch go shoot some balls of paint. Ole hobby finding ass,HOF
Real niggas speaking bitch u better listen....,HOF
"MiNo's &#8220;@daboss_s: &#8220;@willyroast2: Caption this==&gt; http://t.co/qr3OegnJLi""&#8221; Nah bitch...we're gonna keep our virginities&#8221;",HOF
"RT @duttyOGshake: ""pussy ass nigga"" http://t.co/G0KL3ZbTAo",HOF
"I mean...If you blow a foul there, it has to be a yellow in that situation no?",NOT
RT @Chip216: As a kid I listened to Nas. He showed me a new perspective coming from the ghetto like me. Same with Pimp C &#128081;&#128081;&#128081;,NOT
"@_fckwatchuthink @Huntermoore or you know, you could just go drink bleach bitch",HOF
RT @jjauthor: US ghettos-driven by liberal ideology; forged by unions &amp; bankrupted by self-serving Dems catering 2parasites! #tcot http://t&#8230;,NOT
RT @ConsrvativeDiva: Must-Watch: Bill Maher Schools PBS Host Charlie Rose Over Islam's 'Illiberal Beliefs' http://t.co/5pq91jxOeV,NOT
&#8220;@Deuce1990: What will the Lakers be after kobe&#8221; trash,NOT
@MahNameIsJared be my guest. I want to be a bird I think,NOT
I can see ya hoes &amp; all of em nothin'.,HOF
#PacerNation 4/4 on the road! Perfect way to continue after #iubb have finished #NBA #Pacers #indiana #hoosiers,NOT
WATCH: Excited ISIS Jihadis Getting Their Yezidi Sex Slaves On 'Distribution Day' http://t.co/n9ExnuVhKs http://t.co/uHZ1qKcrJE,NOT
Dj Khaled a fool .!!! 500k for a ring for Nikki? That bitch spends a good million on her ugly ass wigs &#128514;&#128514;&#128514;,HOF
"#DegenerateArtist KNOWS words&gt; Bo Jingo dangle fan slang ho, ting pang lick drum swing flick alarm bic&gt; But you can't hear fire can you?",HOF
@ThatSlutAdrian bitch those are the same options,HOF
Gonna drink and talk about bitches that I've almost had.,HOF
I went outside and got mad bc this weather is trash,NOT
"""@ayyee_ceee_: One mans trash &#128686; is another mans treasure &#127942;""",NOT
getting every dolla out this bitch,HOF
"You know I'm not big on the NFL, but I'm so sick of hearing all of this ""Black and yellow"" shit. LOL @ bandwagon fans and hell, GO PACKERS!",NOT
@Oskzilla you wish niggah!!!,HOF
".@dawnbazely Thank you, Dawn. I see our state bird graces your avatar...",NOT
@billyrunaway Hope she's larger than a bird.,NOT
Funny thing is....it's not just the people doing it. It's the people who seeing these pics and judging the birds. Just as wrong.,NOT
"@beepbeepamanda Today was Talk Like A Pirate Day, and absolutely NOBODY knew Id been doing a Charlie Morton impersonation all day.",NOT
RT @TheFatKidJames: @Von_VonRichter Bro fuck you for leaving! Lol no but have a great time up there and don't forgot about the bros back ho&#8230;,HOF
RT @Master11_: Slowly moving down the list in bs and hoes .... I already know Nolan and Lamar stock is rising lol,HOF
The John Cantlie video issued by Al Furqan media is a new level of the Jihadi propaganda: promises more episodes &amp; wages ideological warfare,NOT
"RT @TheOnlyReed: Sooner or later ya pussy gon tell
Me the truth, let's hope it's not while I'm in it, cause Ima kill u",HOF
"RT @SimpsonsQOTD: &#8220;That's a very nice jig, Kearney. Now isn't dancing much more fun than bullying?"" http://t.co/dk7rcqM1FS",NOT
RT @pellucidstyles: they might be called 5 seconds of summer but their songs are 3 minutes of trash,NOT
I just want vanilla Oreos,NOT
RT @daqraca: How can anyone hate Charlie Sheen http://t.co/AF4T3MtmxU,NOT
' I will never date a female with another niggah name on her lol . Wtf .,HOF
"White kids, black kids, yellow kids hell even purple kids, if you carry yourselves like Daniel #Geale you will go far. #GealeMundine2",NOT
RT @SickDrawings: 3D bird &amp; feather drawing http://t.co/tcPRVBGspt,NOT
@__Dutch my birthday hath already passed with little to no fanfare. So. Enjoy your day and be blessed bitch.,HOF
feelin all warm and fuzzy inside...,NOT
been a long December hasn't it? counting crows (:,NOT
"RT @Mobute: Rick Scott vs. Charlie Crist is the worst gubernatorial election in America, and it's the face of our ugly future. http://t.co/&#8230;",NOT
RT @LeKarmaSucre: trash liars RT @learnteachwin: these law students are terrible liars #HTGAWM,NOT
"Yeah im livin right, these bitches dead wrong",HOF
@kincade00 don't watch me watch tv hoe,HOF
RT @KingHorseDick: If he tell u that u got some good pussy but he never try to hit again.. what that mean?,HOF
RT @ruckin_andrew: This bitch has a death grip on this niggas balls. Smh http://t.co/uh6OSApcMw,HOF
RT @BruceVH: Getting over a painful experience is like crossing the monkey bars. You have to let go at some point in order to move forward.&#8230;,NOT
RT @__Independentt: Why do these hoes think it's cute to take pictures kissing eachother ? #gaggggg,HOF
"""@RamBoutIt: &#8220;@Master11_: @20ToLife_ @RamBoutIt hoes Austin&#8221; teach us Austin.""I teach u how to get curved? That's all I know",NOT
"'Damn you, whitey!' You'll get a kick out of the 'newest form of white privilege' http://t.co/zLpFZsITOm",HOF
"~~Ruffled | Ntac Eileen Dahlia - Beautiful color combination of pink, orange, yellow &amp; white. A Coll http://t.co/H0dYEBvnZB",NOT
#portlandia #putabirdonit RT @mightymouse105: The Xbox One would be so much cooler if they put a bird on it,NOT
@ItsMeGrizz dink now uknow thats not true,NOT
"I love me some fresh pussy, all you can eat buffet.",HOF
RT @TiffaniRenee3: @Victoria_Finae @drrrruuuu jealous bitch. &#128514;,HOF
Egypt? R the muzzie Bros still running things? .@PeterClifford1: @TurtleWoman777 Only a tad better. Certainly no respectors of Dem though,NOT
"Sit on my face, M U A H, before i eat da pussy, i say my grace &#128591;",HOF
A basic bitch will piss me off every single time.,HOF
@ReiddH i agree my fellow cracker.,HOF
"Get here! MT @NevadaPR: #Sierra #skiers, @VirginiaCity offers a fun break from the slopes. Sweet #deal: http://t.co/otJ5Uxqbna
#TravelNevada",NOT
@ItsKeeshKapeesh *yourself *faggot buy a dictionary,HOF
@ariennajanee its mutual my lil yellow bone&#127827;,NOT
RT @ohmyjizzitsliv_: You're the biggest cunt I know,HOF
RT @DepressedDarth: Star Wars meets Charlie Brown http://t.co/m9uNRz6SYR,NOT
I live for two-bite brownies,NOT
@Lissette__glz @joshmtz1199 you hoes ain't loyal &#128075;,HOF
"My partna from Mississippi told me 2weeks ago, ""I got 2 weeks to fuck all these ok hoes, 2014 I'm stepping my game up"" &#128514;&#128514;&#128514;",HOF
RT @A_single_bear: I accidentally ate a few fireflies last night while chewing some leaves I found. The shameful yellow glow of my mouth wa&#8230;,NOT
RT @wintervphillips: *steals your bitch*,HOF
"&#8220;@BasedDevJay: bruh i'm telling you if she got 
zebra print bed sheets 9/10 she a hoe&#8221; @rachel_dority &#128514;&#128514;&#128514;",HOF
Never seen purple bird poop until today lol http://t.co/4Psdx11Uu1,NOT
@asshole_king with pills that nig will last 4 years. Like magic j .That nig should hav died years ago. Y'all the first team to draft gay.,HOF
Ruby is not ugly #bunga bunga,NOT
@Adrian1_knowsu nigglet &#128530;&#128536;,HOF
Finna favorite my last tweet so niccas will kno I been knew wassup,HOF
"RT @NateKlempa: @ROOTSPORTSPIT must not realize how much #WVU games mean to all of us ""hillbillies"". The @Pirates play 162 games a year. Sh&#8230;",NOT
"RT @SSNAlerts: Rick Scott takes 49% of vote, Charlie Crist takes 46%. Scott wins second term: http://t.co/MmkyGCYVG1 #sayfie #FlaPol http:/&#8230;",NOT
"Tracy Morgans car wreck and the press was covered by Zappa in the 60's...""Some joker with a brownie and ye'll see it all complete""",NOT
RT @BriannDominguez: Green and yellow -lil Wayne &#128155;&#128154;&#128175;&#128175;&#128175;&#128175;,NOT
RT @pipethefckdown_: People who focus on skin tones for dating someone are fucking retarded and brainwashed. &#128076;,HOF
Why do yall bitches act so childish,HOF
RT @Food_BibIe: Oreo Ice Cream Cake http://t.co/sW0A1HQhyy,NOT
@YeridZee bitches better watch out because we're running the tables tonight! &#128521;&#127867;&#127866;&#128588;,HOF
@OVOtilUOverDose @flossinlawson11 niggers*,HOF
"""@DomWorldPeace: Baseball season for the win. #Yankees"" This is where the love started",NOT
I spy a couple thirsty hoes on insta.,HOF
"All bitches do is graduate, get pregnant n become CNAs &#128557;&#128557;&#128557;&#128557;",HOF
RT @TRAPLORDHOE: When your main bitch friends see you at a party ... http://t.co/DW7Fu9l9Y2,HOF
them jants be clutch for bedtime tho &#128514;&#128557;,NOT
Gansitos are ATG beaner candy,HOF
"cut up porkchop, canned pinto beans, a small can of carrots, can of corn, celery, a potato. cayenne powder + crushed red pepper",NOT
we dem birds.,NOT
I love money fuc a bitch I won't stress myself !,HOF
@YoungJeezy got me feelin like #trappin ain't dead. Got me ready to call the #guala! #Salute da truth! #SeenItAll #SeenItAllTheAutobiography,NOT
whheeet bitch you LYING,HOF
@Machell1123 i hope you get better soon! colds are for the birds,NOT
"#porn,#android,#iphone,#ipad,#sex,#xxx, | #CloseUp | cumshot on beauty pussy closeup http://t.co/UonsdrAuV0",HOF
@ChickenColeman if McCoy wasn't trash that's a TD,NOT
I don't own any #Onslaught on #Vinyl I may have to get one now. Their new Lp is available in army green coloured vinyl,NOT
I sho do miss my Uncle Tom,NOT
@heavensenttynae you kno I love stuffed clams bai,NOT
@Pipe_Tyson Me? Nigga YOU the pussy. I got hands for you dawg!,HOF
Nannie bitch don't talk to that hoe with ha extra bs ass @lilmenifee__ &#128514;&#128514;&#128514;&#128553;&#9996;&#65039;&#128175;&#128079;&#128581;&#128078;,HOF
Which mean you hoes too STUPID ion want it around me #youhavejustbeenBLOCKED &#128679;,HOF
iMessage so trash,NOT
RT @KvTrK24: Ross pulling hoes @DreWill52 @Awight54 @Da_KodaBear http://t.co/YefRlbvDvb,HOF
RT @ahmiryoung Lakers on....I thought trash day was Monday,NOT
"""I am a thrill billy..with a hillbilly heart."" -@billyraycyrus. HAHAHAHAHA Jesus Murphy!",NOT
"RT @Whitesidemzu: Me: MOM CAN YOU MAKE ME A SANDWHICH!!! *doesnt hear* *whispers to myself* ""deaf bitch"" Mom: WHAT THE FUCK DID YOU JUST SA&#8230;",HOF
Is Hillary the &#8216;dodo bird&#8217; candidate? http://t.co/3FyoSi28Jm via @worldnetdaily,NOT
All it take is for one bitch to open her mouth and niggas start fuckin up.,HOF
5SOS is trash,NOT
"#hoosier fans, is cody zeller nominating for this years #NBA draft? #iubb",NOT
RT @CHlLDHOODRUINER: she paid $5 to hold the monkey and look what he did &#128514;&#128557;&#128553; this monkey real af http://t.co/NgeCuWehHb,NOT
""" broke bitch cant tell me nothing """,HOF
this bitch... lol,HOF
"&#8220;@AshlynWynns: I'm a ""mud shark"" because I have black friends. Makes perfect sense. &#128514;&#128557;&#128514;&#128557; #idiotic&#8221; @",NOT
No skimp shit here bitch,HOF
"RT @Booskerz: ""@DailySexSupply: Girls that fuck back &gt;&gt;&gt; &#128525;&#128525; http://t.co/pI064ylhF6"" @iDocLyfe your last one was trash so here",HOF
@thejess_lynne @Hunglikerobby_ @triple6em96 @Itzmeggo no you threatened us bitch?! Don't try to make it what it's not &#9786;&#65039;,HOF
"&#8220;@_Dominiquecs: @Thompson_Era hahaha! She to much of a thottie for you!&#8221;

Never fear Captain Save-A-Thot is here to save that hoe &#128526;",HOF
Free wop,NOT
Gucci mane on a bitch,HOF
RT @bubble_wrapMe: These hoes ain loyal,HOF
There was a reason why I blocked this bitch,HOF
"RT @reshell_: ""@1inkkofrosess: My ears look good &#128525;&#128525;&#128525;&#128525;&#128540;&#128541;&#128513; http://t.co/fP3R6mkBaC""bsa hoe in yo background",HOF
I'm sure @AFP would add this helpful parenthetical explanation if these were redneck peckerwood teabaggers. https://t.co/zkqg5WfE5R,HOF
"@datachick Humanity really needs to get past this whole ""slow down and stare at the scene of an accident"" ape mentality we have :-/",NOT
I want Oreos!! Who can help me,NOT
Hmu talmbout match but when I pull up its 30 other niccas wit ya &#128530;,NOT
&#9733; BEST ASIAN MASSAGE ON THE Brooklyn Park slope --TOP RATED SPA &#9733;718-622-0221 - 24 http://t.co/6ZUxaQeaVL,NOT
My bad dawg. That's yo hoe &#128564;,HOF
RT @BitesBlog: Pat Martin Is Gonna Show Some Yankees a Thing or Two at the James Beard House Tonight http://t.co/crWY99X7EQ,NOT
RT @SwallowMyChakra: Crying RT @WestSideFlee: How you gone wife a bitch that let niggas lick on her head in public?,HOF
"@YouBoysInGreen hahaha, made ya eat crow....",NOT
These hoes worried bout the wrong things in life,HOF
RT @BrosConfessions: Ungrateful bitches ... http://t.co/aQCGKBxkcm,HOF
&#8220;@Runyacheckup: &#8220;@Shane_A1: A Bitch Couldn't pay me to get dem pregnant again &#128588;&#8221;&#128514;&#128514;&#128514;&#128514;&#128514;&#8221;fr fam ion see how niccas out here poppin kids out,HOF
RT @_VibeWithMe_: doing someone wrong for the sole reason that they did you wrong will only bring more negative karma &amp; energy into your li&#8230;,NOT
@EverybodyHatesV I read a black man tweet hot sauce is trash &amp; watermelon is overrated. I can't deal,NOT
"RT @JonnyFootbalI: Fuck bitches, get touchdowns.",HOF
I nicknamed Lux Coach K because without him we would of never heard of Duke lol Charlie,NOT
Doug Martin trash,NOT
Houston has so many trash drivers,NOT
RT @StunningStina: We all know you're fucking a bitch right now LOL,HOF
@ladysofchoice r u that ugly that ur avi is a bitch,HOF
You and that BBW shit can get TF off this planet. Take these stud hoes with you too.,HOF
RT @elleeebeee: flappy bird make me just smash my phone into my face,NOT
RT @BigJonBul: The stars wink knowingly and smile at each other when they see two lovers kissing on a secluded bridge on a balmy autumn nig&#8230;,NOT
"Hey. 

Aside.

This was my graduation cap. Like fuck you, bitch, Detroit What. http://t.co/fvNpE7ukn7",HOF
Yall hoes got nothing better to do than to gossip and play telephone.,HOF
Fuck them bitches&#128557;&#128557;&#128557;,HOF
"People asking for donations for Christy Mack,get real the bitch made thousands of dollars for having sex.
Bitch better be Fuckin me",HOF
"' I hate a "" Guesss who just tried to talk to mee "" ass bitch &#1041190;&#9995;&#9996;&#65039;",HOF
RT @EJ_RealTalk: &#8220;@SirRayCharles: Mo Claiborne is so trash&#8221;I can't say it enough fam &#128530;,NOT
&#128557;&#128557;&#128557; RT @EsckmoTrent: I swear Niggas use to step one foot off the bus and bitches would be like NEXTTTT &#128553;&#128514;&#128514; http://t.co/XjKUdt4BUB,HOF
Oh it's coon bike week in Charlotte ok makes sense now,NOT
My bitch ass buddy pmo,HOF
"@lloyd7121 @jjauthor @petermickley 
Approximately 1/2 in one crash. There wasn't supposed to be that many members of a seal team on one bird",NOT
"RT @Roulettista: Mertesacker saying ""give him the ghetto fist"" is still goat",NOT
sprayed da vee wit peppermint oil hopefully dat fuckin spider leaves or dies.. I hope dat bitch dying slow right now,HOF
Broke hoes always wanna argue u ain't ate all day were u get that energy from &#128514;&#128514;,HOF
"The lady talking about I have to sit in this seat and I have 3 hours to piss like bruh ! I already tried twice, I can't fucking pee bitch!",HOF
@kitty_hello14 bitch I ain't arguing with you .. Fuk on! You said some slick shit n I addressed it .. #Simple,HOF
&#128553; monkey mad,NOT
RT @imnussie: I kno u wanna roll w/ a bitch like me!,HOF
RT @NYTMinusContext: kill whitey,HOF
RT @Murica_FuckYea: City bitches &#128514;&#128514;&#128514;&#128514;#starbucks #uggboots #Jellydoughnuts https://t.co/VVIT8HP40t,HOF
"Just spoke w/ @HispanicLinkNS legend, mentor Charlie Ericksen. Great to catch up w/ those who helped open doors for Latino journos #thankful",NOT
"""@deepthroatMike: ""@Boys_South: Take me for a ride &#128525;&#128139; http://t.co/H5mAtjYfGA""#redneck"" woof woof",NOT
@dminion25 it's kinda screwed up that they were my guinea pigs but i was only experimenting on taste instead i got more interesting results.,NOT
"Grandma: ""(Macon) is a rinky dink mosquito-filled cop-infested swamp."" LMAO",NOT
"RT @TattedBrunetteX: Can I get a ""fuck you"" to these bitches from all of my niggas who don't love hoes, they get no dough.",HOF
#Iraq gov troops were handed a severe defeat by #ISIS at Saqlawiya -- there's chatter of over 300 soldiers lost &amp; Jihadis raving about it,NOT
"RT @grindingdude: #13Hours of hell. Obama flat out lied to get reelected. #killery &lt;What diff does it make now? 

Karma, it's a bitch! http&#8230;",HOF
"RT @GOPBlackChick: The racists are @msnbc and its crew of anchors. Not ""right wing "" folks. @MHarrisPerry mocks mixed GOP kids.
http://t.co&#8230;",NOT
#TjohnGang&#128520; lil bitch follow me ! http://t.co/sd8UhT4DNY,HOF
"RT @tsgnews: UPDATE: Collegian dressed as yellow Teletubby will face charges for break-in, theft of Chinese food leftovers... http://t.co/S&#8230;",NOT
"&#8220;@GlitteredInPink: @West305 you like 5'8, you needs to&#8221;....1. You a hoe. 2. i'm 5'10(breaking11) 3.suck my dick.",HOF
RT @letsquotecomedy: Trying so hard to resist the urge to smack a bitch http://t.co/LtDBNLmOVu,HOF
RT @iMDatDudeFish: &#128514;&#128514;&#128514;&#128514; RT @VivaLaKash: #ThotGoals .. RT @LessonswithKate: I wanna learn how to jigg really good so I can be in the circle.,NOT
"RT @DFkinLopes: Me: You're a hoe
Hoe: You wasn't saying that August 12, 2014 at 7:22 PM
Me: Well you're a hoe today on October 1st 2014 at &#8230;",HOF
"That's a deal breaker, yo pussy shouldn't smell like my sweaty hooping shorts",HOF
RT @Perspective_pic: Retweet if you see the bird. http://t.co/o7reXL0teu,NOT
"""Generate ASCII boxes with NodeJS"" all I see is the ability to bring flappy-bird in node via ASCII tubes and bird ^_^ http://t.co/lRJWDFhv7T",NOT
"RT @LalaCoutureeXO: ""if your gf/bf don't like or talk to that bitch/nigga, YOU don't talk to that bitch/nigga!""",HOF
"If her bio says ""Only God can judge me"" she's a hoe.",HOF
"RT @OgMonday: &#8220;@Satisfied_x: ESJ got some ugly hoes yeah, and them Leon G. Students ain't making no better. 99.9 of em fugly.&#8221;&#128128;&#128128;",HOF
Chillin wit my bitch who never hesitates tonight.,HOF
I feel like a bitch that just got her heartbroken a day before her wedding,HOF
Don't trust these hoes,HOF
blue-sapphire-earrings 18k-yellow-gold-clip-on-diamond Alexandra Earrings in Emerald Crystal on Emma http://t.co/5j3lRXgrcn,NOT
Remember when I would spank everyone in meme wars? Because I do #faggots,HOF
RT @ReggieRipBam: All I ever do is fuck bitches &amp; count stacks,HOF
RT @ItsChee_: Whipped https://t.co/uCV3Hrjatv,NOT
"@SemiMooch and I believe we all evolved or whatnot, but I find it hard to believe that we all came from apes",NOT
@ToddIrwin1 NFL... Forgetabout they got until February. It's the pennant race. Let's Go Yanks.,NOT
"I got a gang of old ass drafts, all trash",HOF
"Nuh uh RT @MissSneed: still counts. RT @WeavusChrist: I&#8217;m only a hoe on twitter, bae",HOF
"Can someone please explain to me, Why are the birds so angry &amp; destroying pigs' homes?",NOT
"Katy's grand exit tonight from Firehouse &gt;&gt;&gt;&gt;

Hasta la bye bye bitches &#128514;",HOF
"RT @eidolon_ebooks: dreamt i was in a trash bag, btw.",NOT
"RT @gnuts_2: RT""@Ashspeaks_: To these hoes I'm everything""",HOF
if ur girl watch Snapped in front of u she trying to spook u!!!,NOT
I have one more day of fucking school. God nansemond is fucking retarded,HOF
"&#8220;@WORSTRAPLYRlCS: http://t.co/hE19TIfqFX&#8221;

How is this trash...",NOT
@ThaReal_GaPeach got it! thanks Hun! ima text u,NOT
RT @iLikeWGW: retweet for big booty bitches,HOF
"you know what your doing when you favorite a tweet, tryna cheat ass bitch haha",HOF
"RT @RiddMcCoy: Where is everybody getting this ""fuck her right in the pussy"" sayin from?",HOF
Yankees shouldn't rely on the long ball in the playoffs #Yankees #MLB,NOT
I'm so mad cause hoes think it's funny,HOF
&#8220;@GianneNichole: Lakers really trash.&#8221;&#128686;,NOT
",@KiroGx me gusta ""typing like a retard to make the other person look dumber by pretending to agree with them"" bazinga",HOF
Does it bother anyone else that the planet of the apes timeline makes no sense?,NOT
@DatBoyRayT bitch ass nigga Rico &#128530;,HOF
f u tumblr bc my blog is black &amp; white but there's so many great colored things I could reblog fml,NOT
&#8220;@nypost: If you used the ObamaCare website you should definitely change your password http://t.co/VEd4Yyztok&#8221; hahahahahah that's sad #boon,NOT
Freshman year I remember like it was yesterday. I was lowkey plotting on the baddest bitch. But some clown ass nigguh swooped dat up lol,HOF
"RT @AdamWeinstein: Working theory: This ""selective race"" abortion ban passed in Florida today was just an excuse for redneck reps to say ...",NOT
"I'm sorry but if your costume is a ""naughty school girl"" this yr I will forever consider u a basic bitch. #becreative #followers",HOF
"""@MileyCyrus: bitch couldn't kill my vibe if ya tried. &#127752;&#127752;&#127752;"" dis why i love miley :*",HOF
@KingHov1313 @Pr3ttyN33 song trash....,NOT
All Okies are trash.,NOT
"""@YoungRicooo: Sad knowing that most hoes won't fuck with you bc you ain't got stacks."" wait till friday",HOF
RT @cigarsNscotch: What's black and yellow and not going to win this year? WRONG! The answer is Tiger Woods.,HOF
"RT @daraobriain: Tommy Voeckler keeps the yellow, Andy Schleck does the break of the tour, and Contador is broken. Incredible day for #tdf",NOT
"RT @lovexlilyy: &#128514; what gerry sends me, that damn jig a boo&#128514;&#128529; http://t.co/6LYzRxJ5Wn",HOF
Fake tits? &#8220;@VelvetHoopD: A hoe??&#8220;@Steph_Badd: Can u guess what I was ? &#8220;@DJZeeti: Twitpic your halloween costumes&#8221; http://t.co/ECs7nlEkKa&#8221;&#8221;,NOT
"@ImToBlame listen cuntrag whore bitch, shit be expensive as fuck, man. We had to do PR first that one year, this year was the wedding so.",HOF
"RT @kristinhersh: my son, Wyatt: ""do rednecks have mullets to keep from getting red necks?""",NOT
"I don't fuck with you iffy bitches/niggas. Y'all don't put fear in my heart, y'all bleed the same I do and breathe the same &#10071;&#65039;&#10069;&#8252;&#65039;&#10069;&#10069;",HOF
"Shiiiit @Pontiac_Holmes, drops you a couple extra dollars on that hoe. Get her a Brazilian. Gotsta spend money to make money!",HOF
@JawShoeeAhhh bitch you can't even say no lol,HOF
They took it there bro you know I'm civil. RT @lilmissStoney: @VikkiNoSecrets wait a minute! Lol. Don't get ghetto V!,NOT
GA Charlie @Charlie4927 @sholzbee @DorisTafoya1 @cat_lmbo @Jagauress @Walter_lars @lynnemrnp @AmyMek @Justin_Awe,NOT
Vice News interview with the Canadian Jihadi has the poem I translated f4 u as its sound track http://t.co/7gebzU4Paz http://t.co/WwL05Orih6,NOT
@louisck a video i made -- Porn Actress Sexy Capri Anderson Kissing Video with Charlie Sheen http://t.co/VTH4r762 via @youtube,NOT
@JuiciStrawberry Kik is for hoes.You either gone shit or get off the pot.,HOF
"I keep running under trees or when birds fly to avoid their, erm, being targeted by their lack of a digestive system.",NOT
RT @lovesexdeath_: @TonyJRodriguez im queer as a three dollar bill and my first response to her coming out was sarcastic 'wow really? never&#8230;,HOF
"""@TheoMaxximus: Chrus still supahot tho"" *walks up to teacher with test, drops test in that bitch fohead* http://t.co/nb5VgdssgI",HOF
RT @dominiggaaa: &#8220;@ReallyAintShit: This bitch come up and pull her titty out... What do you do? http://t.co/3p9chkHeY8&#8221; the more the merrie&#8230;,HOF
Maybe if you weren't such a conceited bitch more people would like you.,HOF
RT @Ketamine_Stalin: IF A SINGLE WASP COULD READ THESE #WaspFacts TWEETS THERE COULD BE A PEACE TREATY BETWEEN WASPS AND MAN BUT WASPS ARE &#8230;,NOT
Them quiet girls be hoes to watch out,HOF
Too bad Brandon Lavergne isn't gonna have that vein spiked at Angola. #mickey,NOT
Embrace it. Love it. Flip this group of mine runoff water colored turds off and make a pick.,NOT
Am so high that birds and planes are my peers,NOT
@mis_sarahd @basedpapi1017 tranny,NOT
@FrancoisKilljoy Marshall Law! Whatever you coon,NOT
@SportsGrind @RudyJay711 that was my mock done on a simulator check it out pick your team how many rounds and go for it,NOT
Indiana lost to Bowling Green. Big Ten continues to be trash.,NOT
"RT @Herman_NYRBlog: Yankees shouldn't even bother to show up to Boston, man. Just fold the franchise. Cancel baseball.",NOT
@gallinofmilk fight me hoe,HOF
"""@KnightfanNeal #UCFPINKPARTY come on stay alive knights nation!!!!"" This is still the early bird special. #ComeAtMeUT",NOT
They have a clumsy bird too lol what is life,NOT
Fuck all y'all hoes &#128567; gang shit &#128175;&#128175;,HOF
The same bitches that failed geometry know exactly what angle to use to take that perfect selfie,HOF
"RT @KattWilliams: I hate ghetto loud rude ugly bitches, Bitch you already ugly ... why the f*ck you gotta to be loud too?",HOF
Damn Joe Buck just making it sound like Greinke was trash when he played for the Royals. Chill out Joe.,NOT
NJ-Sole Sole Sauce! Get those soles icy again! http://t.co/kL5KBdIBkh,NOT
RT @CuhCuhCuh: bitches brag about goin to the gym and still be shaped like a patron bottle cuh,HOF
RT @POONSoaker: Fucking bitches throwing THOTS,HOF
"RT @KinGxStoney: Yeah we can't wrestle, might have to rock bottom you foreal ""@VeronicaGK: I'm a big bitch and proud lol let me live""",HOF
"RT @Jimmy_Santander: ""Deme gallo pinto con carne asadita, madurito..y...una milca, amor""",NOT
@intheKCmix The last planet of the apes with my kids... It's been a minute,NOT
@Lvl_7_Eevee @UnicornCowboy @hisorraya I just wanted brownies man,NOT
I said middle school days as in the ghetto way people... &#8212; and what I am nor here to impress you what are you go... http://t.co/qYpvIKcRfY,NOT
RT @RayRayOspeciial: Hate a broke bitch and nigga,HOF
"RT @SportsCenter: Yankees survive 9th-inning scare to beat Rangers, 12-11.
&#8226; Gardner: 4-5, HR, RBI, 3 R
&#8226; Teixeira: 1-2, HR, 2 RBI, 3 R htt&#8230;",NOT
RT @FolllowEsteban: I think the Clips and Thunder would've gave the Heat a good as well...the East is just trash,NOT
"RT @CzarZellem: Hey Liberals,meet @SenTedCruz, future majority leader of the US Senate.Enjoy. Payback is a bitch. #p2 #stoprush #waar http:&#8230;",HOF
@ViVaLa_Ari smh what's wrong wit u ho,HOF
"@justinhall3434 
God bless you whitey. I be sleepin in tomorrow",NOT
RT @TheKizzler: make today yo bitch,HOF
"RT @LorenaSGonzalez: I am a California State Assemblywoman, but remain a proud @Teamsters #unionmember -- celebrating #LaborDay weekend ho&#8230;",NOT
I would love to give this bitch some act right juice lol,HOF
&#8220;@jerseyzbest74: eagles fans dont except the fact that mcoy been trash this year and that everybody figured out that spread offense&#8221; #StopIt,NOT
"@gypsydylann real girls like ""impress me bitch"" &#128075;",HOF
Cavs trash too,NOT
@WyattNuckels shut up niglet,HOF
RT @BlackkHippiee: White girls date black guys who hate black culture and they let their stupid ass white girlfriends talk shit and say nig&#8230;,HOF
Snoop with the hoes &#128514;&#128514;&#128514;,HOF
Johnny is a punk bitch doe,HOF
This is really for @BrianStann RT @JimDaves: @WesDurham Exploding giant yellow ducks. You&#8217;ll appreciate this: http://t.co/SpOhTpl8uV,NOT
(U-turns on yellow) &#161;NO ACEPTAR ESTE LUZ ROJO! (&#9835; Lights taking too long make me bilingual &#9835;),NOT
"RT @janesports: As NFL reportedly asks bird-flipping M.I.A. for another $15M, let's revisit @SarahSpain's column on ridiculousness: http://&#8230;",NOT
"&#128514;&#128514;&#128514; RT@gxdlyvisuals: ""bitch i know you got games on your phone"" http://t.co/I2HyINFIdW",HOF
RT @wleerpcv: My Chinese social media feed is in total hysteria over the onset of bird flu &amp; recent dead pigs in the river in #Shang ...,NOT
RT @lifewitRy_: where these bitches at &#128555;&#128525;&#128525;&#128525; http://t.co/I8zxwKXk71,HOF
I'm late as hell....Niggas really hating cuz these hoes want that lightskin dude in jail y'all crazy,HOF
Video: Charlie Baker remembers Tom Menino http://t.co/vdaOWLZksv,NOT
Gotta bad red bone that look something like Ashanti,NOT
RT @relatabIe: i hate when people ask &#8220;who you tryna look good for?!&#8221; bitch myself bye,HOF
hot nigga is just as big as I don't like was. bobby bitch nice too RT @BLASTography: @WaymoTheGod he won't tho,HOF
@alizahwi Make yo bitch open her legs.,HOF
@mckinley719 oh you spelled give wrong psh thought I'd be a bitch,HOF
"Och hoe wonderbaarlijk dat Jan het alweer met n Marokkaanse BNer aan de stok heeft. Na Fatima, Lamyea, Tofik, nu ook Abdelka te min gevonden",NOT
The Pirates have made the playoffs and the Yankees are out...hell has frozen over,NOT
"You all are retarded if you really Kendrick was trying to diss all those rappers, don't think just cuz names were said he was coming at them",NOT
RT @TylerIAm: Not a one RT @TheDiorHomie @TylerIAm lmaooooooo never saw a bitch at a Deltron concert blood,HOF
RT @vinehumor: Flappy bird is taking over my life. I can hear the bird crashing every time something goes wrong. https://t.co/kuLDr4mabp,NOT
&#8220;@dnumberbefore2: Congrats to kim k .this a great day for hoes everywhere&#8221;,HOF
@I12sing pussy.... I ain't had a coochie since I was 16 &#128514;&#128514;,HOF
RT @MrFourTwentyy: Now when a bitch try to suck the strap that's when she getting kicked out,HOF
"RT @CzickenShack: I'm finally ready to mass market my skidmark-resistant tighty whities, but apparently ""Uncrustables"" is already taken. Fu&#8230;",NOT
That bitch Amanda ran away from me &#128514;,HOF
"Hold all your ghetto labeled and endorsed vodka brands, you can rum me silly any day. 

#ShiverMeTimbers",NOT
@1Corinthians126 #Jesus Genesis 2:19 Out of the ground the LORD God formed every beast of the field and every #bird of the sky #Initiating,NOT
RT @AbortionFunds: Grateful for the profound hospitality of volunteers who open their homes to patients traveling long distances for abo ...,NOT
@SalaciousSully I am always amazed at your resilience to keep on going into the night shift. Is it really better than the T.O. ghetto?,HOF
I ate a monkey. #AndNowIHaveEbola,NOT
RT @karen_gonski: i wish i was one of those girls who guys liked no matter what...ike i could wear sweats and my hair up and they would sti&#8230;,NOT
Nigga pee wee is a bitch,HOF
@Buckm00se @LEXXX_RUGER @ivanrabago_ the kikes want to charge you &#128175; dollaz for the complete version http://t.co/ZJDLwiAjEo,NOT
"BF: I think we need some pet insurance. GF: LMAO, why, what for? BF: Because I'm destroying your pussy everyday.",HOF
"Jindal seemed to be having an out-of-body experience enhanced by special brownies
http://t.co/W0cyEcqKLo
Bj Up and At 'Em
#stribpol #mngop",NOT
"RT @IllusiveHaven: shhhh&#8230;
wrap yourself around me
let me kiss the bruises on your heart
lick your unhealed wounds
and taste the raw wild ho&#8230;",NOT
"""@MLBNetwork: Stay tuned to @MLBNetwork for an update on the report that @Yankees 1B @teixeiramark25 will be out 8-10 weeks"" @dliming35 #bum",NOT
RT @TheTumblrPosts: This is why Charlie Sheen is an idol http://t.co/6ovXRtTxtN,NOT
Pretty bitches with even prettier titties &#9786;&#65039;,HOF
RT @rebellious_midy: Ugly bitches definitely disguste me &#128534; ewww yuck!,HOF
RT @michellemalkin: In which I refresh dhimmi Seattle mayor Ed Murray's poor memory of city's long history as a jihadi breeding ground==&gt; h&#8230;,NOT
"@stevedischiavi Thanks 'Walking Dead' Bro Steve For Mend..USMC ""Come on you son-n-bitches you want to live forever""! DoG",HOF
The only exception with the baby momma is she not stuck on you and ghetto bitch that I will stomp her ass like an African ritual,HOF
Bad bitches only ... http://t.co/ceyb1b3rF0,HOF
You nigga eating these hoes pussy but they ain't worth it,HOF
"@gerfingerpoken2 His job as US Prez, to protect us is throw in trash..Ebola ER at our cost Daniel, both money &amp; lives! DoG",NOT
"RT @dopealbanian: I do know one thing tho, bitches they come &amp; go.",HOF
Hate when hoes try to lead u on naw like lil bitch im coool,HOF
&#8220;@Tinypinkisboss: can't stand a playin ass nigga&#9995;&#8221;bitch*,HOF
RT @hotwata: &#8220;@VSamone: tom ford probably fucking all these hoes&#8221; he probably would be if he wasn't a homosexual,HOF
Why won't we run the ball? Our offensive coordinator is retarded,NOT
RT @Blessedyaszay: #IWantToPunchPeopleWho mock God,NOT
@djfeds bitch just meet me up here lol,HOF
"934 8616
i got a missed call from yo bitch",HOF
"glenladen got life flight to osu and they are saving him, don't mess with the birds #RESPECT",NOT
"""@bigbootybishopp: @white_thunduh lassen cc , the coach wants me"" i feel it youll get more my nig no doubt",HOF
"RT @exjon: Before covering up #IRS misdeeds, creepy little leprechaun John Koskinen cooked the books for Teamsters &amp; Freddie Mac http://t.c&#8230;",HOF
"KaasPiet,bloemPiet.?lol men weet van gekkigheid niet meer hoe ze simpele oplossing tegen racisme moet maken.Zolang maar blanke beslissing is",NOT
&#8220;@TwittahCween: Always tryna degrade girls&amp;shit &#128530; when really..pussy&amp;ass is almost all yall think about so shuuutt iittt .&#8221; Sometimes,HOF
@mayormcginn @usmayors @SenFeinstein White people need those weapons to defend themselves from the subhuman trash your sort unleashes on us.,NOT
RT @UFlorida: @GatorZoneFB It's a bird...It's a plane...It's Jake McGee! http://t.co/WVdLScoDvw,NOT
RT @TyeOnHi: that shit's for the birds,HOF
Memorial Weekend early bird wine walk price is still available! We have 21 participating locations http://t.co/bBYoTneeBn,NOT
"RT @iadorewomen_: A couple &#128107; is ""A couple"" &#128076; Not ""A couple &amp; one"" &#128107;&#128694; Not ""A couple &amp; some"" &#128107;&#128582;&#128581;&#128129; Not ""A couple &amp; plenty"" &#128107; &#128131;&#128131;&#128131;&#128131;&#128131; No hoes No &#8230;",HOF
Oh man. This could be a serious first ever Chanel bag contender RT @evachen212 grape-colored Chanel bags http://t.co/q8ShjIFv,NOT
@MorbidMermaid I swear to god nigger you better still hang with me before work. You got my hype,HOF
RT @RayIopez: When you're approaching your high score in flappy bird and die one pipe away http://t.co/bI1RQ6A1ur,NOT
RT if one of your followers sell pussy but hop on Twitter like they got all the morals and class,HOF
@ashleyypat17 if im trash ur trash since we baes now,NOT
RT @DjChubbESwagg: &#8220;@jemelehill: ::faints:: RT @desusnice: She has no idea how many of her resumes went straight to the trash http://t.co/D&#8230;,NOT
RT @Its_KingWalt: Bruh.. Don't do this RT &#8220;@Trent_W93: Females swear their best friend is the baddest bitch in the world!&#8221;,HOF
Jose Soto: Reflections of a former gay teabagger http://t.co/XtMMuzyK,NOT
&#8220;@KarynHalpin: Where do all the foreskins go when they circumcise a guy?&#8221; the Foreskin Fairy takes them after you put them under your pillow,NOT
@contrarian11 @YouTube yeah. great song. just watching the MSG concert of 1990 Yankee Stadium gig.,NOT
diet coke trash,NOT
RT @jadenleAnn: @22EdHam hit that bitch with a bottle,HOF
Produced by yung @jewros &#128293;&#128293; Bouta drop dis hoe http://t.co/WZyMxoLjNt,HOF
#stateoftheunion would last 15mins if they let the President talk all that standing up clapping is for the birds,NOT
if u eat fried eggs and leave the yolk entirely yellow ur a disgrace and also nasty,NOT
"#RedSox, focus on the #Orioles that knocked you out last year, and not your hatred of the #Yankees for um-teen years! LOL!",NOT
"RT @__iamjazz: ""@shaaaaayy_: i wish i was born in a different generation , cause yall just make my pussy bones hurt . sicken ass children .&#8230;",HOF
It ain't nunn to cut that bitch off&#9986;&#65039;&#9986;&#65039;&#9986;&#65039;&#9986;&#65039;&#9986;&#65039;&#9986;&#65039;&#9986;&#65039;&#9986;&#65039;&#9986;&#65039;,HOF
"i'm sorry i called you a gap-toothed bitch, its not your fault you're so gap-toothed",HOF
"RT @FOOTBALL_4L1FE: &#8220;@TheRealYoungZel: Nah nigga you blowin dick ""@TheReal_Salmon: Smoking that exotic bitch blowin O's"" http://t.co/6tiQTx&#8230;",HOF
Wait. What in the mudda cunt hypocrisy,HOF
RT @koolestbreeze: Thanks Charlie!! http://t.co/iw06cCEkND,NOT
Hypocritical little bitch,HOF
"Rose colored glasses only, you guys. #wvnextin6",NOT
"I hope the Yankees get Soriano, shoulda never gave him away for Alex Rodriguez",NOT
Thursdays really been trash this season @nfl,NOT
RT @indykaila: Exclusive: Ars&#232;ne Wenger gave two yellow cards &amp; red card while refereeing a charity match in Rome. @Arsenal,NOT
"""@MaxMayo77: http://t.co/XpSC3makgJ"" sexy lad with hot soles and arches.",NOT
@kilmeade @foxandfriends don't you mean crowd not crows,NOT
"""@SportsCenter: USC senior RB Anthony Brown calls head coach Steve Sarkisian a racist and quits team. &#187; http://t.co/JOOsdSubIR"" he's a bitch",NOT
Like keke say real niggas got a heart too it just take a real bitch for him to show it,HOF
""" these hoes like niggas that spend money not talk bout it """,HOF
"RT @D_Sidbury_: &#8220;@lookwhogotit: All of Kate Upton's leaked nudes today &amp; more &#128525;

&#11015;&#65039;
http://t.co/BW7ldA56mI http://t.co/sWztntfdGn&#8221; bitch lo&#8230;",NOT
1-800-slap-a-hoe,NOT
&#8220;@FabianMleal: I'm fucking tired. Ending the night with some rips&#127809;&#128293;&#8221; so much for hitting me up bitch,HOF
Twitter is trash,NOT
RT @Sttbs73: I see the crazy #teabaggers have given up on defunding Obamacare and have moved on to using veterans! #1MVetMarch,NOT
RT @Sam_James3: @will123_william @haydenhill13 @aknadnrye @khalilreed I don't care tho cracker,HOF
&#8220;@SarabiaErik: I just accidentally ate a pot brownie. I guess there goes my pledge of being drug free for life . lolz .&#8221; Lmao #College,NOT
"RT @AIanHangover: If I've ever offended you, im sorry..

.

.

.

.

.

.

.

.

.

.

that you're a sensitive lil bitch.",HOF
Can we revisit @ChairmanL's idea of two teams of @Yankees playing against each other? I would like to see a game every now &amp; then.,NOT
Lmfao no you didnt RT @SS4_Fresh: @vivelacourtney got cute new avi and all but she too old for colored contacts &#128073;&#128064;&#128584;,NOT
almightydavehunna's photo http://t.co/QFK2jhStc4 haha bitch ass Shmedium hit that hoe with that caption &#128557;&#128514;,HOF
"&#127813;&#127813;&#127813; RT @GottliebShow: ""Killer line?"" @SBNationNBA: Josh Smith dropped a killer trash talk line on Kenneth http://t.co/C8d3sJoUpj&#8221;",NOT
"RT @SUCKEDOFF: 3 MOST COMMON WHITE PEOPLE ACTIVITIES:

1. Wearing Tapout

2. Shooting up schools

3. Calling you a nigger on Xbox",HOF
"&#8220;@KeAuraM: &#8220;@whitegoddesss: Repost . http://t.co/GCSrbhqoQP&#8221;&#128079;&#128079;&#128079;&#8221; ""kush blunt convos""?? A simple minded ho made this pic I bet",HOF
@SalaciousSully hopefully not back in da ghetto?,NOT
I hate Hashtag activism. No lie. I think 95% of it is trash.,NOT
The ending to that Yankee game was so planned I can't even take it,NOT
"RT @intelwire: Significant number of US tweets were Americans flipping the bird to IS. UK, not so much.",NOT
@theejustinholt trash of the cowboys beat the redskins twice last year &#128517;,NOT
hit the strip club and see some bitches I went to school with......,HOF
I already know you trash if being tatted is on the list of things you want in a nigga..,HOF
@Mick_Peddicord8 thank you again mick,NOT
Epic mickey time? Nahh.. Two and a half men while i shiver. Tht sounds more like it.,NOT
RT @King_Gerry_R: Remember all the trash on the floor of your car? We upgraded it &amp; put Wale's The Gifted so it feels like your old car htt&#8230;,NOT
"Its #ArabSpring Training, Charlie Brown! #rejectedpeanutsspecials",NOT
Poof. Vamoose son of a bitch,HOF
Only tweet me if that pussy got superpowers,HOF
RT @hanginwitcoop: &#128514;&#128514;&#128514;&#128514; RT &#8220;@Peso_Peso_Peso: wtf this bitch broke her arm eery time she hit the shit https://t.co/7CtLW9eNjX&#8221;,HOF
"Them pretty nail bitches, them bail you outta jail bitches.",HOF
"Welcome to the family, Mia Meli! #new #puppy #adorable #cute #fluffy #mutt #mybaby #girl http://t.co/a27C1XueZP",NOT
This pussy dryer than yours... RT @LoyalLamb85: Drier vs. Dryer :(,HOF
Throw a rager on your sweet 16 and everybody bring you presents and cards to my crib bitch. You grandma even bought you bday cake ova here,HOF
Nah my nigga just tried to set me up with the ugliest bitch of all time at the club just now. We officially ain't friends no more dawg wtf,HOF
He run his mouth just like a bitch I had to cut em off,HOF
RT @Meechgod: &#8220;@1017_Sqquad: But it's some bad bitches on backpage ... You might find one of yo followers on there too &#128064;&#128064; &#128056;&#9749;&#65039;#WhereTheyAtDo&#8230;,HOF
They got David taking out the trash &#128514;&#128514;&#128514;&#128514;,NOT
Thats my bitch when i feel like it.,HOF
RT @WBeezy_: Rohan a bitch yo &#128514;&#128514;,HOF
&#8220;@AlanaaaXP: Some of yall hoes nasty yall find out yall sharing or shared dick with a dirty ass female and still fuck the nigga &#128567;&#8221;,HOF
"RT @LeMarquand: Jihadi-In-Chief Hussein Urges restraint in Fighting Islamic Butchers&#8252;&#65039;Apparently, we SHOULD be nice to ISIS...we might hurt&#8230;",NOT
How can I not take my style back from niccas when niccas was taking my style WAY before.....Preach @1future &#128175; #RNS,HOF
@JAYREIDOFFICIAL a nicca anxious to hear that shit my g,HOF
Surrender of Divinity - Conquerors of the Apocalypse: http://t.co/9Qv5RsY1p3 via @youtube &gt;Oriental Black Metal Hell!!,NOT
"RT @scottvtracy: @AbuYazidMuawiya @amustafaanbari1 Congratulations for reinforcing the stereotype for insecure, uneducated, uncivilized, ba&#8230;",NOT
Hoes will be hoes lol,HOF
Jihadis are running a claim that the King of #Saudi Arabia died two days ago. Must be the bombs falling on em that r making em hallucinate.,NOT
I have to dress up tomorrow for mock interviews and I still don't know how to tie the tie &#128530;,NOT
"RT @AdviceToWriters: A bird doesn't sing because it has an answer, it sings because it has a song.
MAYA ANGELOU

#poetry #writing",NOT
@syd_renae okay cool then I'm not the only one &#128520; mine is black and fuzzy and it has PINK on the back in all sparkles &#128081; hallelujah,NOT
"""But I need a bad bitch that's hotter than me"" might be the realist shit PartyNextDoor ever said. That's how I be feelin everyday",HOF
Now I am seeing chatter among Jihadi fans taking credit for an alledged kidnapping of a Frenchman in #Algeria #France,NOT
@gundeathjournal @ackdoc @nra lax gun laws? Ur retarded. There's murder there bcuz no one can defend themselves. Only crooks have guns there,NOT
&#128514;&#128514;&#128514;&#128514;&#128514;&#128514;&#128514;&#128514;&#128514;&#128514;&#128514;&#128514;&#128514;&#128514; RT @PushupSensei: McNair had brisket sizzlin on the grill when his side hoe laid the Uzi game down,HOF
"Same. RT @TylerIAm That was back when i found myself listening to mad """"""""""""real hip hop"""""""""""". Zero bitches in sight",HOF
got like 4 hoes in my low pro,HOF
@whiteangelss84 y dont u end us monkeys then? U hate us because were better than crackers &amp; I love it. Deep down u know weve done nothin 2 u,HOF
"@TheRealSaigon What are you gonna do? I'ma chase you out the club, like mobb deep did to you, pussy.",HOF
RT @chicagotribune: Chicago will not refund $7.7 million made from red light tickets issued after yellow lights were shortened http://t.co/&#8230;,NOT
Flappy bird instead of studying? Sounds great.&#128527; &#128555;#flappybirdisruiningmylife,NOT
@Tee_Bizzle hoes* are more fun,HOF
"@NG5_ Thirsty Giants are always like ""ho, ho, ho""",NOT
@sweetlou462 thanks Hun. &lt;3 I'm so crushed. I love working out. It'll be 2months gone by the time I go back. :/,NOT
RT @ImJustCeej: RT @BarackOMamba: RT @IntenseDesire: Bow wow look like the stress of saving a hoe is wearing him down http://t.co/mTzjAAc0W2,HOF
"""@likemicah: Y'all dumb ass niggas be so pressed to have hoes. Y'all weak as fuck as fuck"" ...weed over hoes, oreos too.",HOF
"#HelloBrookland! We're here at the @MonroeStMarket opening! Serving free samples of cider, vegan sliders, brownies! http://t.co/BW9uYtLQu1",NOT
"""riding with my bros still don't trust these hoes""",HOF
Bad Asian bitch yea she look just like Kemora,HOF
"So my light was off &amp; door was closed , mom walks in turn lights on . Tells me to take trash out in the morning . then walked out.. Light on",NOT
"RT @aekulze: In Hopes of Recruiting More Women, ISIS Opens Jihadi Finishing School http://t.co/xlxdfZxS9s @vocativ http://t.co/E3hhzNThrk",NOT
What the FUCK? THO? REALLY? The Entire FUCKING #World #MEDIA is has gone #Obama #retarded not to know #medical #science PROTOCOLS? #wuh?,HOF
@TRUESMOKERYFB im coolin you know me same ole shit different day my nig,HOF
"@firemunky I said I'm a vagina, but not a fag. Who HASN'T seen that movie?",HOF
When hoes be sayin they sexually frustrated or need some dick http://t.co/UaVDkZBAut,HOF
RT @PeteRose_14: On this day 1941 the #Yankees Joe DiMaggio goes 0 for 3 with a walk vs Cleveland #Indians to end his 56 game hitting streak,NOT
RT @DumbTo: Polly want a cracker? #DumbTo http://t.co/zC8MlwnEUc,NOT
RT @JAYREIDOFFICIAL: Check out JOY and PAIN my nicca @Im_Yung_Jay #mme1636 #blackkingz https://t.co/EZuQc2KnYG,HOF
Lol you're a cunt liar and I hope you drop dead k :-),HOF
RT @Medz4u: &#8226;not all black girls are ghetto though,NOT
@TrustNunBut100s aight bet we in that bitch too,HOF
"Tell them hoes come here , cause it look like they forgot bout me , but the fact that they aint seen me , that should say alot bout me",HOF
RT @LouieVRee: If that nigga Santa come to the hood niggas gonna rob him for his sleigh and his ho ho hoes,HOF
"""I fucking hate that bitch so much I wanna smack her in the face then tongue kiss her""",HOF
Hugs or Kisses? &#8212; Hugs. It gives you a warm fuzzy feeling. http://t.co/HRY3sVlwgs,NOT
Yas bitches YAS &#128588; http://t.co/bsrWTMKw87,HOF
"@kboydee like some of the ""worst"" lyrics they post are beautiful but just because they don't know what they're talking about, it's ""trash""",NOT
RT @FoodTabloid: Oreo cake http://t.co/iJ0idCAQMl,NOT
It's funny how girls are crying over their nudes being on IG like bitch why you sending nudes to begin with?,HOF
Apple need to add some colored emoji,NOT
&#8220;@Queendev_: @what_evaittakes I couldn't find anything to hold my hair up let alone put a pony in&#8221;no bitch I said post a busted pic&#128557;,HOF
RT @ThatsFoodPorn: Oreo Donut http://t.co/obytemi3Ed,NOT
"Im wearin one of walmart jackets around walmart, is that ghetto? Lmao fuck it.",HOF
@NTXProgressive Yeah..cause if anyone thinks this clown went to @target to buy Oreos is as stupid as all of them look,NOT
@_Aly_baby_ well at least If you're going to do somthing you do it.. And don't bitch out.. Even when it's the wrong thing &#128527;,HOF
RT @FAIthfull_pussy: I'm the coolest bitch &#128526;,HOF
"A homeless dog living in a trash pile gets rescued, and then does something amazing! Please share. http://t.co/SzpStdxmn6 via @youtube",NOT
@tweetstar10 Saw that there's a 15&#176; slope to the wire? That enough for a zip-line? #businessopportunity,NOT
I may or may not have at least 4 FOB related tattoos already planned out.,NOT
RT @kitcoskjones: im soooo over having a bitch it aint EVEN funny lbs....,HOF
Oh I forgot we lived in the ghetto....#hoodrats,NOT
RT @cthagod: Lance Stephenson trash talk didn't affect anybody but Lance Stephenson,NOT
RT @juliebenz: I drink unicorn tears... RT @thecarnage07: @juliebenz And they say blondes don't age well :) You look like you're 20 :) ho&#8230;,NOT
@NayNooski @kboavz which one bobby bitch or hot nigga?,HOF
That bitch got 631K followers but drive a honda &#128563;,HOF
Ruley a bitch ry,HOF
#philhughes @Yankees #nyy better then UR whole team,NOT
RT @GuiltyZoE: &#128514;benzino bitch wasn't ready &#128557;&#128557;&#127821;,HOF
RT @StonerBoii2cold: &#8220;@TreVaughnLG: Moma said no pussy cats inside my dog house&#8221; that's what got bro nem locked inside the dog pound !!,NOT
"I'm making a t-shirt. It says ""Ke$ha, the white trash slut I wish I was."" for teenage girls with shitty tasted in music.",HOF
"and another one &#8220;@07Cannon: Two hoes? RT ""@xoxo_imaunicorn: y'all know what we are?! &#128514;&#128514;"" http://t.co/XI5Aod1FAo&#8221;",NOT
RT @iamKatJohnson: RT @1inkkofrosess: It's bout that time were I feel like beening a hard working woman .....and a stripper hoe by night do&#8230;,HOF
"I'm from #SouthChicago so I know it's bad but...bitch, it ain't like you live in Englewood! #FOH",HOF
RT @Justcallme_duh: karmas a bitch my nigga,HOF
"Come home from work to Bridesmaids, Twinkies and a bottle of wine #bestroommateever @TheFaithAnne",NOT
@JuliaDBrock Are we still talking about animals? I know some Asian folks that would love to see how you prepare your pussy before eating it.,HOF
RT @Marlin_FishyAss: Damn hoes askin niggas do I smoke.... No bitch u not getting smoked out tonight,HOF
RT @AnnTelnaes: Halloween candy corn bird http://t.co/kTNbyuTYKw,NOT
"!!!!!!!!!!!!!!!!!!""@T_Madison_x: The shit just blows me..claim you so faithful and down for somebody but still fucking with hoes! &#128514;&#128514;&#128514;""",HOF
@stevemaxboxing that's what the little egotistical bitch deserves his head is huge for someone who gets KO'd when the wind blows,HOF
I'm known around Tampa as the ugly kid with no hoes,HOF
Dumb ass student gets trapped in a giant #pussy sculpture http://t.co/5IzMLkvZZV #germany #wtf #funny #hornymen,HOF
I love all my bitches. And Im ridin for all my bitches no matter what.,HOF
"RT @suckdisdpiece69: I'm gonna rock out with my cock out, and you're gonna jam out with your clam out",HOF
"""How about we draft all those gung-ho folks and send them to Afghanistan or other war zones so they can show their... http://t.co/sR1zceHx",NOT
"@JennyTripleTit it's also a bird, a city, and a math theorem. I make no assumptions!",NOT
@JjLoveUp tranny,NOT
RT @Males_Thoughts: No bitch ass chick flick will ever be as sad as this movie http://t.co/o0sk0SM40f,HOF
"I swear, new bitches here me rap and its a WRAP !!",HOF
RT @zoejoiner: if you're gonna trash talk my piercings don't say it in front of my best friends &#128514;&#128514;&#128514;&#128514;,NOT
Some rednecks just raced down the freeway &gt;_e,HOF
"""@theaveragerocks: Hardcore way to eat Mac and cheese
1. Boil water 
2. Snort cheese powder
3. Drink boiling water 
4. Fuck bitches""",HOF
RT @5SOS: It's the best thing ever driving past crowds of people at shows and seeing bandannas coloured hair 5sos shirts that you've made o&#8230;,NOT
"@TheBlondeBetch WHOA sorry for the spell check error, its not ho it was hey so sorry",NOT
"Meet India&#8217;s amazing, death-defying monkey king &#8594; http://t.co/dGcmLFSIrh http://t.co/VYw3FsWwdv",NOT
Lil cuz need to help a bitch out,HOF
Yes. And favorites this. RT @StraightCash08: @202SOLE please tell me you didn't buy that trash,NOT
@madi_kat @OGJaredH too pussy or what?,HOF
"Nigga fuck hoe , ion want fuck yo hoe , she a fat chick &amp; she bad built &#128080;",HOF
RT @NiallOfficial: Absolutely perfect day in London! Suns out! Gona be a cracker at wembley tonight ! Yeaaaaahhhh!,NOT
"Good day, honkies. ...I said GOOD DAY! ...honkies.",NOT
It's the most hillbilly thought ever. A thing is a way ONE TIME or to ONE AUDIENCE and therefore it must be that way always.,NOT
""" bitch get up off me """,HOF
Do you really believe people evolved from apes? &#8212; Not really. I'm quiet convinced with the evolution of man but ... http://t.co/1RswGNpLtc,NOT
@FaZeDAVlS @SoaR_Wvyy @SoaR_Haze @FaZeOutcsT this is gobbledy gook to me because i dont have the game,NOT
RT @CockyBelichick: Time for the comeback pussies. #kisstherings,HOF
&#8220;@Yattabing Cavs trash.. Heat trash.. Smh&#8221;pat gotta make trades,NOT
"Speaking of ford and garland, I need to get my sub from there. And a job application. Lol killin 2 birds with one stone!! #merica",NOT
If a bitch annoying she getting left.,HOF
RT @joytooawesome: @gorgeouss_kee @vintage_monroe_ bitch nooooo ! Kim been mine you dreaming,HOF
RT @KarlenaSkiff: Could never date someone with yellow teeth&#128567;,NOT
@Mightyy23 well I for damn sure ain't putting on no pussy ass romo jersey,HOF
Goodbye hop plants ! Time to dink u!!!! Luv it!!! http://t.co/ImsIE8MKJm,NOT
RT @iCumNpeace: Niggas talk more than bitches these days...,HOF
RT @ClassClownKJL: Those 2014 NBA All Star Jerseys look retarded...They look like the combo of a NFL jersey &amp; a FUBU jersey,HOF
Here we go brownies here we go! WOOF WOOF!,NOT
@Oskzilla fuck you fag!,HOF
"RT @andrenickatina: Bitch at MacDonalds say..""U look a lil devilish 2day homey""..Oh well bitch..I WOKE UP LIKE THIS-I WOKE UP LIKE THIS(Bey&#8230;",HOF
&#8220;@zt0mm: Traded in my nikes for a new mic.. I guess it's safe to say he sold soles for his new life ... -bada$$&#8221;,NOT
"Come on Tank, break dem hoes backs!",HOF
"I'm Camera Shy, Don't Talk on Phones and Love when it rain.....If youn kno the life you wouldn't understand",NOT
RT @_BeautifulKeezy: &#8220;@100046729: &#8220;@_BeautifulKeezy: let me sit this ass on you !&#8221;@Leelucas_&#8221;bitch you and Chris better Gtf &#128080;,HOF
@ryancommakerry @dianaaaxo @JennaAmendolare guys number 42 on the Yankees looks like uncle Stevie LMAO IM DYING,NOT
@heydenbunsyolo really u use in another nigga name and u follow a nigga who doesn't fucking like you your a faggot kok eyed mother fucker,HOF
You wanna watch the game she wanna watch #scandal but yo bitch ass didn't buy her another tv so you gotta take da L,HOF
RT @xenakix2243: Feeling the crisp fall wind spinning around me and watching the colorful leaves fall like rainbow colored raindrops slowly&#8230;,NOT
"RT @renz360: Got 5 20% off slots for sole sauce for the early birds today 

Use &#8220;SAVE20&#8221; at checkout 
 
http://t.co/x5bq5vzpPK",NOT
@yeXystuSm8 @HeilSidious Because either way that makes you a bitch.,HOF
"@BeavisCumia @jimmysdong
Dat cat gonna scratch all up on dat colored boy and he gonna end up in da chow mein",NOT
@Buckm00se all I remember was the fat bitch stealing the KFC bucket &amp; hauling ass,HOF
Y'all sleep on Shy Glizzy &#128564; Young Jefe&#128520;,NOT
"RT @sweetromance: @1visionamd @Redeemed1952 @AZWS Once again, birds of a feather....",NOT
Man talk to em RT @StraightCash08: Of course nothing is wrong with applebee&#8217;s if you like trash food.,NOT
"Oh look, Cutler didn't step into his throw and threw an int. Nice flat footed throw cunt.",HOF
"MURDER HER RT @RepMyCityX: When u fuck with crazy bitches shit like this happens :(
Feel bad for ol boy http://t.co/IjacWo6OB8",HOF
@TweetfrmtheSole it&#8217;s the entire pats bandwagon. They&#8217;re faggots,HOF
ISIS Supporters in America: The Jihadis Next Door http://t.co/u0YHWkD34c http://t.co/0XHPbRL9EQ,NOT
it's so weird outside. it's like yellow.,NOT
@WhosJuly 1) He's a faggot and I don't like him. 2) I'm on the other side of the state.,HOF
Gas is always cheaper in the ghetto,NOT
@saucygyro she's a dyke &amp; looks like she's 12,HOF
RT @OfficialA1King: The face you make when you see a hoe trying to preach on twitter http://t.co/2T1UkUDQBw,HOF
Work right now is bitch,HOF
"Cheez-Its, Honey BBQ Lays, Oreos and a monstrous glass of 2% right now. I'm the skinny-fat poster boy.",NOT
"Tolerance? What, in sharpening knives? 200+ years Jihadis have been a pain in our a$$. @GermanShepher10 @crookedwren @allahpundit @JammieWF",HOF
Wintertime .. Bout to turn the grind back on .. Don't spent enough money wit u niccas,HOF
Niggas cheat on they bitch and don't expect no pay back WHATSOEVER. Yall just as naive as these bitches.,HOF
"RT @ManiChakr: @ArvindKejriwal itni bahaduri!!! interviews mein to hamesha marne ko tayyar rehte ho, got scared of crackers? LOL http://t.c&#8230;",NOT
I hate when bitches only wanna talk to me is when their bf breaks up with them or theyre on break with their bf. No nigga. Fuck out my inbox,HOF
RT @Elisaa_Martinez: Happy birthday cotton picker lol @1NOnlyDirtyMike,NOT
RT @IAMMISSRAMIREZ: Charlie Sheen is the man lol http://t.co/FCfSbvAphh,NOT
OHH&gt; #whine #whine #whine says my #faggot #ass #steroid CREAM FORGIVING #Giants&gt; Is #busterposey takin' shot from #barrybonds? Is that it?,HOF
RT @Mr_Dam0n: Denial is a bitch #youresilly,HOF
i still don't understand why bitches at my high shool would put on false eyelashes every fucking day,HOF
Sweet Jesus #morningjoe are you going to split screen Rep James Clyburn &amp; Charlie Daniels at the same time? #morningjoe,NOT
A bird just flew into my window?????? I hope he's okay &#128563;,NOT
shout out to pullz cuz I kno if I was trash he would have kept it a buck... I swear he had every I made jus cuz n actually bump dem too,NOT
"RT @JareerKassis: Charlie Rose: Can you coexist with Israel? Meshal: *Not* as occupiers. After that, national consensus will decide, not Ha&#8230;",NOT
@BNightengale @FeinsandNYDN Time for Ranger scouts to head out and watch some Yankee prospects. #rangers,NOT
Benzino is a bitch point blank period,HOF
Ya last nicca couldn't beat it ... I hit it like a free throw!,HOF
"'Scandal' sex scene airs on ABC right after 'It's the Great Pumpkin, Charlie Brown,' making parents angry http://t.co/vltSpK8U4S",NOT
Finally got an updated pic with angel wing colored http://t.co/nWN9qRt5Xd,NOT
Lol colored contacts played out.,NOT
"Ayy yo @Ray_Lakee my nigga @who__CHRISJONES be all up on da,pussy not lettin dat muafucka breathe.",HOF
"Black Dynamite! &#128514;&#128514;&#128514;&#128514;&#128514;&#128514; ""All the hoes gone?! My dick harder than slavery!"" *wall-slides*",HOF
"I ain't going to movies, hoe we straight sexing.",HOF
She burned that bitch,HOF
RT @FightsOnVine: Bruh this bitch is possessed by the thot demon https://t.co/6fa2iiXs6m,HOF
Dumb bitch https://t.co/We46wO15nI,HOF
@_travvv's pussy. http://t.co/aXm9PCw95T,HOF
RT @BlazeTheGreat_: I hate when niggas get mad cuz you fucked they girl when really he should be happy you showed him that bitch unloyal,HOF
"RT @metroadlib: i thank every broad in the universe who takes that step forward &amp;puts colored contacts in her eyes.
that's one less person &#8230;",NOT
"From the archives: @ThatAndyRoss&#8217;s My Favorite #Bond_age_ essay on THUNDERBALL, The Story of a Shy Kid and 007 http://t.co/on5t60rMFb",NOT
"RT @BrosConfessions: ""Ate pussy for the first time today. All I have to say is ... I think I may have a new favorite food""- Michigan",HOF
RT @DeepInHerGut: Anything said bout my moms b would of led to a bitch getting stone cold stunner,HOF
RT @EmilyWCVB: RIGHT NOW: NewsCenter 5 projecting Charlie Baker will be Gov-elect by a razor thin margin http://t.co/1qC9q6P1cL #wcvb,NOT
RT @cotydankh: don't make me pull out the pokeflute hoe http://t.co/yFN3PdMdy1,HOF
Bengals kicker trash.,NOT
@trix2343 I have something that you don't bitch. Always remember that.,HOF
I'm finna see the Yankees win a baseball game,NOT
The redskins should change their name to the injuns,NOT
&#8220;@_BeautifulKeezy: these hoes be playing w/ me like I won't send baby Cain at they niggah !!&#8221;yesss messy.,HOF
"This guy is nits&#8220;@Lucci_Dpc: i learn new things every day, u the only one still talkin bout jim crow. There go that republican hypocrisy&#8221;",NOT
RT @tbhjuststop: my score on flappy bird is higher than the broncos score right now,NOT
&#8220;@HeyKeifer: Golden Oreos &#128016; regular Oreos &#128686;&#8221; YES!!!,NOT
Buddy a fruit &#8220;@Deion_MVO: @Vonteeeeee Brandon said you a dirty ass coon&#8221;,HOF
"Abby doesnt understand how beautiful she is, bitch you is straight up trippin. You know guys be droolin boutchu. Dont play. Lmao",HOF
RT @Coolie_GBE300: I hate when niggas be slobin all on the blunt like they eatin pussy &amp; have the nerve to try &amp; pass it. I'm good nigga I'&#8230;,HOF
"RT @scott1023: ""I said thin mints bitch"". http://t.co/yRVQjxeyqO",HOF
Till Michonne gutted dat hoe,HOF
Grant bitches more than a 14 year old white bitch,HOF
RT @If_ItAint_B: Miami isn't a good city at all...don't believe the shit you see on TV that city is trash.,HOF
RT @sorryimalex: &#8220;@lametears: i only rted alex ramos aka trash to gain followers&#8221; #vote5sos,NOT
Slide in the pussy like a surfboard,HOF
@discordianslip If you say one disparaging word about the Charlie Brown xmas special I will slash the tires on your car.,HOF
Word to my bird! http://plixi.com/p/60040730,NOT
Will be interesting to watch how Interlagos grips in this weekend. F1 cars basically the guinea pigs for WEC later this month.,NOT
The music stop playing and all you hear is fuck you bitch I'll Spit on you &#128514;&#128514;,HOF
RT @4550Empire: @QuintinMvP @_200_Soetan yea u know these lil bitches be stalking are twitter for they niggas&#128565;&#128514;&#128514;,HOF
"What they taught us, man them bad bitches only want the ballers, the starters.. We hoopin now the hoes wanna guard us..",HOF
All I want is cheesy bread and brownies &#128523;,NOT
@slayerific13 @daisymcgarr Like I said.. I might have to check but I'm just not sure bird shot counts as getting shot.,NOT
RT @ChinaAfricaBlog: A nice round-up of voices in #China #Africa relations: 'China-Africa Trade: The Oriental Allure' http://t.co/7DWJovmeB&#8230;,NOT
"I would bitch about the weather being bipolar, but I'm just gonna appreciate how nice it is instead",NOT
Photo: Giving you that trailer park trash. #transformthursday #ladykimora #vegasqueens #vegasshowgirls http://t.co/LjejFufULK,NOT
@CallNeeshCakey pop wop and drop it tho,NOT
"&#8220;@isadore911: @VernNotice what about the doc?&#8221;

He's a pussy. He ain't going anywhere.",HOF
@gln @capotej Do you think the guinea pig was okay? :(,NOT
"RT @Yankees: #Yankees win, 6-5, on a #walkoff single by Derek Jeter!!!!!! #FarewellCaptain",NOT
Yall bitches should be girlfriends for Halloween since yall been sidechiccs all year &#128514;&#128557;&#128564;,HOF
"@KeithOlbermann I feel the same way about the bigotry and racism of using the word ""redskins"".",NOT
RT @MyDickIsCalled: My dick is called Eggo because bitches never want to leggo my Eggo.,HOF
fuck this fat mexican bitch.,HOF
"All trash RT @nicekicks: Now that's a lot of stolen shoes...

https://t.co/q0wswXE7Fw",NOT
@Roc_SS @BallHawk_Carter nah son we ca go half if it was my girl bitches be wanting to spend 400 and up on some fake hair,HOF
"Congrats on being a cunt, and doing your make up worse than a 12 year old. Ugly bitch",HOF
"RT @SportsCenter: Peyton Manning's remarkable season:
&#8226; 5,477 Pass yds (NFL record)
&#8226; 55 Pass TD (NFL record)
&#8226; 450 completions
&#8226; likely ho&#8230;",NOT
RT @GMB_Ace: Lame bitches always Wanna try 2 Play a real Nigga like a Lame Bitch das how u get treated N cut loose&#9995;,HOF
@mdsaab1 lmaoo abo crusty hands,NOT
RT @Alleycelestine: &#8220;@ViriDoesItt: Kissin small lips is trash lol..&#8221;!!! Yessssss,NOT
I need a Spanish WOMAN. They don't have ghetto names. They can cook. They down with u till the casket and they curvy.,NOT
"""@HermosaAlma: This isn't ghetto.....it's smart https://t.co/MPAzQ3Jswf"" I'm doing this idc",NOT
"&#8220;@iamkrause: All I see in every #IfTheyGunnedMeDown tweet... http://t.co/XWmkac1Aw6&#8221;
Dis be like da colored Brady Bunch",NOT
@TNKidsFoodPorn @Oreo ..............&#128530;,NOT
Merry Christmas to all y'all bitches and hoes,HOF
Should #Oscar go to @AndySerkis or #Computer that turned him into an ape? http://t.co/oWgoCjxpXs NO...The #ComputerScience major #Movie,NOT
"@BroadwayMensa hoes not women, like to be the center of attention",HOF
I'm a sucker for colored eyes &#128532;&#128532;,NOT
&#8220;@WillyC14_: &#8220;@urbie_6: #SingleBecause ill find a cute hoosier to date next year &#128527;&#8221; @Tgold32&#8221; @connorbradley,NOT
@Ish_MallyMal @JayJuice22 all trash to me,NOT
!!! RT @mayasolovely: As a woman you shouldn't complain about cleaning up your house. &amp; as a man you should always take the trash out...,NOT
@21Cvasquez little bitch your ass is getting tased when I get home,HOF
RT @_ButterPecanTan: half y'all bitches side hoes and don't even know.,HOF
Swap meet bound #beaner,NOT
These peanut butter brownies bout to give me life too! &#128523;,NOT
"#FemaleLogic is worse than the jig, I'm convinced",NOT
Aren't these little border jumpers supposed to be in school,NOT
"bitch I'm eating!!!!!! you are so blocked!!! RT @MayaAngelouFRO: STOP WHITE PEOPLE 2014 http://t.co/u7oXMK8nup""",HOF
"RT @marksidaway: Last time #xfactor auditions came to Dublin, I auditioned @MaryByrneMusic and @NiallOfficial. And a man in a blue monkey s&#8230;",NOT
Zack still questions my love for Oreos lol,NOT
Why do some girls feel the need to be bitches for no reason at all,HOF
&#8220;@lifeof_brandon: @100046729 we'll be together&#128521;&#8221;yu gt a job hoe.,HOF
"@AndrewTaran That's a nice color combo too, love the blue and yellow.",NOT
"If a bitch don't like me, sumthin wrong wit da bitch",HOF
RT @lildurk_: S/o all my real fans who can wait and not want me to put out trash like other rappers #signedtothestreets2 #iGO,NOT
"Just cuz he looked at you doesn't mean he likes you, hoe",HOF
bruh YouTube a bitch ass nigga bruh on me bruh.,HOF
"RT @_wintergirl93: I don't wanna hear Sgt. #Tahmooressi's name come outta the Preezy's mouth. He couldn't be bothered then, keep his pie ho&#8230;",NOT
"I wept when #ThurmanMunson died, and I weep 35 years later. #Captain #Yankees",NOT
@MSoltan18 @Jordan23Junkies it's supposed to be grey with speckled blue midsole and the soles are more yellow than icy so pass,NOT
RT @HighSociety26: These old hoes is madddd that @DrayaFace and @MalaysiaPargo slayed they attire!!! #BasketballWivesLA #DrayaMondays #Mala&#8230;,HOF
@_tiffnasty some niggas didnt desrve to have that bitch in the first place,HOF
Damn that bitch dumb,HOF
@MaddSlander &#128514; welcome back b.. without your daily rants my TL was trash af,NOT
So this dumb bitch had an opinion bout wtf I post on my instagram the time it took to write a post&#8230; http://t.co/NUzmxspxUS,HOF
eagles are fucking cunts http://t.co/nK2CO0snNv,HOF
RT @MCGetBizzy: Rise of the planet of the apes http://t.co/Ww3xbbUJg7,NOT
"Well, jhud is giving me 'bae just got home from work and Ima throw the pussy at him' http://t.co/2KBSxaMddg http://t.co/EsZjSuqYIQ",HOF
On a mission to find some zebra cakes,NOT
"""Yup. Fuck em @Aloha_Hoesss: Playing like trash RT @80sbaby4life Clippers don't wanna play lol""",HOF
@Ish_MallyMal August is trash,NOT
RT @AP_Noticias: #&#218;LTIMAHORA El republicano Charlie Baker elegido gobernador de Massachusetts. #Election2014 #APracecall http://t.co/qkbWQ&#8230;,NOT
@garrett_winker bitch I wasn't following u in the first place get the fuck off my tl.,HOF
RT @DFkinLopes: Your room bitch RT @MackinAintCeezy Tell me somethin dirty &#128520; http://t.co/0B0PZ8J4cM,HOF
All I ever want is for someone to love me as deeply and devotedly as Charlie Kelly loves the waitress.,NOT
"RT @iluvdrugz: if a bitch dont act crazy over you , she dont really want you. &#128080;",HOF
"@realmarycarey @dolvett he's a better trainer, Jillian really acts like a bitch sometimes!",HOF
RT @miilkkk: When Lil Wayne said 'why give a bitch ya heart when she rather have a purse' http://t.co/BPbIbKat3x,HOF
@Cotton_Candy9 hell Idk who did but that pussy better be golden,HOF
@djfeds yeah bitch did it taste good fucker -.-t,HOF
Got this bad Spanish bitch &#128514;&#128079;&#128076;&#128527;&#128536; .,HOF
RT @KingKwama: Female IG Models in person be so trash &#128546;,NOT
@pyroballyPOOPS 6-1 bitch dont hate,HOF
I feel utterly retarded. Thanks big brother&#128563;&#128514; @Crawford96M,NOT
RT @badblogger69: @wenchbucket that monkey is from hell,NOT
"Practically got arrested tonight, not allowed on UTampa grounds for a year now... fml im retarded",NOT
RT @MyDickIsCalled: My dick is called Batman because bitches love it when my Dark Knight rises.,HOF
&#8220;@butter_obama: I hate when I attempt to make the yellow light but the car infront of me stops at the light &#128545;&#128545;&#128545;&#8221;&#8252;&#65039; I be wanting to fight&#128514;,NOT
Me &amp; hubby relaxing from the studio for a lil...then headed str8 to my honey doo wop wops bday bash Kristen... http://t.co/FOnJOFdzJC,NOT
"RT @JStac825: There's coon classic (R. Kelly, Usher) and then there's classic (Stevie Wonder, Prince). Not that there's anything wrong with&#8230;",NOT
Breakfast of champions shrimp lobster balls (no sandusky) French fries nd a nice big Quahog (clam for&#8230; http://t.co/UajUkcoAfV,NOT
&#8220;@OhThatsLee Uhoh you got the hoes lol RT @verbally_abrupt: Y'all I found this letter on my car. http://t.co/lu58HimXxS&#8221; Naaah,HOF
"Eat her pussy when she mad
Eat her pussy when she sad
Eat her pussy when she sleep&#128564;
Eat her pussy when she horny
EAT HER PUSSY",HOF
Magellan? You suck at trash talk. @physguy2 @submix8c,NOT
"@DerekIsNormal RT @crappyfactsare McRib buns contain a chemical ""azodicarbonamide"" which is also used to make yoga mats &amp; soles of shoes",NOT
If a cute bitch fucks with a lame nigga she automatically becomes 10 times less attractive in my eyes,HOF
Shoulda put retard mikey on AHS freakshow,HOF
Jihadis specifically asking for international schools in #Saudi to be targeted #RealThreat http://t.co/NV5qbZaviv,NOT
RT @KeithOlbermann: @MarkDBrown0824 you mean like the Yankees did this year when they prioritized a farewell tour over a playoff run?,NOT
"RT @T_Mart88: Jaheim, Donell Jones, Lyfe Jennings, Ginuwine, Charlie Wilson, Dru Hill, NEXT, Jodeci, Tyrese and etc ...... bring THAT type &#8230;",NOT
I stopped snapping on women and calling them bitches.,HOF
RT @Sum_Pfeif: Did @wagggggie seriously steal my Halloween Oreos ? &#128530;,NOT
"Twice divorced teabagger Florida Attorney General says marriage is reserved for 'stable, enduring family units' http://t.co/Wafg8EYYGM",NOT
Am I the only person that feels disrespected by the bird poop suddenly dropping on your front window:(ewww#annoying,NOT
RT @sarcassmlol: &#8220;jinkies i lost my glasses!&#8221; - velma in every fucking episode of scooby doo like damn bitch get contacts,HOF
"RT @Bigboybeezy: Kanye &gt; Tupac........ ""are you serious?"" Yep bitch keep it moving.",HOF
Or their music is trash,NOT
I bitch a lot but it's coo,HOF
"RT @SouthPark: &#8220;If you want to buy anything, you just talk to the bottom bitch and then the bottom bitch talks to me&#8230; Do you know what I am&#8230;",HOF
Bullying laws are for pussies.,HOF
&#8220;@TheSportsDiva23: Adam Jones homers Yankees now lead 5-3.&#8221;Guy is a monsta,NOT
Charlie Clips vs Yung Ill review http://t.co/TwHJ0w1QJQ,NOT
"RT @audizzle: Quote of last night, @GinaGaus telling me to find her a curved stick and she'll make a crossbow to shoot a bird down",NOT
I was told never fold &amp; never sell my sole,NOT
@Ilovebamf Whats it say... I see bird in it... Lmao,NOT
"RT @AishaMoodMills: Fox News mocks victim of Ray Rice elevator assault: &#8216;I think the message is, take the stairs&#8217; http://t.co/6TKLgUP2Wh ht&#8230;",NOT
@ten_ah_kei superman dat hoe no watch me uuuuuuuuuu&#128514;,HOF
@Giannaamarieeee first off who you calling a hoe ? Don't make me go sharkeisha ok you boo boo,HOF
I always look like such a bitch,HOF
RT @Rene_gadeCowboy: I have to agree with Charlie he's spot on... http://t.co/9lcmVE9i1m,NOT
RT @III_XXVIII_LIII: Omg the two monkey twins had never to call another girl ugly. They got thicker mustaches then me &#128534;,HOF
Im smoking good n my bitch conceited! --- @JAYREIDOFFICIAL,HOF
"RT @itsDeSha__: give me head &amp; kiss yo bitch , you a ill nigga !",HOF
Real talk not being byes or nothin! The whole NFC south glad bag trash this year none of the teams have a chance making it to the playoffs!,NOT
"S/O to my favorite nigger to work on the plantation @Pretty_WarZone just remember next time, ask for the watermelon. Dont steal it.",HOF
RT @LOHANTHONY: i'm so hungry if someone would send me a flying parachute with brownies attached to it like they do in the hunger games tha&#8230;,NOT
@daggerbyte @MichaelSmartGuy @spacej_me @pizzahut Given the rickety slant of that roof I'd say more like Pizza Shanty,NOT
RT @VersaceSilk: When you try to tell grandpa that 70s music was trash https://t.co/kYULQZoBC6,NOT
RT @Pointdexter: Charlie Sheen gets it http://t.co/DKk6YjTJfU,NOT
RT @RegaloDeJah_: &#8220;@Ausettt: Girls like her make it hard for the rest of us &#128530; http://t.co/g8KdlxFqm2&#8221; and u wonder why u bitches get expose&#8230;,HOF
RT @TexasHickspanic: Hey you!! Acting like a saint on twitter.. we think you're fucking weird you prude bitch.,HOF
"RT @sofuckingSwazye: ""mayonnaise colored benz i push miracle whips"" http://t.co/BmXuyP8ehH",NOT
stupid teacher talks to @RandyMower like he's retarded,NOT
Poppy give me discou.. bitch i get it for the lowwwww!!!,HOF
RT @SLeyTMF: I aint nun to cut that bitch off,HOF
RT @netflix: Here's your first look at Charlie Cox as Matt Murdock in #Marvel's @Daredevil on #Netflix #NYCC http://t.co/SIYuCgok8J,NOT
Hahahahaa fuckin crow looking bitch,HOF
@TMZ @britneyspears mickey mouse ears hat....and tail for that matter.,NOT
RT @VainHumility: Naming my son Caesar. Dawn of the apes is the absolute best movie I've ever seen in my entire life.,NOT
RT @DerrickJaxn: Feel like most people want you to commit and cut off all your hoes so they can relax and start being complacent,HOF
Thee Bears are trash tho...,NOT
RT @davidcomanhidy: It is well known that @centerplate supports cruelty to birds. #saveanimals-sign this petition: http://t.co/t07KZ5myEv h&#8230;,NOT
Spring is almost here.. &#171;@Me1st_u_last I realized that my collection of hoes has severely decreased &#128530;&#128530;&#128530;&#128530;&#187;,HOF
"Viola, Auntie...you can't call White trash women White trash like this during primetime! #HTGAWM",NOT
Then bitches gon fuck just because money long .,HOF
"Of all the lazy bitches, I was the laziest today #noregrets",HOF
"Perhaps I'm not a ""diehard"" Yankee fan, but there's no more point in watching this debacle #Yankees #Tigers #MLB So what else is on? LOL",NOT
timbs straight trash though,NOT
Nah. ITS OVER&gt; People don't tell #artists what do to. That's defies the definition of what WE ARE TRYING TO SHOW #youpeople. #retards #game7,NOT
"Mr President &amp; homeland security, please ignore any foreign threats and focus your sole attention on our police force #ACAB #LANDOFTHEFREE",NOT
"In case you forgot hoe I been up since 4:18 on the dot made 100,000 dollars at work and still haven't slept.",HOF
RT @paul_lander: Charlie Sheen is engaged to a porn star. I can't be the only one thinking she can do a lot better.,NOT
@wodaeeex3 dumb ass hoe,HOF
#inners Still hanging in. #Yankees we need this win. NFL. It's not SUNDAY!!,NOT
Everyone is talking about LeBron James or The Voice and I'm just here eating cream filling out of Oreos.,NOT
"""@Poobie_: When bitches TWERK on the computer....

ME: ""In ya &#128089;, in ya damn &#128089;&#8252;&#65039;""""",HOF
Fuck her pussy &#127797;&#128049; fuck her mouth &#127797;&#128069; fuck her ass &#127797;&#128052; cause she nasty,HOF
"RT @ImNeverChillin: When yo phone go off in class &amp; the teacher say ""turn that trash off"" but it's one of the songs on yo mixtape http://t.&#8230;",NOT
"""@iTrapWatermelon: tweety bird tho &#128514;&#128514;&#128514;&#128514;https://t.co/JbnoNM3N1P""",NOT
@iDoSexWell @MamiJuuki @Baddiies @AjukiWebster the nerve of these hoes,HOF
"RT @desusnice: ""In 2014 you tweeted that Migos were trash. Care to explain?"" - 2064 Supreme Court Confirmation Hearing",NOT
Early bird gets the worm right? Hopefully I get a job soon after today! http://t.co/lvgfVBqkdz,NOT
"@Charlie4927 Hi Charlie, have a great day",NOT
"Thanks for scaring the absolute fuck out of me, flatfoot. Now I look like a pussy. Fucking jerk.",HOF
@djceeloss handles lol that shit only 315 hp now your bitch is stick soo I know was good with them double shifting aha,HOF
Hayfever is a cunt,HOF
I'm just not going to be a bitch to you because we don't speak for reasons. It was a decision and it's done and over with why start shit?,HOF
"Not one bitch is texting me right now. 3,000 followers, 22 inch rims, 60 inch tv and straight ass teeth but 0 text messages. Ima kill myself",HOF
Ha bitch,HOF
I love floating monkey heads as much as the next person but Active Surplus' website is just redonkulus. http://www.activesurplus.com/,NOT
@JonJ_07 like their players really been talking trash about Bama.,NOT
RT @AirSimba9: &#8220;@Treslyon: Tell a hoe NO for the sanctity of your relationship we gotta stop fucking these woman&#8221;,HOF
RT @salomanizor: Too many faggots on here that think they can address me by my first name,HOF
RT @iamlaryn_: When you hoes gone learn second place don't get a prize?,HOF
&#8220;@LesterrNem: Bad bitches is the only thing that I like &#128074;&#128064;&#128074;&#8221;&#128073;&#128073;&#128073;,HOF
Charlie Daniels Goes Off on &#8216;Satanic Evil&#8217; http://t.co/3haWjFavUz,NOT
Someone tell the royals to stay home there trash&#128553;,NOT
"RT @Hi__________Bye: ""@UglyAssAyeKay: Ugh I fuckin hate when this bitch don't answer my calls ewwwwwww @Hi__________Bye"" ugh I hate her ass&#8230;",HOF
Just cause you be on every party seen dont mean you bad bitch!,HOF
"RT @dreamthievin: Do I get to pick the actress who portrays me on ""Unsolved Mysteries"" when the police find the remains of the bitch who ca&#8230;",HOF
RT @BryanBalsamo: @1__dev I could if I tried but my money feels better then any pussy I've ever had,HOF
"RT @WORIDSTARHlPHOP: When your phone goes off in class and the teacher says ""turn that trash off"" but its a song from your mixtape https://&#8230;",NOT
Should I take a nap though too kill a mocking bird or nah?,NOT
Drinking folie a deux wine and playing fall out bird hahaha,NOT
You losing 0-3 @sterling31 and that's what u trying to do? Stupid yardie,NOT
@kieffer_jason No am real but you a pussy ass nigga so why would I give a fuck what u think lmao just stfu,HOF
@ColeMcDowell2 Waco is ghetto hahaha. Wait til we go pick up nat in Austin tomorrow,NOT
All a nicca need is time .. #BePatient,HOF
RT @Thotcho: See the jumbotron? That&#8217;s where the jig is,NOT
"@GiftedHussle94 @DallyJackson @TreFreedawg ""babe it's the thought that counts""..""bitch you a thot""",HOF
A nicca is hungry as hell,HOF
"RT @Charlie_Gru: My wife's doing some sort of ""boot-scootin"" while singing, ""a little less talk and a lot more action!""...where was this ho&#8230;",NOT
RT @AntiCHILL: Just had a convo wit my ex n she reminded me y she is my ex smh idk y i even answerd for this bitch,HOF
"Hey! I'm gonna get some sort of bird tattooed on my body, accompanied with an anchor/rope situation. No one's doing that right now, right?",NOT
"RT @CauseWereGuys: Life is a bitch and harsh enough. Guys need a girl that will make them feel better and help relieve some of the stress, &#8230;",HOF
This bitches voice &#128567;&#128567;&#128567;,HOF
Today is fun but tuesday will be awesome. #IU v #michiganst #1UBB #hoosiers,NOT
I show do like The Jeffersons. Dat George make me wanna open up a dry cleaning stow and call all da white folk honkey,NOT
She unfollowed me after I said I cried watching dawn of the apes lmaooooooo,NOT
It's gonna be a long season for the Yankees if this simulation is right #BlueJays #Rays #Yankees #Orioles&#8230; http://t.co/Zc3k9NDB1T,NOT
Raaaayciss bitch &#8220;@Sky_Max: Michelle Obama: African-Americans Should Vote for Democrats http://t.co/SL6TW6P39f via @Newsmax_Media&#8221;,HOF
@A_Little_Wicked that's not ghetto. That's sweet and a movie quote. Try again,NOT
"RT @scaffoldjocky: I'll never smoke weed with Willy again. He invited that hick, Toby Keith, and I fucking hate that mongoloid!",HOF
Someone tell @RSherman_25 his dreads are part of the uniform. I'd pull your hair too. Why are you trash talking? Cut your Doodoo braids.,NOT
I just whipped up these #homemade #pickled #eggs while home being a cripple... Made with #garlic&#8230; http://t.co/0xKFnW3luF,NOT
I'm jus a trill nicca mane,NOT
RT @PzFeed: Diplomatic trolling: Russian embassy mocks NATO's satellite pictures http://t.co/xklXbYxZbG,NOT
Shades of Eric Chavez's past gold glove! #Yankees #Oakland,NOT
deal with you bitches when I feel like it,HOF
American culture is stuck to the side of the toilet. Graffiti writers in Europe can create better art without any lowlife trash sex jokes.,NOT
Nothing more yokel MSU fan than to constantly reassess Izzo *aka our only consistent winner since D. Daugherty or Biggie flipping Munn*,NOT
@CheyenneDoan cause hes a faggot,HOF
Fuck a bitch flip a brick,HOF
After Deztinis session we needed this lmao Jk girl good yob lol http://t.co/3spfhBBkVD,NOT
RT @ebs_14: This Jimmy Fallon Prank of getting NY Yankees fans to boo Robinson Cano is amazing. http://t.co/XnZKZLly4G via,NOT
"Tyga is a hoe!!! He pooted in my muthafuckin face..... we bout to fight, bruh",HOF
@msteffens32 @StonerBoii2cold back in high school w/ one. fuck these hoes now nigga lol thats what they for,HOF
"""@SukMySweetness: money only impress the simple broke bitches""",HOF
21- you a bitch but you my bitch so we hella chillin. also thanks for tolerating me and being my friend.,HOF
#PDPLive is on November 10th. Get your early bird tickets from http://t.co/7xcL4Kyiuv @LifeOfShan http://t.co/ZcnP1ljoOW,NOT
"@CHARLESBARRKLEY hey Sir house nigger, uncle tom aren't you from grand ole Mississippi, I rest my case!",HOF
#Yankees Damn you DirectTv blackout the Yankee game. With a freaking WALK OFF! You're killing me satellite douche.,NOT
@VeshaaCouture lol bitch yo display name,HOF
@Fulf_ShawnFulf peckerwood,HOF
@k_tempsss lol then they have one more flavor I think it's yellow idk.. But yea there bomb.,NOT
"Let's play ""What will the ghetto white girl with neck tattoos in front of me buy.""
If you answered Cigarillo's...you've seen this episode b4",NOT
My bitch Remy stuck in 06 &#128557;,HOF
RT @EvilMikeTomlin: Came to training camp today to find Charlie Batch asleep on the curb...,NOT
what a hoe,HOF
If you know a guy has a newborn baby why the fuck are you trying to talk to him? Desperate ass hoe,HOF
RT @PRAYINGFORHEAD: pussy boy don't want war,HOF
@kailanlee #pussy,HOF
Is Yankee in a good mood today or what,NOT
@Adrian1_knowsu &#9757;&#65039;no ghetto names &#128581;,NOT
RT @WhitePeopleTalk: &#8220;KOBE&#8221; as they shoot a piece of paper into the trash,NOT
RT @rickygervais: Humans are genetically closer to chimps than chimps are to gorillas. But we are all apes. Have a great day you clever twe&#8230;,NOT
People who chose the country over the City are miserable trash. They deserve neither respect nor consideration. They are less than scum.,NOT
Why would you think Common is trash? Tf,NOT
#mt #commission #gouache #tiki #wahine #monkey #tubed #surfing #wavesliding #waterwalker #notkook http://t.co/vii3SmGRm3,NOT
RT @Harry_Styles: A bird pooped on me.,NOT
"Old hoe lol @TheShugAvery RT @moyizzy: My juice is gone, I'm just an old bitty now",HOF
@mickeyhart lookin good mick!,NOT
"RT @TwangNation: On this day , February 13, in 2002 Waylon Jennings left us for that honky-tonk in the sky - Dreaming My Dreams - ht ...",NOT
@mjs79 @ChingonAbe well he is at Genos. So he is the ultimate faggot,HOF
RT @AFBoycie: @BrockLesnar ill fight you ! Ya big daft cunt .,HOF
RT @itsjustshay__: i swear i care bout everything but these bitches &#128080;,HOF
@Rosaalbae @iH8TvvitterHoes faggot but you sent me hella nudes. Hmmmm,HOF
"I hate people who talk loud, ignorant ass mother fuckers and ghetto people.",HOF
Life would be so much doper if you could order pussy like you do pizza,HOF
RT @lildurk_: These bitches ain't my bitches,HOF
RT @rightwingertoo: Uh oh: California solar plant fries thousands of birds in mid-flight - Hot Air http://t.co/8ZQnLR5fH5,NOT
@KurtBusiek well pee is oft yellow.,NOT
"@whits_20 Good read -&gt; RT @WIRED: Why your cat thinks you're a huge, unpredictable ape http://t.co/nzA3zUwugp http://t.co/P8F8Gmkufy",NOT
RT @Harry_Dillema: @GJK1979 @fluutekies @moniquesparla @wltrrr Ik vraag me al maanden af hoe de NL pers zich als een stel hoeren is gaan ge&#8230;,NOT
@wutkarina Alright fag,HOF
Charlie is so adorable. http://t.co/TMpBYyjGFL,NOT
Thank you Charlie #FF @Charlie4927 @StacyDmomof5 @PattiSM74 @RevkahJC @cantUCIMblonde @Kacado,NOT
RT @ErikaWCVB: @marthacoakley called Charlie Baker to concede around 8:15 this morning. She plans to address supporters at 11am. #wcvb,NOT
#BlessJesusAir Matthew 6:26 Look at the birds of the air.. and yet your heavenly Father feeds them.Are you not much more valuable than they?,NOT
"Mary Jane is a dumb bitch
Peter has a job saving the city as Spiderman and she's bitching about how he hasn't came to her play",HOF
RT @it_itt: @docrocktex26 doing nothing as an agenda. unbelievable that the Dems failed to use that against the teabaggers. @AfricanPrinces&#8230;,NOT
"RT @PBSAmerMasters: Happy birthday, Bob Newhart! The comedic legend turns 85 today: http://t.co/YOSx2VdAjb #AmericanMasters http://t.co/gew&#8230;",NOT
@LifeAsKing Naw... I'm trash... Keep ya pity hugs...&#128530;&#128133;,NOT
Thinking bout gettin 500$ put on my ears cuz I'm getting money bitch,HOF
Lmaooo naw man RT @DipOnline Yo want in RT @HumbltonBanks: U serious bro?? lol RT @CheezMoeJenkinz 2-3:10am early bird special,NOT
@Billythathird @matt_sliwinski copy my tweet again you ginzo,NOT
@Titan4Ever2488 how do Yankees fans look back on Gary Sheffield's time with the team?,NOT
The early bird gets the worm But the second mouse gets the cheese,NOT
5s are ugly thot bitch shoes,HOF
Whenever I came to school fresh I took hella bathroom breaks just so the hoes could check me out &#128514;,HOF
Matt cancer free gotta hoes throw him some booty before his bedtime,HOF
"RT @Clyde_FadeAll: Plz don't tell nobody, bitch I know you got a man..lol I ain't gon tell nobody!",HOF
"Hey, people bird watching, you do realize there&#8217;s like, hundreds, literally hundreds of free pictures of boobs on the Internet, right?",HOF
I just fucked an albino. It was weird because it was like a white body impersonating a black voice....... like Iggy Azalea,HOF
@BAMitsjustMARY no I bitch and moan not tears!!!,HOF
"RT @AYYSIAN: Life's a bitch, because if it was a slut, it would be easy.",HOF
"Baby I'll whisper Vietnamese to you all soft like, ""ching... chong ting o long....""",NOT
"""bitch freak my shit""",HOF
Dumb bitch don't know her colors &#128553;&#128553;&#128514;&#128514;&#128514;&#9996;&#65039;&#9996;&#65039;&#9996;&#65039;&#9996;&#65039;,HOF
"@RileyCooper_14 so your a ""nigger"" fighter huh",HOF
RT @YaboySkeete: This bitch slow lmaoooooo http://t.co/oPmDp5RgLV,HOF
"RT @collegefession: ""Guy tells me he doesn't eat pussy, and all of the sudden I don't suck dick anymore"" - Centeral Washington University",HOF
RT @ChiefKeef: Dat bitch Katy Perry Can Suck Skin Off Of my Dick,HOF
on my way to fuck your bitch http://t.co/xiDFePYYiE,HOF
RT @ItsJordyyyn: The reason high school is so fucking hard is because ned never made a guide for anything past 8th grade. You feel me? Fuck&#8230;,HOF
I called at least 20 times to make my hair appointment and these bitches don't pick -.- guess I have to stop in to make an appointment #Grrr,HOF
Kinda RT @Peachpapayya: U mad friend?? RT @viaNAWF: Fat fucking funky nasty ass hoes,HOF
Any pregnant bitches at centreville I should know about in about to move there next ... &#8212; Idk.. I dont go to cville http://t.co/Hq4Q6zfwjh,HOF
Taco Bell is super trash when you're sober,NOT
@TheGamecubeGuy any more birds in school?,NOT
"He never replied to my asking about his calling me a ""redneck"" @gigg423 @psherm07 @EchoesErrant @jstines3",NOT
"RT @BoyGoten: When Waka said, ""Suck My Dragon Balls bitch call me GOKU!"" http://t.co/N7kP7dS198",HOF
RT @OhSoDestinee: &#8220;@iDocLyfe: That 'Ouija' movie look like trash&#8221; its really good.,NOT
RT @hoes: Emma Watson http://t.co/fGKF5aUklo,NOT
"RT @FukTylar: ""Heard you was talkin trash like I wouldn't find out"" http://t.co/8LpcnHM9XB",NOT
Drinking Thai-Tea while watching male drama queens bitch on Facebook. Whole lot of snitching going on.&#8230; http://t.co/lNvrx9rndz,HOF
"@Anellesofia I didnt call you a bitch, I just saiddd bitch. #Jeesh",HOF
So I decided to drive to the good walmart where the colored folks don't go bc it's food here.,HOF
"MT: ""@DocKozlowski: Ted Cruz ""We are proud wacko birds"". #StandWithCruz #KeepCruzing"" is that a pun?",NOT
This brownies bro,NOT
RT @taylorcaniff: I'm having a date at Yankee Field then getting kiss cam.. #bucketlist,NOT
"5am: Whizzing crackers! My cats got into the @Ritzcrackers &amp; are now playing 'hockey' with them. Lol.
#crazycats http://t.co/A5ZBVDXapx",NOT
"Someone at my household wants to die. I get all excited to enjoy a couple of Oreos, but someone left ONLY ONE. ONE FRIGGIN' OREO. &#128545;&#128548;&#128544;&#128298;&#128299;",NOT
@_MckenzieNoel miss you bitch,HOF
Both y'all pussy son beat it http://t.co/cbnjo5WJ,HOF
RT @Z_MEGA: @Im_Yung_Jay grab me some bitches while u up there lmao oh and a belt ( fendi ),HOF
RT @maya_hampton: i really do get excited to see my bad bitch association in lunch everyday they always make me laugh,HOF
&#128131;&#128131; &amp; if you ain't a ho get up out my trap hooouseee.,HOF
Bullets stick to a nigguh damn liver,HOF
@Tyler_Gale12 @bellakoval @apmorales96 it's at your house bitch,HOF
@Mdnate interested. Just wanted to see a better pic of the soles,NOT
"Alfredo, Linguini, Pasta.... Just fancily prepared trash",NOT
i was pulling for the #redskins in that one,NOT
@JustTooMuchCake Lmao. it bel ike that nowadays,NOT
RT @iAintGottaRap: Ead RT @Fat_Rell: Especially after Rita died.. RT @Kayla_Applebum: Dexter was just as trash as Breaking Bad.,HOF
Obama's Hellfire missiles tend to vaporize Jihadis @BemetOr8 @PureMonotheist #UniteBlue,NOT
"RT @TheOrangeCone: That rocket blowing up reminds me of that time in college when I blew a tranny. But in my defense, I was drunk. Both tim&#8230;",HOF
@heavensenttynae nd you kno how much I love clams lol,NOT
And get my self a bad bitch thats loyal and one hunnid,HOF
I'm a stretch that pussy out,HOF
RT @_ShePissGlitter: I'm not going out my way 2 make sure bitches know NOTHING ... Just pay attention !!!,HOF
My bitch gotta be as fly as me if not flyer,HOF
"#porn,#android,#iphone,#ipad,#sex,#xxx, | #Desi | paki http://t.co/cOfGRtW9br",NOT
It's basic bitches unite around these parts &#128514;,HOF
Hungry as ferkin nips,HOF
"Hoes be like ""Hoes be like""..........But they be the hoes that be like",HOF
Now infuriated Jihadis are putting out murder requests on #Saudi fighter pilots who participated in the bombings in #Syria #ISIS,NOT
@MC_JayTee lol I already made it. I'm waiting on my brownies to finish &#128526;,NOT
I be like... bitch please. lol http://t.co/PNVmaacWY0,HOF
RT @MensHumor: Cheating on a good woman is like eating out of the trash instead going out for steak. #truth,NOT
"RT @bitterarab: Now that Halloween is fast approaching please understand this. We are a culture, not a costume to mock and ridicule! http:/&#8230;",NOT
"Correction:
&gt;&gt;&gt;&gt;when the sky is yellow, death is upon us. No. I'm scared",NOT
"A white lighter is bad luck, not yellow ur stupid",NOT
@Coley_Cee bitch stop takin my shit ooo I hate u u dumb bitch,HOF
he not gay? no he just fuck with busted basic bitches lol,HOF
"""It's the dykes"" -hunter dyke with a dyke http://t.co/LGtw3AWMeh",HOF
"RT @El_Grillo1: In the ME, the crow would eat the bear MT @webradius Obviously not in the ME MT @solemnwatch: Bear Saves Drowning Crow - An&#8230;",NOT
"""@MotherJones: 10 birds your grandkids may never see, thanks to climate change http://t.co/XqmXHkAsWt http://t.co/RbITeGRnhm"" #Climate",NOT
RT @Basedomg: im fukin yo bitch u mad as shit,HOF
@Pudingtane ....yeah....I don't think its about #injuns. I think #redskins is about #politics and #alcoholism in #WashingtonDC .....,NOT
&#128700;&#128700;- you a little genius man i need you for a class so u can help a nig out but you cool af man,HOF
RT @Kstar__: Told you RT @Astronaut_Tone: Artprize is more than trash,NOT
You like those? Honestly they tasted like the sole of my shoes RT @rllllytired: @ItsNotHarold that's a shame.,NOT
Sorry fo da rant. It make me mad and ashamed to be colored. I wish I be white so y'all would like me,HOF
RT @49ant: if she lives at home she's a little less likely to cheat on you and be a ho,HOF
"@kieffer_jason am done are acting like a little bitch. My 5 year old nephew realer then your scary ass, sunset is not a time u dumb fuck",HOF
The lies on this here Twitter &#8220;@Libra_DTF: You niggas wouldn't know grade a pussy even if it slapped you cross the face !&#8221;,HOF
@_XoXoKelsey_ hell naw fuck them bitches serves them right,HOF
"Man, that is a serious shiner Chara's sporting. Yowza.",NOT
"""@JReebo: Who wants to get there nose in these bad bois then #scally #chav #sockfetish #stinking http://t.co/FeQxgN0W6I"" hot sox and legs",NOT
18 yr scrap from out here might get life in prison for murderin a norte nigga by el pollo loco off of story rd.&#128563;,HOF
Nah we still up. RT @Tweets_NOchill: All the flat booty bitches asleep yet or Nah?,HOF
RT @daliasza: &#8220;@NoChillPaz: Me when somebody says Childish Gambino is trash http://t.co/8ejOHDLdD9&#8221;,NOT
"http://t.co/wsIMDNbBJr now works on fancy telephones, so I am told. I have a clam phone that I call Mr. Clam that only ""texts"" and ""phones"".",NOT
@litigiousmind I skipped the running. And am eating chips. And brownies.,NOT
@YeIIowbang yeah people know he's not trash but his game is limited and it showed late in games against Portland,NOT
"Watching Richie Rich! On Tv..Even he wanted to kick it with the ghetto kids..

Shows yuh how much Money Aint A Thang!...",NOT
RT @jamiedupree: Vice President Biden &amp; his wife are in Florida today to stump for Democrat Charlie Crist in his bid for Governor,NOT
"It's almost Christmas, Charlie Brown...",NOT
I can't play flappy bird. It makes me angry.,NOT
RT @Kevineffinskaff: My idea of a diet is eating regular Oreos instead of double stuft and takin off half the cookie (still dip it in 2% ...,NOT
@PeterClifford1 @Penny_G @AngryBraveHeart @SheikhKhalifaPM love H.birds! Used to feed them when I lived in WA state. Hv them on mtn in S.Ore,NOT
Hazlenut coffee and graham crackers every morning &#128525;&#128588;&#128152;,NOT
Quit teasing bitch,HOF
I'll let u clam on top and let dat nookie pop I'm in dat cookie jar I ain't no rookie girllll,NOT
@R3lentlssTr0ll @AnastasiaPacana yes i like dick and i hate bitches. who am i now?,HOF
@LilBTheBiggsGod @Abbey_Kirkland two birds with one stone Biggs.,NOT
@Official_DCole you gonna be 33 years old with no bitches watch...lol,HOF
You a hoe for not having deals on fried chicken @groupon,HOF
"Remember that fear is there to guide you, not cripple you.",NOT
RT @TryHardTee: @davidam_23 get downstairs and play me im fifa bitch,HOF
"This target is ghetto, but whatever",NOT
Early bird get the worm.,NOT
RT @FunnyJokeBook: I hope I made these pot brownies right http://t.co/iDDDHPPjiu,NOT
"RT @Chaaaauncey: Top 5 Cartoon bitches id fuck
1. Shego
2. Dexters mom
3. Lola bunny
4. Jessica rabbit
5. Timmy turner's mom",HOF
@CatholicMomVA @Neal_Dewing that would cripple our military :),NOT
"&#8220;@itslizkhalifa: If pussy is just pussy to you, you a nasty ass nigga.. Hope you get aids &#128553;&#8221; bit harsh. Rethink that statement",HOF
I got my eyes on this red bone,NOT
@ameriC00N @joeylattime Christian keep laughing and me and him will fuck u up instead pussy bitch,HOF
"@kenzystuart1 Hey, that guy has the same first name that I do! What a fag.",HOF
"@hardball @Milbank Chris stop your angry bird spitting n Dana go hail ur racial tendicies, u didn't infor, carter rt n u never talk abt him",NOT
All my hoes they so rude,HOF
A fat bitch &gt; RT @WayneL_Jr: A strong black woman &gt; RT @Ivan_splash: Kim&gt;Kourtney&gt;Kendall&gt;Khloe&gt; Kylie,HOF
RT @MyJim_AintSlim: Chris Brown reached maximum level of Icy with this hoe. http://t.co/SAhGE1wGaS,HOF
Our female guinea pig is pregnant &#127882;&#127881;&#127873;&#128525;&#128525;&#128525;,NOT
Oregon losing IN OREGON ahhhahahaha faggots,HOF
RT @bethanylynn__: &#8220;@WhitDAWGem_: There is nothing wrong with Ariana Grande..... Just cause she don't look like hoe.... Y'all gotta a probl&#8230;,HOF
"Didn't get to hit the slopes today, but snowboarding lessons first thing in the morning! #excited",NOT
Duh. Aka Shitty Nights. RT @LinaAhmadi City Nights is hella #ghetto,HOF
@ILIKECATS74 @yoPapi_chulo @sizzurp__ @brandonernandez @bootyacid you do realize ya pussy stank right?,HOF
How is Angry Birds the movie going to work? They're just floating bird heads?,NOT
"&#8220;@Maxwell_Larsen: When you live this gay, you can't be afraid of two black dicks in your butt"" you fucking queer",HOF
Good pick birds,NOT
"RT @HoodJesusYo: Last name, Sinner
First name, Imma
Like ur pancakes in tha mornin, 
He got u covered like Aunt Jemima",NOT
Actually I'm gonna have @debmuhfknvera train her to be a fag. Don't you dare bring a boy into my house you slut.You scissor like a good girl,HOF
"""@whoiscoreyking: Chase money &#128176; not &#128581; hoes &#128111; &#128175;&#128175;""&#58399;&#58399;&#58399;&#58399;",HOF
Working Saturday is for the birds #FML,NOT
"Rewrite, tinker with it's official language regarding same-sex relationships, divorce, remarriage, etc. But nothing is set in stone at all.",NOT
RT @UnnagroundKing: RT @JoshHelaku: I don't care who Kendrick made that song for it's still trash,NOT
"I was flying down the slope and just rammed into this small Asian boy, kid got up like a champ and walked it off",NOT
RT @iamdjsituation: If I got time to hold my phone the whole time we having sex. Yo pussy Trash,HOF
My hoes Trippin lol,HOF
"RT @breely216: The recommended serving size for brownies is ""all of them.""",NOT
"@pcrossvol there's always one...they never realize they are the worst- the unsolicited unaffiliated trash talker""",NOT
@elise_palmer youre cheating on mickey bubbles! :O,NOT
RT @IWILLSTILLRISE: If you not gator you gator bait #gatornation,NOT
@b_scheich &#128072;&#128166; salute a bad bitch,HOF
I see ya big Boi in the Oreo V's,NOT
There's a special place in hell for people who slam on their brakes for yellow lights &#128532;&#128299;,NOT
A Yankee win makes any day better.,NOT
@AmirEldouh @jwheels3 Ali is a hoe for that,HOF
Ima start friend zoning these hoes &#128514;&#128514;&#128514;,HOF
RT @PattyChocMilk: #teabagger math http://t.co/lOiZi6fM6U,NOT
This bitch on Maury got 11 baby daddy's!,HOF
RT @Mabelistocute: You suppose to keep your hoes from finding out about each other,HOF
@wodaeeex3 dat was befo da fact hoe shut yo ass up &#128581;,HOF
@ImSooooMad guess who's eating cracker b without you,NOT
RT @Laynesmithh: When you're a local in pc you can't love anybody because everybody turns into hoes on springbreak,HOF
You're black? Your name looks Hungarian. You marry a Hunky? @JulieSczesny @ChrisLoesch,NOT
"Who remembers when we were in middle school/high school and would throw paper in the trash from our seat and yell ""KOBE!"" Lmfaoooo",NOT
RT @23Vnds: Check out the homie @renz360 for that sole sauce! That stuff does miracles!!! @renz360 @renz360&#8230; http://t.co/EecEzJRx6C,NOT
RT @A_single_bear: How would I look if I had feathers instead of fur? Would I be able to eat from a bird feeder without getting judging gla&#8230;,NOT
@dreadywhiteboy @JwanUrebay then the kid he sold it to brought it back to him cooked in a brownie,NOT
Noap. Not taking them. RT @TiffNCompany: Maca root pills making my vagina do the wop,NOT
"anyways never trust a bitch &amp; dont snitch
unless you looking for some Az and 1 ditch",HOF
Boyyyyy if I had a bitch who pussy taste lil mama's spaghetti.... THAT WOULD B 1 HAPPY BITCH!!!&#8230; http://t.co/2Qy0dQokmg,HOF
@keishagreyxxx that's the beauty of them brownies I always daydream about what I'd do if I hit the powerball lol (nerdy but fun),NOT
@FenkellPayroll y'all niccas bout to blow fool!! Lol can't wait for the world to see this Detroit shit nicca!,HOF
"@karmendanielle_ aka he wanna keep you warm, shoulda just introduced himself #coons",NOT
@wellheeledking I still think he is a pussy haha,HOF
Defiantly going to see that new planet of the apes tonight,NOT
@JavieTheCreator @its_selenaaaa haha yuhh that hoe was funny,HOF
"RT @kathyislovely: 'che wigga! RT ""@wigga32: If she puts up with you it's because she loves you, now make it worth her while&amp; love her back&#8230;",NOT
Breezy gotta sleep this hoe,HOF
@xtruthseekerx_ blaxican,NOT
"RT @kyle_park: ""You've got to have smelt a lot of manure before you can sing like a hillbilly."" #HankWilliams http://t.co/XKwON1L0nB",NOT
"RT @DvpeDreams: If her pussy got over 10 body counts, It's dead&#128128;. Pussies&#128049; only have 9 lives &#128514;",HOF
"RT @SSparklesDaily: The most beautiful women I've met have bruised souls, tired eyes, &amp; quiet smiles. The survivors. The ones who know abo&#8230;",NOT
"@Liveitupjersey yeah, I seen you tweet about bitch &amp; block. I used it...it fits!",HOF
"RT @Yankees: #Yankees lineup vs. Red Sox:
Ellsbury CF
Jeter SS
Beltran DH
Soriano LF
Teixeira 1B
McCann C
Solarte 3B
Ichiro RF
Roberts 2B
T&#8230;",NOT
Holy monkey balls its warm today,NOT
Wave &#127754; or get Splashed &#128166; on!!! #SplashGang ya bitch you!!,HOF
*rubs hands like bird man,NOT
RT @danicafjelstul: If you ain't a gator you're gator bait &#128076;,NOT
@CiscoAllDay and btw don't ever bring up past hoes wit yo ol lady I took that L in HS tryna be semi honest smh,HOF
RT @clurfogarty: All Babies are born hipsters because they come out of the hospital in beanies.,HOF
@tacalifornia my real lil bro even tho cuh a bitch lmao,HOF
@JonnieSantana He's definitely trash. But if Bill Cohwer or Stanford 's head coach want the job I'd hire them. With a new gm of course,NOT
"RT @JakeG_BasedGod: ""Never go full retard""",NOT
RT @JC2theQ: Yanks walk off win &#128591;,NOT
"""@itscoleharmon_: When twitter rappers dm me their trash links http://t.co/35nMR4AUQg""",NOT
@section90sSoul yall defense too trash for that &#128514;&#128514;&#128514;,NOT
RT @BroganWebber: Wiz is garbage to be put in the trash can known as Beyonc&#233; to be put in a dumpster known as the VMAs.,NOT
&#8220;@WhatTheFFacts: An orangutan once tried to have sex with actress Julia Roberts.&#8221;Smart monkey&#128514;,HOF
RT @TDOT_Italians: Sharing food with your mangia cake friends because they love your food #ItalianProblems,NOT
These hoes ain't loyal...,HOF
All you muzzy lovers need to do one thing. Tell muzzies in the mideast to leave Israel alone. Don't start no shit won't be no shit. #Israel,HOF
@LilReese300 what are you doing up right now Tavares. Kickin my bitch to curb for being too dramatic again?,HOF
RT @ilywhitesiders: Jacob needs to stop being a little bitch and follow me on Instagram,HOF
@_JaelynBeeee somebody looks like the die on the first tubes on flappy bird lol!,NOT
"@NYRKelsMads 
You never survive in da colored hood",NOT
@Wimp_W_Diesel yu forgot we beat yall? Thats like a garbage man calling a janitor trash,NOT
Nah Mimi a bitch,HOF
Two red bones kissin n da back seat,NOT
Yankees season over tho. So yeah.,NOT
"@The__Sweetest no shit you are, what euros would call a typical American, fat as fuck and goes to eat fast food all the time, dumb bitch.",HOF
@megann_17 you should make me brownies!,NOT
ion like papoose but he went in lol,NOT
@JStarrTweets I took it harder when Rivera retired. I'm not a Yankee fan but I have a lot of love and respect for em. Especially the core 4,NOT
"RT @Revenant0202: Seriously, Florida. A vote for Charlie Christ is a vote for taxes and ebola.",NOT
"RT @Thatindianbruh: Rise of the planet of the apes doin a musical???

http://t.co/9ZxzlHti2M",NOT
#wcw all the bad bitches &#128069;&#128166;,HOF
"after the steelers lost the superbowl i loaded up the black and yellow gmix on my moms computer, i think the youtube page is still open",NOT
@megankjanes23 Scrolling through my TL. Ol' sick ass bitch!!!,HOF
"Note: Khorasan is the old Arabic name for parts of Iran, Afghanistan. Not an invention of modern Jihadis. #justsayin",NOT
@KenSuttling Yankees beat then in the Grapefruit league the other day.,NOT
RT @Nicole_Orozco23: Kansas bitch #LongHairDontCare #CountryGirl #Ohio #YoureWelcome #LoveThisGirl #Cle #LoveIt http://t.co/LLW3IMTCUG,HOF
RT @shanequabullock: Meet me and my bitches @ #MansionElan,HOF
#Yankees #FireCashman I don't want Arod back.,NOT
Got to 8 on flappy birds can you say happiest girl on earth,NOT
I can fuck yo bitch and you can't,HOF
"I hate ""chunky"" pasta sauce. KEEP PESKY VEGETABLES WAY FROM ME",NOT
I don't understand why they mad at her making a track that spoke volumes about you muthafuckas. All the hoe &amp; bitch tracks about females,HOF
"@StPaul_Brandon 
She colored not Lebanese",NOT
@37738921 reminds me of Oreos lmao,NOT
@SoWavyTee hey Hun!,NOT
"@oliviagobert lmao yes I kind of like it it's not that ghetto yet &amp; they are and then he says ""u feel me"" &#128525;&#128525;&#128557;&#128166;",NOT
RT @iDntWearCondoms: If u acted like a hoe after we broke up I'm not wrong for thinking u were a hoe all along,NOT
You do something different you turn out a hoe,HOF
"none of them 3 bitches look like dey ca boil a egg, but working at buds broiler....",HOF
RT @mlbtraderumors: Offseason Outlook: New York&#160;Yankees http://t.co/6DtDxdI6ul,NOT
RT @michellemalkin: Mass. GOP Gov.-elect Charlie Baker: No driver's licenses for illegal aliens ==&gt; http://t.co/3vkLYmJWjS #NoAmnesty,NOT
Don't be mad cause yo bitch Choosin and I put her ass in the Jacuzzi SPLASH,HOF
Calling it am early night heartache is a bitch #broken,HOF
"RT @cyb3rvibes: &#8220;@SejlaSmajlovic: Funniest one lmfaoooo https://t.co/1WT6BBlIdp&#8221; ""swag bitch""",HOF
wow im a bitch????? nice to fucking know.,HOF
@Maxwell_Larsen @MicTorrance suck my dick you cunts,HOF
Moving has been a bitch this weekend,HOF
@GirlThatsVonte i wont ima come piss in yours bitch,HOF
Hoes gone be hoes. #DontBeMad,HOF
@OldManRo you should check it out... it aint animated and has Charlie Murphy in it,NOT
"""Two roads diverged in a yellow wood, and I chose the one to J&#246;tunheimr""
- Robert Frost Giant",NOT
#EarlyBird #early #morning #sunrise #dawn #bird #thebird #jerryreed @ Kansas City http://t.co/kuVq8UpwUw,NOT
"RT @CreepyScout: Bend over.

And pick up that trash.",NOT
i wanna go to the ghetto club tonight.,NOT
I want some monkey bread &#128553;&#128588;,NOT
Can't stop eating graham crackers,NOT
"Ima hypocrite. I'll say ""I dont fuck with hoes"" then 2 days later let a hoe play with my dick in the McDonald's drive thru. Love their fries",HOF
@imgooby you're not funny trash,NOT
"""@airmaxlad1: Hot meat http://t.co/BRz8Imk5vK"" sexy as fuck scally lad. I would love to meet him and his trainers.",HOF
@RetroReasoning I think most RPGs are for the birds. I ain't no bird brain yo,NOT
Flappy bird stresses me out,NOT
RT @WhiteBoyCeezy: these hoes too familiar,HOF
"Fuck you, #BobCostas! That football SCUM woulda stabbed his gf to death and slit his wrists instead of shooting. Yer a fool.",HOF
"RT @HuhWhatsACondom: This would never happen at a ""non-colored"" award show @BETAwards http://t.co/rUJNu1l7t8",NOT
@NoMeek_JustMilz If they trash in yr 3 or 4 he'll waive it lol,NOT
Ima tear that pussy UUUUP,HOF
This store is SO redneck...,NOT
"RT @WorIdStarFunnyy: this the ""I play soccer, cheat on girls, and wear khaki coloured cargos"" haircut http://t.co/NQyLxquLOC",NOT
"@Zhugstubble naw nigga what's up with em hands, what happened to the shit you was talking a couple a month's ago, eat bitch",HOF
can't decide if i should wear my yellow rain boots for the purposes of being all black &amp; yellow errrrything...,NOT
RT @HighSchoolSuckz: i am that horrible friend who reads your text then puts the phone down to do something and forgets to reply until 4 ho&#8230;,NOT
"@MikeLuckas Oh, me, too! Pain meds just made my brain fuzzy and though Banjo Kazooie for a sec.",NOT
RT @i__pooteD: There's pussy makeup?,HOF
@REM_2014 biiiiiiiitch don't start with this again haha my niggggg grandma come over hoe!! If ya want I'll try to scoop ya up today if ya,HOF
this guy @ToksVisions is in here singing negro spirituals n shit,HOF
RT @Talkmaster: People who would vote for Charlie Crist and Michelle Nunn are why our founders did NOT put a right to vote in our Constitut&#8230;,NOT
I'm only driving drunk cause this bitch drove me to drink!,HOF
Looks as if Federal Gun Laws to be proposed this week lack #AWB. Hope the #media and #antigun crowd choke on crow.,NOT
@wodaeeex3 Exactly dem gold diggin hoes came out da woods on my ass,HOF
Watch out #ned! #crc #worldcup2014 #puravida http://t.co/DcAgrh4SLE,NOT
They're calling it #Sandy because the wind is going to make a lot girls clams really sandy,HOF
She's just mad cuz her big toe looks like an angry bird! Haha,NOT
@Leelucas_ bitch nobody want you,HOF
"All them hoes crazy RT @Mr_NiceeeGuy: Thick thighs, &#128166; skinny waist, &#128591; and natural beauty face &#128149;",HOF
"RT @pgammo: Run Differentials:Mets -14, Yankees -32.",NOT
RT @J_Leche14: A relationship does not stop a hoe from being a hoe.,HOF
@ImTooMuch bread in general aint too good for ya...but honky bread the worst...&#128514;&#128514;,NOT
@MinuteManX1776 @TheyKnowNotWhat &lt;&lt; closet muzzie @MayberryJustin @AllForCountry @LilMissPrepper @ritzy_jewels @glinsan1,NOT
Alice took advantage of me last night...... that bitch won't tonight!!!!!,HOF
@kieffer_jason wtf r u talking about I was in Plano tx what r u talking about pussy boy,HOF
Man that bad bitches/broke niggaz tweet was a trap.I feed bullshit negativity and niggaz line up for a plate.,HOF
RT @kiii_anna: I was wearing bucket hats before you basic bitches http://t.co/9XPBV1VDN7,HOF
Yo bitch choosin just letr,HOF
Why can't I have colored eyes like my siblings &#128557;&#128557;,NOT
nasty hoe,HOF
RT @thecoreyholcomb: No man has ever aborted a baby even if he have her $ on it. Abortion bitches will soon meet god &amp; they baby to face th&#8230;,HOF
"""Get me that shit bitch you is fine bear""",HOF
"Get cunts to threaten me, not bothered. I'd happily hit up a big massive group ae third years or something hahaha. #dropkickkk",HOF
Act like I'm Casper get ghost with a bitch,HOF
Or I'm vibing and they ask to see the aux cord knowing they bout to play some trash &#128530;,NOT
Probably saved @KingBorgman's ass today. About out gas in a Diesel engine.&#128514; what would you do without your redneck friends?&#128514;&#128514;,HOF
Lighting my pretty ass up w them yellow stars lls,HOF
"RT @Mymangot2JOBS_: When a bitch comment on my nigga pic like ""u so fine&#128571;&#128571;"" I @ em thirst buckets back and be like ""thanks&#128573;""",HOF
"RT @JeffDuncan_: JSU coach Omar Johnson: ""It's what u do against the ball. U throw it, hit it, catch it. Doesn't matter if the Yankees are &#8230;",NOT
@aasthaxoxo oh shut your mouth i was talkin about the morning you fag,HOF
"Fuck a nigga feelings, fuck a nigga bitch.",HOF
late upload bitches,HOF
i reblogged them to mock her god bless,NOT
Just in case the day couldn't get better wife's Rav 4 had a flat and being the redneck I am I put 16 inch rims on it so there goes $200x2,NOT
@kieffer_jason bitch let's fight today where you at or are you going to bitch up again. I think your going to bitch up again,HOF
@charliesheen Charlie PLEASE STOP. from 1 ole fart 2 another...,NOT
@brianholmes2700 I &#128154; you bitch,HOF
@bitchsides you're a bitch Ihy,HOF
@clangloisss hmu negro,NOT
Ayyyyy I'm sipping on a free slurpee and seeing The Front Bottoms tonight. I'm a happy clam.,NOT
"RT @XtraXtraLex: I was disgusted, betrayed, hurt, &amp; my pussy drier than a niggas skin in the winter time",HOF
I should be the only nigga my bitch texting right now&#128175;&#128175;&#128175;&#128175;&#128175;,HOF
I just want some Oreos &amp; milk honestly. Just stop by the store &amp; pick up some on your way back lol,NOT
@cb_marie as u should that's jus a clutch ass spot bitch we in there for the turn up &#128553;&#128553;&#128553;,HOF
RT @__thaRealist: Dudes a hoe had me laughin on my only pics&#128514;&#128514;&#128514;,HOF
"Charlie Crist wins Democratic primary in Florida governor's race, AP projects http://t.co/Gy9uRBtQ1q via @WSJ",NOT
Alexa's phone gave us colors and Julia got yellow I'm dying #racistaf,NOT
@fabbymichelle your one of my bitches you make money for me !,HOF
The willow tree in Pocohontas was my bitch at 7 years old,HOF
Don't you hate when someone you care about is dating a hoe but they won't listen to you?,HOF
Cheer up Charlie.,NOT
RT @AvengerStratus: There's nothing hotter than a pale albino chick who can play guitar.,NOT
my dad's a fuckin dick bitch i made your ass supper you're not allowed to come home mad,HOF
Chuck E Cheese isn't the same as when I was a kid. Chuck a skinny bitch &amp; they took away the ball pit. Man wtf,HOF
Lmaoo we was sayin this same statement last year RT @DeeSwaggyJay93 Boozer is trash bro I'm done!! &#128514;,NOT
@imdevincarlson trash*,NOT
"RT @KyleKallgren: You know how in superhero stories the best insult for superheroes dumb mooks can come up with is ""do-gooder?"" #whiteknight",NOT
"RT @pekholt: Raven Symone's hair be like, ""I'm not colored, I'm American."" http://t.co/mkx0d4bh2Q",NOT
Yeah okay let's just put a fire cracker in a cow pie and see what happens,NOT
I adopted these bitches,HOF
@EakaErick I wouldn't share a wave with those trash cans,NOT
"RT @theycallmenavy: @royaltyclubvp @Aswaad88 worse yet u meet a bird with a nice ras and you're like ""something about u looks familiar"" lol&#8230;",NOT
My eyes feel so chink eyed,HOF
The baddest bitch in the world followed me on IG today and started liking all my pics. I aint even all that attractive so I know she catfish,HOF
"Every time I play a Patapon game and hear the ""Ushishi Theme"", I think of a beatboxing monkey. ""YO YO YO GET UPPA!!!""",NOT
I love fuckin wit people. I be givin greedy ass nigas old as crackers wit expired cheese dey be callin me like&#8221; nigga im shittin likea goose,HOF
I hate when niggas come up to me and tell me they got this bitch off twitter or got her and it be a bitch I fuc wit lol smh,HOF
I need like 43 fuzzy blankets to sleep &#128525;&#128139;,NOT
"RT @nicoleyyrosiee: Remember in 2001 when the Yankees were in Boston and the crowd was cheering USA instead of ""Yankees suck"" I love baseba&#8230;",NOT
Nicki gottem MAD AS FUCK tho. However credit due to cassidy for the response he didn't diss nicki but killed you lookin ass bitches,HOF
"@elchavaloko @Buckm00se yeah sorry monkey team just keeps kicking ppl, waiting for muh pizza",NOT
RT @fvckteej: I feel like eating pussy right fucking now,HOF
This dumb Berk drives in circles through town on his bright yellow cycle with music blaring incredibly&#8230; http://t.co/ukothl3MOH,NOT
What's a trash party ?,NOT
And bitch I ain't bout to debate with Ya funky ass either.,HOF
&#8220;@_mahoganylov3 Right RT @KingDominicus: Idk which one was selling pussy for $65 but that&#8217;s way too high for them http://t.co/jSDmSuCDm0&#8221;hm,HOF
"@jacquibreed ok, I'll sink to your level... you're a special kind of bitch aren't you? @conserv_tribune",HOF
"@Morning_Joe If NBC has elected you to be a spokesman for NBC they are in a lot of trouble. I and friends will no longer watch NBC trash

1",NOT
bitches talk... hoes talk even more!!!,HOF
"Oreo Shake, I want you.",NOT
If anyone ever gets an attitude or w e with me idgaf who it is I am going to be a bitch right back &#128076;&#128076;,HOF
Let's go for the sweep!! #Yankees #SubwaySeries,NOT
"RT @PizzaBeforeHoes: Move dat muscle hoe &#128548; 
""Tell me watchu mad foe""&#128170;&#128514; https://t.co/wlvTLgGDPg",HOF
RT @LonnieDukes: CHILL!!!! RT @Marcus_Supreme: Tweet you don't like bitches wit short hair ya mentions gon be full of this http://t.co/HaK&#8230;,HOF
@Cay_JEN I didn't think you knew of a bird that couldn't be tamed. #cajuncharm,NOT
You unfollowed me? You dumb cunt!! Jk..I don't blame you.,HOF
&#8220;@DIYcookery: Oreo cookies&#128523; http://t.co/8zcjWW56Zz&#8221;bruh &#128525;&#128539;&#128553;,NOT
One mans trash is another mans treasure #believe,NOT
Log off nigger RT @PoloKingBC: #relationshipgoals http://t.co/Ge9koImYGj,NOT
Not to sound like a total bitch but I'm tired of peoples kids and the back to school pics&#128530; we ain't post pics on the back to college day,HOF
RT @Colinfreeze: ISIS Supporters in America: The Jihadis Next Door http://t.co/aiMV7GiB24 @mlnestel @vocativ http://t.co/ajUAU5YwIv,NOT
@JustKarahn bye hoe,HOF
@TreshaRenee I didn't make to any games last season. Just looked it up. Astros open up with the Yankees 1st of April,NOT
"' She herd I was a dope boy , I herd she was a gold digger &#1043359; , all I know is she a real bitch , so I fuck her like a real niggah .",HOF
Chill with the thirst bitch my chicks right next to me! For real hoe!!,HOF
RT @marsrader: The incredible scales of celestial bodies. http://t.co/NZV80jRmiG,NOT
"#VinitaHegwood can get a job at the naacp. Or as The AG. I hear they like ""diversity and tolerance"". As long as you ain't a cracker #tcot",HOF
"Thw White Iron Band plays this weekend in Fargo,ND at the Aquarium(21+) ,Friday(10-29-10) with Charlie Parr. The next night,Saturday...",NOT
you a hoe nigga forreal,HOF
Step up and take your oppurtunity! #freshfaces #iubb #hoosiers,NOT
"I done been to the top, I done sipped the juice/ and with that being said, bird crumbs will NEVER do!",NOT
@MillerCoors Thanks for the follow guys! I'm enjoying a cold yellow belly right now.,NOT
RT @stepheeezyy: Rt *nigga *bitch *him &#8220;@187XO_: ' I will never date a female with another niggah name on her lol . Wtf .&#8221;,HOF
RT @DRUDGE_REPORT: Shy bladder group protests Rob Lowe DIRECTV ad... http://t.co/d5YxglIoKL,NOT
RT @LikeJordanGAF: Pity parties are trash &amp; I don't throw them .,NOT
@phishlicia I'm 5'8 fag &#128536;&#128536;,HOF
"RT @djvlad: ""if your sis is a bitch, brother is a jerk,
leave 'em both alone and continue with your work"" - Q-Tip",HOF
@jonsweethearts how are you Argie?,NOT
How you stay faithful in a room full of hoes? &#128549;,HOF
RT @scottiken: It's settled. The Ding Dong is far superior than the Twinkie.,NOT
"Apolonia Gardner of Imperial, CA misspells ""phalarope"" - a bird that resembles a sandpiper. The dreaded schwa! #spellingbee",NOT
"Don't dance, Iggy. It's trash just like your music.",NOT
Punch that hoe cause she deserve it.,HOF
Or when you're in my neighborhood RT @clairelea18: You know you're in the mexcian ghetto when... http://t.co/1Vq0OcrseV,NOT
RT @Bidenshairplugs: I'd like to issue a formal apology to Israel for our piece of shit anti-Semitic President and his retarded Secretary o&#8230;,HOF
RT @TreLeKidd: Yo bitch is Gucci Mane RT @JabariTheGreat : My bitch a stoner &#128175;&#128175; http://t.co/4UVjjbeqDD,HOF
@cnnbrk let me guess they have yellow cake too? Same crap different president,NOT
@Yankees team sucks,NOT
If your main reason for disliking something is because it is popular there is a 100% chance you're a little stupid idiot bitch baby child.,HOF
RT @Torriable: I want to leave but he said he was going to eat my pussy - now I'm afraid to go and leave my cat alone with him,HOF
&#8220;@Black_Angelo25: First time with 3. Lol http://t.co/mITmFPvVLw&#8221; yuhhhh we hit that hoe!!,HOF
I just want to beat the fuck out of everyone that stares at me like bitch STAHP,HOF
RT @CallMeRenee_: &#8220;@1inkkofrosess: @CallMeRenee_ &#128514;&#128514;&#128514;&#128553;&#9996;&#65039; my bad bitch im logged in on everybody shit&#8221;hell yeaa me too seen tiff just tweet f&#8230;,HOF
"So, I can get into something closely approximating the full bird of paradise yoga pose. TIME TO MAKE MY RAGDOLL COSPLAY",NOT
@alexrojas_10 yo fag Rojas,HOF
RT @tupactopus: hoes on my jitterbug,HOF
"I'll eat ya pussy like a savage, but once you put ya nasty ass feet in my face my socks and drawers already on and I'm out",HOF
You drink light beer? Hahahahahahahahahahaha what a pussy!,HOF
RT @foodbibIe: Oreo Cheesecake Bars http://t.co/RT27crIqZj,NOT
What the hell are we doing with pussy rules that soldiers don't carry weapons 24/7 on base? They are trained. Liberal crap &amp; people die.,HOF
"""Well bitch, biology said..."" &#128514;&#128514;&#128514;",HOF
"RT @MsKeeKee90s: @t_ndyy haha Oreo lol. Well I gota do dee's video for his dance soon, I can show you how to use equipment and that x",NOT
@cameron_ast @lanahudsonnn are u fucking still talking bitch I wanna see that I don't give a fuck about your ugly ass girlfriend son,HOF
@Wagz This cold we have going around our little hick town had about everyone I know locked in their houses for better than a week. Stay well,NOT
RT @Goons_TXT: Only retards and dads roll Lawful Good.,NOT
Brandon Jennings trash,NOT
"My nig ""@im_me_mi: ""@oneshadowlove: yes black people live in Wisconsin lmao @80sbaby4life""shock da shit out me too #learnsomethingeveryday""",HOF
This 103 weather is a bitch,HOF
"Virtually zero protections for LGBTQ persons in Alabama. Not a lot of acceptance, either. Think about queer Alabamian kids today?",NOT
"Bought this Lp in Manchester the other week, had no idea it was coloured vinyl. Man what a steal!!!!! #VinylGasm #Re-Machined",NOT
@YellabeautyKC home coon,NOT
RT @legapsi06: I've only watched 10mins of this trash and I feel like I just wasted some valuable minutes of my life that I can never get b&#8230;,NOT
@ThatChrisEckert Gobble de gook,NOT
"Rams too ""@GnarlsDarkley: Lakers as a whole is trash RT @80sbaby4life: Jordan Hill is trash. Play Davis and Randle more""",NOT
@1usagrunt. I wonder what Charlie Brown would have to say about these days.,NOT
Idk maybe it's just me being bitter but giving bitches money and just being a genuine nigga ain't got me nowhere so fuck that. Struggle hoe.,HOF
"first thing to do when i wake up:

sell my hoe",HOF
Confusing circumstances seem to get in the way of your high ho... More for Virgo http://t.co/nrAAI6dhVx,NOT
2 adult human skulls found in trash http://t.co/VcsNP9ejV9,NOT
I will eat these hoes alive &#128175;&#128175;&#128175;&#128567; http://t.co/R4LW4KKfr1,HOF
RT @MirrorWeirdNews: Adorable tiny monkey showering in a sink is the cutest viral video you'll see this weekend http://t.co/cwc0b0Z9PB http&#8230;,NOT
from conversation at that... &#8220;@Blakcocaine_ These hoes be falling too easy. &#128554;&#8221;,HOF
Lilly just tried to climb up a tree after a bird and completely failed oh my god &#128514;,NOT
we need to pile some hoes in the back of Ross' car,HOF
@HuntsTheWind I wonder if I have my very own NSA spook following me by now?,NOT
"""@rhythmixx_: I told Mariam to but cigarettes for her birthday""

You also called me trash rn",NOT
&#8220;@ABadBitchCost_: omg yall should see this bag of weed dog this bitch like a .3 fasho lmfaooooo&#8221; &#128553;&#128514;,HOF
Even the birds think this waking up early thing is bunk. http://t.co/bqWlz5MBso,NOT
RT @jenebooks: I feel a lot of ppl trash talking indie for all sounding the same but i think any genre you're not v into tends to sound th &#8230;,NOT
RT @UncleBlazer: Yo mama so ghetto she uses cigarette butts as q-tips,NOT
"RT @p_w_sterne: @GraceBr92073005 ""There's more than one way to skin a monkey"" --Barack ""Bushmeat"" Obama @1Dittlinger @Txwench",NOT
"RT @HipHopIsDeaddd: My brother want to put on an asshole persona just to get females.That what happens when you let pussy control you, you&#8230;",HOF
@TheTrackMamba gator bait &#128010;&#128548;,NOT
I love when my friends let me use their phones to stalk the bitch that blocked me on Facebook.,HOF
RT @SammyLightning_: Any girl that talk about sex on social media is a hoe,HOF
"I like my bitches simple 
laid back relaxed your mental http://t.co/xyNGDzLDRb",HOF
I'm not really a phone kinda guy.. I actually hate talking on the phone &amp; texting kinda trash to me also.,NOT
RT @SaertjeMirror: I am a zebra amongst the sheep.,NOT
Keep those away frm Charlie Day RT @JhonenV: Just once in my life I'd like for someone's favorite part of my body to be my disgusting knees.,NOT
"for the insecure girl, ya name i won't mention. on instagram straight flciking, bitch you nipple slip away from stripping.",HOF
Thats not ya bitch if she dont love giving you head,HOF
RT @hippiescrub: egg avi in my mentions with 0 followers pussy bo dont want war .,HOF
So yesterday I ran into a dude I went to high school with &amp; he used to be skinny as hell. Now? Omg. Same fucker who slit my tires years ago.,HOF
this nigga @WaynesWorld171 fucking a bitch at svsu while me rj and b been waiting in the car for 20 minutes now,HOF
"When niggas wanna cheat they start an argument with their girl... ""bitch i told you i hate ketchup on my hotdogs, fuck this im out""",HOF
Harlem World trash? Interesting.,NOT
With birds ill share this lonely view,NOT
Obama mocked the special Olympics Wendy Davis mocks the handicapped do ya see a pattern? Democrats #tcot #UniteBlue,NOT
@ABC its time. amend 14th amendment it was written to protect newly freed ex slaves. Its lived its purpose. time to end anchor baby loophole,NOT
RT @ItsFoodPorn: Oreo Cheesecake Bars http://t.co/RlHHIM98FL,NOT
RT @YahooFinance Two stocks to turn trash into cash http://t.co/MRmlxaCOXx,NOT
@LaneBelgarde @A7XDemery you Sick bitch didnt even invite me,HOF
RT @NinoDaPlug: @lil_aerii What's good bitch (:,HOF
RT @____Chelleeee: Been Trynna catch up Witchu pussy &#128299;,HOF
"RT @hawkblogger: The AFC was trash last season, especially the AFC South. Jags could make a playoff push if they have a great draft. Not jo&#8230;",NOT
RT @DriveMy_Lexis: &#8220;@h_candace00: Idk but I think niggas that like getting head are gay &#128514;&#128514;&#128514;&#8221; bitch what http://t.co/sqt1TPnELM,HOF
RT @iCuffHoodrats: My next bitch gotta take me out just because....,HOF
"HOT ISIS SOCIAL MEDIA PHOTO: Laughing Jihadis Get Baby To Kick Severed Head &#8211; ***warning, graphic*** http://t.co/7Zr8daxNg4 #tcot #pjnet",HOF
RT @gferguson8: @KoredeB9 @MSoltan18 @WBDyllon_ trash,NOT
@SierraBell15 just called me a basic bitch and I'm not sure how I feel about it,HOF
#NowPlaying : The Doors - The WASP (Texas Radio and the Big Beat) on #1069TheArrow - http://t.co/R5wuXA9jB6,NOT
Where ya titties lil bitch?,HOF
And I was like yeah bitch,HOF
@craigcalcaterra Hes behind the plate for the game tonight here in AZ. Im looking to buy a red&amp;yellow Balkamania shirt I can tear off there.,NOT
#creamteam leaving hoes w #cockbreath,HOF
Tom Brady is the biggest pussy in the NFL by far,HOF
"RT @BuzzFeed: A photographer hid in a trash can to get these adorable engagement photos
http://t.co/75ZOvJEwYh http://t.co/F3VAUX9STw",NOT
RT @chilltweetss: when I make the paper ball into the trash can &#128168; http://t.co/Xnx2XEGACm,NOT
Can you let me stretch that pussy out or nah,HOF
"And even if the sky come fallin, bitch ima still be high. I got faith in my weed man",HOF
@b_shiznitt @italian_montana wtf you bitches seen this without me,HOF
"RT @SportsCenter: BREAKING: Louisville coach Charlie Strong is expected to accept Texas job, according to ESPN &amp; media reports &#187; http://t.c&#8230;",NOT
I just bought a Bentley and a bitch came wit it,HOF
"""Hey pussy you still there?""",HOF
cookies and crackers aren't even on the same level!,NOT
I'm making pollo a la brasso today,NOT
that lil bitch released the exclusive shower photos between niggas. #trustisbroken,HOF
I hate when bitches post pictures with other cute bitches and don't tag em in it. That's low key very selfish as fuck,HOF
@AyeFuckWoody @coryburgess87 do i literally eat asshole for a living? is that what i actually do faggot? You seem a little confused..,HOF
Outside with dah fuckin yardie eh,HOF
"RT @CourtneyyKay: Cruising down the street in my 64, jockin the bitches, slappin the hoes",HOF
RT @RussBrandon: Thanks to Mr Wilson for passing along this tremendous responsibility. My sole focus is to empower our leadership to bui ...,NOT
He's making sure if it's ok for the bitches http://t.co/wE7OBTKetB,HOF
RT @VinceSports: Best #CollegeGameday sign ever! The Dak-ness is spreading! Charlie Murphy's True Hollywood Stories. #ChappelleShow http://&#8230;,NOT
@iStricer You are hairy like a monkey. : P,NOT
"Instead of calling each other hoes, girls should be supporting each other. Idk that's just me though.",HOF
@elise_palmer im assuming mickey bubbles,NOT
RT @TheRealHoneyMoe: I don't care about bitches. Hoes be into it with they damn self&#128553;&#128175;,HOF
"@Yankees @marines1994 Daggone it Twins, kick it up a notch... Time to beat the Yankees...",NOT
Selling ex lax brownies in front of Meijer to pregnant women. #GoodDeed,NOT
@operationSAFE @GaltsGirl lived there and can attest to that. Trust them over any muzzie nation by a million light years,NOT
"RT @SportsCenter: For the last time, The Captain takes the field at Yankee Stadium. http://t.co/c9TI4FkSkn",NOT
I'd be the best at owning a bird. I could teach them the funniest things to say.,NOT
RT @_LOSOWORLD: @ChiefKeef bitch ass nikka took Flight Frm #Kenosha,HOF
#tbt me being a bad bitch http://t.co/Jc4bKbe8Vt,HOF
You're like a lucky leprechaun with a charmed day on your hand... More for Gemini http://t.co/2nx6NlOxOe,NOT
International police operation disrupts Shylock banking Trojan - Computerworld: The GuardianInternational poli... http://t.co/KhSV319gh9,NOT
@Huntermoore fuck my wet pussy with ur huge cock,HOF
Define wigga,NOT
Legion of jig &#128557;&#128557;&#128557;,NOT
"Lame niggaz wait in line, wait for bitches, wait to create, wait for someone else to do shit for them.",HOF
RT @DedePayton: On the low RT @mzlola_bunny: They're really looking for the next bitch to smash,HOF
@miquelpaniscus @ArcusGreatApes @graspunep The person actually holding the ape is NOT Paris. It's her sister,NOT
"@dantoomey2 you fat Irish fucking cunt, I honestly hope you choke to death in a pool of your own Jameson induced vomit",HOF
lol @ that tweet zebra.,NOT
RT @dallywaggz12: &#8220;@JustReIatabIe: Charlie Sheen gets point for this http://t.co/V6v0d77oBM&#8221;,NOT
So some bitch flipped me off for letting her infront of mee... Okay.,HOF
@MorbidMermaid do you work today niglet?,HOF
trash RT @VibeMagazine: Can the Notorious B.I.G.&#8217;s son CJ Wallace rap? Watch &amp; vote here: http://t.co/3kzJj7nqpP http://t.co/wOwnc0A70P,NOT
lmaoooo RT @ToeKnee2GX: Lol OK pal RT @AceHudsonJr: what bitch gone tell me no? TUH! http://t.co/toEa3cZjDF,HOF
&#8220;@dnumberbefore2: Lol maybe I should give in nd date these hoes on dates&#8221;let me know how that work lol,HOF
This is why my mother isn't allowed to make brownies http://t.co/h0cFT5wcBV,NOT
"@Gertrude_Larue 
I is colored, Latino and some Jewish. When I move in, I don't ruin the neighborhood, I wipe it out!",NOT
@Abels_Masochist you're not ghetto tho. You can live in the hood and not be ghetto #facts,NOT
So yall give farwells to Lulu yet did all but shit on Kris? Ok bitches... ok,HOF
"@VNNForum These Marxist kikes promoted Anti-Semitism by creating this film, what was their incentive? They just promote their enemies.",NOT
"Note the rocketeer removes cardboard from launcher and carries it to a trash bin before fleeing.
#TidyTerrorist

http://t.co/sb3U1XpeG4",NOT
"RT @Mr_MshkL: &#1589;&#1608;&#1585;&#1577; &#1604;&#1591;&#1575;&#1574;&#1585; &#1575;&#1604;&#1603;&#1575;&#1585;&#1583;&#1610;&#1606;&#1575;&#1604; &#1575;&#1604;&#1571;&#1581;&#1605;&#1585; &#1575;&#1604;&#1605;&#1605;&#1610;&#1586;&#1548; &#1571;&#1581;&#1583; &#1588;&#1582;&#1589;&#1610;&#1575;&#1578; &#1604;&#1593;&#1576;&#1577; &#1575;&#1604;&#1591;&#1610;&#1608;&#1585; &#1575;&#1604;&#1594;&#1575;&#1590;&#1576;&#1577; angry birds &#1575;&#1604;&#1588;&#1607;&#1610;&#1585;&#1577; !
&#8226; http://t.co/0lowkClb",NOT
RT @harrryaf: being a good citizen picking up trash (: http://t.co/PMFR5eopwO,NOT
I swear Newnan utilities be gettin a nicca .. Bout to start reading my own damn meter,HOF
Thanks @delaney_jade for coming with me last night because it's ghetto and no one else could of handled it! #Summer2014,NOT
"Sometimes I wish I had a cute pet monkey, but then I remember it would probably defecate everywhere, beat me up, and destroy my house.",NOT
@jessitron @Bsilverstrim77 ...in fact were I to start a for-profit university this would be the sole requirement for graduation!,NOT
@_VIVMMXII yuhh I'm finna hit that hoe! &#128513;&#128077;,HOF
Who would've known that Jesus'll come back to the ghetto / on that level and that thorough like a black heroine.,NOT
"@argylegray @JTrevorHowerton @HollyRFisher I don't give a flying fuck what you think about my tweets, worthless teabagger scum.",HOF
RT @LilyBean1313: And I thought I had a problem! #Oreos http://t.co/jfrBKzE1T5,NOT
God dam man that freestyle is so retarded that its fumny af omg,HOF
It be so good to not gotta woyke in da moanin. I da only colored dat woyke cuz colored folk be lazy and lives off da white guilt,NOT
Lol niggas out here saving hoes &#128514;&#128514;,HOF
@SHAIkethatAss and I replied hoe http://t.co/738UP5PLia,HOF
@Torn_Rose republican teabaggers should be jailed for treason.....,NOT
"@El_Grillo1 Off to the east of your current location, on an east-facing slope (dry side of a dry place).",NOT
"RT @NandaGorgeous: RT if you like 
BMTH
ADTR
PTV
YMAS
SWS
ATL
OM&amp;M
AA
MIW
BTF
WCAR
MCR
AFI
PE
BVB
WIM
BC
SS
CTE
NSN
GD
WATIC
AA!
BFMV
FOB
F&#8230;",NOT
&#9733; BEST ASIAN MASSAGE ON THE park slope --TOP RATED SPA &#9733; 718-622-0221 - 24 http://t.co/gPbi04YoBq,NOT
How many #Yankees players have 3K hits? You have to put #DerekJeter in the conversation for Best Yankee Ever. His numbers demand it.,NOT
"RT @pop_ruth: I'm a little teapot short and Irish 
@onedirection artist of the year #AMAs
#EMABiggestFans1D http://t.co/9O1zfvlezV",NOT
Hit a bitch with a car bomb.,HOF
":) ""@PeterDavidsonII: At some point, we need to discuss how delicious the vegan brownie from @busboysandpoets on u St. tastes!""",NOT
@louiev_ lol just getting this..early bird catches the worm!,NOT
@tracieeeeee wha? me? i'm just waiting for showtime to bring back queer as folk.,NOT
"Hoi, fai moke hau!!!!",NOT
@mrfoolycooly bitch ass scaring me! Lol you don't keep up with the new ones yet?,HOF
"&#8220;@itsDeSha__: I don't take people niggas bitches don't play about they niggas , specially they baby daddies &#128557;&#128514;&#128514;&#128514;&#8221;No BS",HOF
iggy wanna be black so bad. ur a white widow hoe,HOF
"RT @fernando_822: Rockin', rollin', swaggin' to the max
My bitch a fashion killa, she be busy poppin' tags&#127926;",HOF
I can't ever eat roast beef anymore without thinkin bout dark skin twat.. thanks a lot twitter/ig,HOF
People hate on da rig life but I love my baby more then a pussy ass nigguh,HOF
RT @LaVintageTribe: Getting all these checks like Nike I'm icy and yo bitch like me- dice soho &#127922;,HOF
@ToWherever yay im a whitey :3,NOT
"you know what they say, the early bird gets the worm. *puts gummy worms in your morning coffee*",NOT
Now I'm listening to lil spook getting the good kinda sad Imma be single this fall I know you'll getting annoyed with me on your TL but aye,NOT
@dxum7 Jordan's are trash,NOT
RT @ThePoke: This crow in Aberdeen just won at photobombing (pic by Steve Black] - via @DailyMirror http://t.co/qDcLxyjOCt,NOT
"@MrsZookeeper @Cornfrmr When Mary asked him about it, said ""the part you eat is white-you throw the yellow away""",NOT
@bitchdicknigga you're a fucking nigger,HOF
RT @TheDouch3: Why would u let ur girl even go to a party without u thats retarded lol u must want to get cheated on,NOT
RT @SariyaDaniellee: &#8220;@JayJuice22: The nigga who got slept is a faggot if he sues just run one again and watch ya back&#8221;LOL JUST LIKE THE PE&#8230;,HOF
@xDSmooth eat pickles hoe,HOF
&#8220;@iank12: @LTomasiello75 @AJDougherty13 me 3&#8221; you don't even lift pussy,HOF
@knvcklepvck gimme one with his mouth closed I can't draw teeth without making them look retarded oMF,HOF
"#IU should make me an honorary student, id be way cooler than the other international students. i have my own football card! #hoosiers",NOT
"Got hit on by a 70 yr old cripple...&amp; thinking, even if I were to accept your sexual advances there wouldn't be much you could do about it.",HOF
&#9733; BEST ASIAN MASSAGE ON THE park slope --TOP RATED SPA &#9733; 718-622-0221 - 24 http://t.co/pxwlZkWaCs,NOT
Imma get home around 0300 problem is it's a coon leaving the bar that drank 7 shots of crown royal think he still can drive,HOF
"RT @anitaphilmar: Fairy Fun - Losing her wings doesn't mean there aren't other ways to fly? #asmsg, #erotica #shortstory http://t.co/t6LuM&#8230;",NOT
Yo pussy been through it for the 9 scrapehouse visits. .,HOF
eli manning looks like a idiot when he's talking to the guys on the sideline with his hands up . like retarded af,HOF
This bitch done blew my high,HOF
&#8220;@cmencarini: I dont trust girls&#8221; cant trust these hoes,HOF
@TheLittleFella_ @OLE_VertyBstard @thereal_EMandM @Justinrogo01 boooooooo that was trash,NOT
"#porn,#android,#iphone,#ipad,#sex,#xxx, | #Teen | Cutie lesbian teens toy slits http://t.co/ZS05enjjwm",NOT
I can make a bitch famous,HOF
@mfsasso or jim crow laws segregation lynching laws... anti womans suffrage laws... amazing how everyone doesnt want to bring that up,NOT
Paceys just told me about how flash was touching himself and he was turning yellow and black.. #whatwashedoing &#128514;&#128514;,NOT
&#8220;@LayaFace: We out! Brooklyn bound wit this money. Feelin like Yung Jeezy in this bitch! &#128299;&#128299; http://t.co/TOq4bFWnzG&#8221; LMAOOOO,HOF
How long after the redskins change their nsme will all memorabilia w/redskind name be deemef racist and therefore illegal? Any thoughts?,NOT
"You mad cuz she fucking on ya enemy? She wins Cuz you letting that shit fuck with you. You can't control these hoes, why stress?",HOF
This flappy bird game addicting .,NOT
@KEIRRANicolee I didn't know you was following me hoe &#128514;,HOF
@wodaeeex3 it didnt open das y i asked cus i thought yu ate wat i had Pork chops yellow rice n beans,NOT
Whipped out some french in front of some babes at the post office. #winning,NOT
"It's October babe, you don't have to be a hoe anymore.",HOF
@KimW16 so she's retarded?,HOF
dont make direct eye contact with anything..birds cats nothing lol RT @EVBY_HATES_ASH: I'm going out west to bu (...) http://t.co/oVpwk9I3,NOT
@edouglas528 That would be your Yankees Earl....we all know they should win all 162,NOT
Karma is theeeee biggest bitch,HOF
"&#8220;@BurgerKing: What&#8217;s going to be your pick for #SelectionSunday? #2for5 #WatchLikeaKing http://t.co/aBam30gSk4&#8221;

Dis make colored folk happy",NOT
&#8220;@NoRapist: on my way to fuck ur bitch http://t.co/SgVBBrwOg2&#8221; @mckinley719,HOF
RT @mitrebox: At this point every voter in Florida has voted both for and against Charlie Crist.,NOT
"RT @schoolfession: ""Bros before hoes, except chicks with no clothes"" - Everywhere",HOF
"RT @katmurda: I am so nice , but I'm such a bitch .. hard 2 explain",HOF
"What be the peckin order?
1 white Christian
2 colored
3 Porto Ricans 
4 Arab 
5 Jews 

I donts know. I be axin",HOF
RT @DennisssBeauty: @VivaLaZulema looked like Princess Bella in that yellow dress&#128120;&#128120;,NOT
She told me trust no bitches &#128581; and watch yo homies &#128530;&#128064;,HOF
"RT @attsmcjay: ""One man's trash is another man's treasure""...perfectly explains strippers with daddy issues.",NOT
"why even get pregnant by someone that isn't an never will be fit to be a dad, smh stupid stupid hoes",HOF
RT @ryancommakerry: I think it's time to bring out the drunken monkey,NOT
The family of Ron O'Neal needs to sue Wu-Tang for that trash song they released in his name.,NOT
Wait did @kidfivevibes take my brownies??,NOT
@IMTHATGUY_DHuck Happy Birthday pussy. Have a good one,HOF
"RT @babyjaypops: ""@BreadTruckkBri: Why everybody sayin I don't listen &#128557;&#128514;&#128557;""u don't bitch u gone learn one day",HOF
@InedibleFood Quickscoping trash. TAKE OF THE TONY HAWK SETUP AND PLAY NORMALLY. THAT'S NOT WHAT SNIPERS ARE FOR!,NOT
The Conjuring wasn't trash. It just wasn't as good as Insidious.,NOT
@rbigwood when Hollywood Underwood took his shirt off and started screaming in the dark hah like a horror movie with the nips!,NOT
RT @NikoWavy: Why ain't no single Fathers getting wished a Happy Mothers Day like y'all do these bitches on Fathers Day?,HOF
"RT @DonnieWahlberg: Happy #BLUBLOODS Friday! 

Off to @CBSNews to sit down with the gang on CBS This Morning!

Join us in the 8 o'clock ho&#8230;",NOT
#TRUTH RT @notashley: David is the Charlie Brown of #Scandal,NOT
awwwww Alex Smith broke his pussy,HOF
Where would me life be without God and @levimitchell.....seriously I'd probably be living In a trash can haha!&#128514;,NOT
"HOT #ISIS SOCIAL MEDIA PHOTO: Laughing Jihadis Get Baby To Kick Severed Head &#8211; ***warning, graphic*** http://t.co/XdpSzwj6sK #lnyhbt #tgdn",NOT
RT @_katrinasalazar: this what most of yall hoes need to admit . https://t.co/SXz6y0HRR0,HOF
@cumkwats thank you based pee slit,NOT
@MistressOfSham that area is a bitch regardless so I can imagine,HOF
Charlie Sheen wants to return to 'Two and a Half Men' | http://t.co/kVMDoGDcLQ,NOT
RT @jm_wags: Well I play flappy bird now and I don't know why,NOT
&#8220;@sorryimalex: I'm only back cause I don't wanna see the boys lose to trash #vote5sos&#8221;,NOT
These hoes was just really fighting ova Some rally's tho on 30th&#128514;&#128514;,HOF
Fuck the cowboys the giants the redskins #EaglesNation #BleedGreen,HOF
Gotta keep the sox down while they're down! #RedSox #Yankees #mlb,NOT
&#8220;@JohnelHadleyJr: Uncle Charlie just got thru lip singing?!&#8221;haha,NOT
@RatchetSue the only thing better than a bargain is a Yankee bargain.,NOT
Lol at these honkies talking trash I'm done with this shit #growup #whitetrash,HOF
"RT @King_Lonnie_19: ""@TaeCocky: Rihanna is a talented hoe"" http://t.co/uL4ePHA2qy",HOF
RT @InduZtriouZ_Neo: I am a strong believer that birds of a feather flock together,NOT
Friendly advice to western reporters in Kobane: don't advertise your location. Jihadis are tracking u &amp; consider u a high-prize target #ISIS,NOT
RT @_CollegeHumor_: i fully support same-sex marriage but i'll never stop calling my friends faggots,HOF
It sad how bitches wake up being messy like bitch find you another career cause this ain't working out for u &#128553;&#128175;&#128584;&#128513;,HOF
"RT @KYHoopsBuzz: Latest DraftExpress mock draft has Randle #3, Cauley-Stein #9, Young #14, Poythress #37. Harrison twins &amp; Dakari Johnson a&#8230;",NOT
I'm gonna go ape shit if there is an IF Uchida,HOF
"Man I thought that heifer was yo old bitch, when you first went to the feds I was that nigga she would smoke with.",HOF
@KILLDion @h_christianne politics isn't twitter coon lol,HOF
@FrankieJGrande omg gtfo white faggot,HOF
RT @FallonTonight: Jimmy and @BillyJoel's two-man doo-wop performance just went live on YouTube! https://t.co/NGzhImyvSF #FallonTonight htt&#8230;,NOT
Never turned my back on the birds,NOT
I got a missed call from your bitch &#128514;,HOF
LOL what bitches yea go get the bouncer we were eye ballin' your clearly pussy ass,HOF
"@CarelessOne92 weeknd dont save hoes b, idunno bout Drake",HOF
"RT @VictoriaDahl: &#8220;@donnajherren: Well, there's ""crazy bitch"", and there's ""you can look for that motherfucker's corpse, but you won't find&#8230;",HOF
I really just want to kill some towel head terrorists already &#128530; can high school be over now please?,HOF
"RT @ohmyev: it's crazy. if a female cheats, it's so wrong. she's every type of hoe there is but if a guy cheats, there's all these justific&#8230;",NOT
"""Your teeth are like the stars."" ""Aww thanks!"" ""Yeah... yellow and far away from each other.""",NOT
&#9733; BEST ASIAN MASSAGE ON THE park slope --TOP RATED SPA &#9733; 718-622-0221 - 24 http://t.co/8KUzaPFCMF,NOT
"Tilt my chin back, slit my throat, take a bath in my blood, get to know me",NOT
RT @LoQueEllasSaben: Amo a esa gente que me odia.. http://t.co/8Zr3e0YsoE,NOT
"""@jSadass: loud bitches annoy me""",HOF
Why McDonald's breakfast good but the lunch trash,NOT
&#128514;&#128557;&#128128; RT @iDO_me2: Hood hoes love Harrell football team&#128528;,HOF
My hair is one of a kind so dont ever fix your mouth to say our hair is alike cause guess what hoe IT AINT.,HOF
"RT @DezzzyBo: I want attention yet she's on twitter talking about getting somebodies dick wet tonight and what her tongue does, deez hoes g&#8230;",HOF
Kissing that bitch but she sucking me,HOF
If a bitch makes u moan during sex she owns your soul. &#128175;,HOF
@CSVNDY i wanna be that white nigga chillin in my mini cooper just throwin money at bitches,HOF
&#8220;@CommonManKFAN: And that's why mock drafts are a joke my friends.....&#8221;Anyone???,NOT
"""@kazooook: We actin like it's the 7th day @WesGodLaFlare http://t.co/s9gMtEvpaT""
&#128123;spook",NOT
Just like a bitch. Typical shit. Stepping in place. Elliptical shit. Wizard of hearts. Mythical shit. Watch yourself. Mystical shit.,HOF
aka don't ignore me bitches,HOF
"""@M_Rad: &#8220;@DezDLT: ""I play soccer, cheat on girls, and wear khaki coloured cargos"" haircut http://t.co/tYCIhD6PkW&#8221; yes lmfao""@soccerboy_04",NOT
@Jaydillz they're both big bitches tho lol,HOF
"&amp; thots are wearing Uggs RT @BigBootyJudy814: #ItsFallBecause negros are pulling out their Timbs""",NOT
@Pepper_Redbone @Yankees Just getting in! I hope so. Cause they stunk it up last night.,NOT
I'd kill to meet Charlie Sheen.,NOT
There's someone riding around the Robinson Walmart in a lawn mower. With ghetto headlights added. #reallife,NOT
#tbt my precious gook baby &#128525;&#128525;&#128525;&#128525;&#128525;&#128525; @outtapocketjuju http://t.co/2QJLJj6tK5,NOT
@WhoDey8182 Sum bitch that looks good! Where does a man such as myself pick up one of those?,HOF
I been thugging theses hoes since pre-school &#128514;,HOF
@Sammy_Sicko Get me a bag of those pink n white coloured van sweets please. Thanks dude :-),NOT
"RT @VandTRailroad: #DidYouKnow: The Comstock Lode was a boon 4 @VirginiaCity as it grew 2 20,000 ppl &amp; became 1 of the largest &amp; wealthiest&#8230;",NOT
My grandma threw out all of my raps. Ones I made from 7th grade to now. I'm literally crying. Thats all my work in the trash. &#128530;&#128532;&#128547;&#128546;&#128557;&#128560;&#128545;&#128548;&#128544;&#128127;&#128122;&#128589;,NOT
@blackymiles lol to get the yellow bleach stain out use a baking soda hydrogen peroxide paste on the stain and throw in the washer,NOT
@DebsFLPx I was lucky to be sensible and I've never had a fag or a drug. I'm pleased about that statistic. Yes I have a beer but that's all.,HOF
"Drake T.I&#8220;@MsBTxo &#8220;@_sirhampton_ 3 Stacks, Kendrick RT @xHollywoodCourt: Name a rapper that alot of people like...but you think is trash&#8221;&#8221;",NOT
anybody remember that movie Thumbelina? I didn't noticed how flamin' the bird was until now,NOT
@Blackman38Tide bandana Orian. They called me trailer trash for wearing my lil country getup &#128545;,NOT
@AutyAut_ I miss you!!! *Eating as we speak* I miss you red bone and that cooking &#128553;&#128553;&#128553;&#128525;&#128525;&#128525;&#128542;!!,NOT
@Adolfhibsta I've seen a number of bitches on here say there's no such thing as loose pussy lol. Ok,HOF
"RT @TheDrugTribe: New Years resolution: smoke more weed, make more money, fuck more bitches",HOF
&#9733; BEST ASIAN MASSAGE ON THE Brooklyn Park slope --TOP RATED SPA &#9733;718-622-0221 - 24 http://t.co/ENSNf9RGPH,NOT
He so trash RT @yusufyuie Cary Williamsc GOT CARRIED lol,NOT
&#9733; BEST ASIAN MASSAGE ON THE park slope --TOP RATED SPA &#9733; 718-622-0221 - 24 http://t.co/mLFuCqIIFA,NOT
Sheehey back door cuts still go un guarded! #IU #HoosierHoops #hoosiers,NOT
RT @DariusJulion: that movie was trash,NOT
"@GingerDemoness @jcapswgr 
All dem colored boys be sayin I dare baby daddy. I gots to protect my semen under da lock and key. And I wrap 2x",HOF
The redskins just begging to lose this game smh,NOT
Short answer: Yes. ~ Sage Grouse Rebellion: Will Obama use two small birds to limit oil drilling in the West? http://t.co/TK0nZBBTte,NOT
If i wasn't a Yankee fan i probably would be a SF Giants fan LOL,NOT
RT @lordflaconegro: Ion even ask lightskin bitches for nudes nomo fuck y'all &#128529;,HOF
"@Danny_Cavanagh....available online soon? I didn't have enough to get it after my Anathema merch. It's a cracker, I need it. Can u.....",NOT
@Alan_Casillas niggah lol i had 6 beers before i went to the bar then had 4 beers at the bar then got a 12pck on the way home lool,HOF
I dog hoes not one but all hoes,HOF
I cannot express how infinitely better the book is to this trash.,NOT
RT @MadChad412: OMG Hahaha best thing you will watch today. Milan Lucic is a crybaby bitch goon. F him and F the Bruins https://t.co/KkPzGL&#8230;,HOF
If not then you are a coward and afraid showing you have no faith..Just another devils bitch...,HOF
"@iNURSELISA @MailOnline 
See dis what happens when a colored man move into @Rotten_Soil&#160;'s neighborhood. He ain't been sick fo 10 days",HOF
"&#8220;@_chrisbrazell: Fuck The Girls , Peep How He Change When A Nigga Squared Up Against Him &#128514;&#128514;&#128514;&#128514;&#128514; https://t.co/FZx4ws7eeE&#8221; &#128514;&#128514;&#128514;&#128514; bitch ass",HOF
I fear no niggah I trust no bitchhh..,HOF
"@DolfyAdolf 
Y'all gots betta machinery fo dat. Hanger be ghetto",NOT
"RT @ThatsSoRyannn: &#8220;@zzachbarness: ""IBS"" irritable bitch syndrome.&#8221; I have this",HOF
@iLLEGALLYBadd my boy said this last night. I'll be in the gym Bc I refuse to be sloppy like these bad built bitches lol,HOF
If you ballin then buy ya bitch something,HOF
"RT @omfgmeezy: maybe 

nobody 

likes 

you 

because 

you're 

a 

bitch",HOF
What ever happened to the Teen Titans of my day and why must they mock me with this Teen Titans Go?,NOT
"RT @FirearmsDaily: Statistics don't lie, if you like gun control you're a queer guy. #FD",HOF
We're a good match cuz we both retarded...n weed,HOF
We're going to make the school look so redneck tomorrow.,NOT
The Giants trash,NOT
#Royals Milwaukee let Yost go.Now they wished they hadn't cause they suck.How about now.He's the guy win or lose. Yankees fire Girardi &#128073;Yost,NOT
The Bucs has 2 great uniforms and ruined them both for that trash smh,NOT
"@JPantsdotcom @Todd__Kincannon @the__realtony I'm partial, faggot..homo...both fairly describes the same sick twisted Assholes out there.",HOF
&#8220;@ITSMeESPERANZA_: &#8220;@nhalegood: When hoes feel like their photo didnt get enough favorites http://t.co/xezFP0uybA&#8221; that's me &#128129;&#128128;&#8221; thirsty ass,HOF
RT @FREECEV: bitch get off twitter and text me back I love u,HOF
RT @BrianFromWork: @ThatOneGirlPink @coL_TuQuick naw bitches want attention not respect... Real women want respect #truth,HOF
@Taylor_1017 faggot,HOF
"RT @murrman5: ""Hun, I'm quitting my job and going to learn to become a psychic. Now I know what you're thinking, well not yet. I'm going to&#8230;",NOT
Omg I will kill you for liking that pic I swear bitch,HOF
@ktpowers98 @WendyDavisTexas Ha Ha Ha no good fat dyke,HOF
"@KingHov1313 i got a dyke wit a child as whse mgr, and she jus hired another girlboy dis week....",HOF
http://t.co/bPU86qzYFt Lilith Lee &#8211; Hot blonde teen fucks her tender pussy with a&#160;dildo http://t.co/FpU2FAy9CO,HOF
Monkey see monkey do really Abu,NOT
@EmmaLouisaSuttl @timmyn90 Anyone bring in a monkey.,NOT
"""Slow the fuck down, bitch, I know where you live!""

Classy young lady.",HOF
@AJ0427 Just watched the Llewyn Davis doc. Warm fuzzies abound &#9786;&#65039;,NOT
"ask for my number he a lame I'm like cuh, mobbin with my bitches turn down for what",HOF
Dhugga Dhugga baby D H U G E R kiss a nigga bitch perfect no CPR &#128068;,HOF
It's a lot of Uncle Tom ass niggas out here.,HOF
Hoes and dey hoe poses,HOF
Lol RT @JayFucknHarris: Youuuuu got niggas but I don't got bitches,HOF
I hate yellow jackets can't feel arms and back lol,NOT
Ladies you are not a hoe if you fucked on the first night. Don't let these lonely bitches lie to you.,HOF
"""You hit no lights, no line for toco bell at 2 in he morning, and Diana's back in her house. It's a miracle"" - Charlie @dianaaaxo",NOT
@trestiffer lil b already to puff for the hoes,HOF
Goodbye x Young Dolph featuring Trinidad James &amp; Shy Glizzy,NOT
@KaylahPrettyMom lmao girlllaaaa I don't like em chunky anymore.&#128514;&#128514;&#128514;&#128514;&#128567;,NOT
"Without serge, the bird chirps. The sun burns, the grass grows, the world turns. The moon glows, the river flows. But I die without serge.",NOT
Whops @_JAMAICAJONES yardie. Go smoke a blunt and tell a nigga to come through. You are stressed,HOF
RT @JZolly23: Kickin trash cans on the golf cart #yeeyee @weidie1211 @mowder03 @JBilinovich @cmnw86,NOT
Silly bitch shit never sleeps huh..,HOF
"under my windoowww &#8220;@brettcanfly: Bleaching your teeth, smiling flash, talking trash, under your breath&#8221;",NOT
"New show announced in Lutsen, MN at Papa Charlies on December 11, 2010 http://artistdata.com/a/2oy4",NOT
got ah tight schedule... fuck ur bitch just met her!!!,HOF
@jstewcoolcat fag lol,HOF
"@kay_reneaa trust me, after i tweeted that i was like... Damn im a fag",HOF
Trailor trash tina time &#128556;,NOT
"I don't care if you're Gay, yeent bout to me calling me ""bitch"" and ""fish"" and thinking shit is sweet. I don't even like girls doing that.",HOF
"You boil my blood, just how spoilt and how much ae an arrogant bitch you are. If u try to show off I'll flip nd most likely go nuts #ohwell",HOF
"RT @weakenednachos: last thought before bed: in '92 we had a ""mock election"" in 3rd grade and i voted for Perot. maybe i related to his rea&#8230;",NOT
"We just chasing O's round here. We ain't chasing hoes round here 
&#128176;&#128181;. &#127939;&#128168; &#128581;",HOF
I'll quit being a bitch when you quit being a fake friend. &#128077;&#9996;&#65039;,HOF
@IGGYAZALEA it was a joke you fugly bitch be happy uncle snoop even acknowledged your nasty ass lmao,HOF
Baseball isn't the same without the Yankees in the playoffs &amp; basketball isn't the same without the Lakers in em.,NOT
"RT @Savage_Glam: Idk if @IGGYAZALEA is really a man, but she surely is a trash rapper.",NOT
"Calling out teabaggers, conservatives on their BS: http://t.co/l8Qx8RMjrG via @YouTube",NOT
So real it's unreal LOL #Yankees #WorldSeries #27andCounting #MLB #MLBtheShow12 http://t.co/tdMrBsnP,NOT
"My doctors office is retarded, ""we noticed you put in a prescription order, so we canceled it. Give us a call if you need a refill, thanks!""",NOT
"cleaned all the bird nests out of the downspouts and ready for more rain, the baby birds are out now. respect the birds.....and bees (:",NOT
Lmaoooooooo RT @Chollie_Grapes: Dumped the shyt outta me. Fuck wrong with her. I'm perfect like angel pussy,HOF
"RT @natedavvg: grab her booty in front of niggas that want her

grab her booty in front of bitches that want you",HOF
Lmao redskins turnin up,NOT
Only white trash would call slants and hindis and moslems their equals.,HOF
@Mike_Stud so is my pussy,HOF
@AsapTwelvyy bruh bruh that bitch ain't loyal !,HOF
"RT @Garin: ""A day without laughter is a day wasted."" 

~Charlie Chaplin",NOT
"""Dropped a stack cause bitch I'm ON"".
-@1PoloBoy 
Song called ""Dope"".
Download the mixtape here: http://t.co/LaCZ1e6TG7",HOF
@0xabad1dea Hard to QA? Time is also a pain to mock out in unit tests...,NOT
"RT @Yankees: Gardy goes yardy again! He leads off the game with a HR for the second straight night, and it's 1-0 #Yankees!",NOT
RT @OTBVA: mook gon wi 3-0 but this battle is bad,NOT
"Dear Von Miller, Karmas a bitch.",HOF
RT @SpacePlankton: Saw a man in a yellow hat at the Grand Canyon today. He was hanging out next to a curious gorge.,NOT
My baby guinea pig is so cute #Adorable,NOT
RT @mmpfeiI: fuck your gpa bitch im a lot smarter than you,HOF
Try Rex's NEW water roasted tomato/potato sawdust crackers! Loaded with enough sodium as to make Lots wife look unsavory! Only 22.99 a box!,NOT
@Abel312_ @Cuauhtli02 bruh I'm under 2 blankets like a bitch right now,HOF
This is true... RT @Mr_QuenchYaGirl: Charlie Clips the coldest battle rapper doing it. No debating!!!,NOT
"' Niggah said "" my girl off limits thirsty niggahs stay out her inbox "" But the bitch look like Kunta Kintes... http://t.co/VeqZF9IK6Q",HOF
@DoubleAIV just watch bitch nigga u gonna want the whole team dead,HOF
"RT @SaveNoHoes: this nigga Kanye looking at his ice cream like ""hoe ass ice cream you aint as cold as Kanye"" http://t.co/Z3P8sXQtT3",HOF
I don't blame Crash for not sharing with you @geoffsheen760 you'll probably talk trash about it like you do food trucks #GeoffHatesPuppies,NOT
"RT @milesfan79: #fridayfaves RT @OneBillionBucks This bitch is dressed for church, the club, the gym, and to slay vampires &#128514; http://t.co/l7&#8230;",HOF
Homework and boonies date with Caitlin tonight&gt;&gt;,NOT
RT @ChiefKeef: Finna fly me a Thot out here! Get back on My make bitches Fly like Peter Pan shit.,HOF
@josephljenkins Have heard some hillbilly grumblings that bugs worse in recent years because of MIC shutdown.,NOT
@VoiceofaPatriot Now now&#8230;that bird is one of God's creatures :-),NOT
This music is trash,NOT
"Scary bitches on Twitter never @ the nigga the have a crush on, always on some ""oomf"" shit",HOF
"She is not a ""whore"" she a ho",HOF
RT @TalibKweli: Do you want to hear the truth or are you only looking to hear what makes you feel all warm and fuzzy inside? I choose truth&#8230;,NOT
So much more going on but hypocrisy doesn't sit well with me. My redneck family from central Illinois more black then Bieber!,NOT
Lmaoo tony spanked it maaad times to that bitch voice,HOF
"@1Corinthians126 #BlessJesus Yes,#Felt..and touched the soles of the humanity with stains and impressions that only leaves its reflections.",NOT
RT @MadeaDonPlay: Call da po po hoe.,HOF
@zach_smith98 @kieffer_jason bitch stfu and get off my page,HOF
"RT @GuyCodes: Scientists recently discovered that bitches, do in fact, be trippin'.",HOF
Gov. Rick Scott Kicks Charlie Crist&#8217;s Ass http://t.co/x6kOQsVCUa,HOF
Lima fears change but yet wants to bitch about how much it sucks &#128529;,HOF
@KazAtta your welcome my nig #salute,HOF
"""@QUAN1T0: 61% of welfare/government aid is claimed by white people. So y'all black slander is trash now.""",NOT
@ZitlalyL &#128529;&#128529;&#128529;&#128529;&#128529;&#128529;&#128529;&#128530;&#128530;&#128530;&#128530;&#128530;&#128530;&#128530;&#128530;&#128530;&#128530;&#128530;&#128548;&#128548;&#128548;&#128548;&#128548; How is he supposed to attract bitches in a tutu though? &#128530;,HOF
@zhandlen I love WHITE NOISE and love Delillo. I&#8217;ve resisted reading HOUSE OF LEAVES for years. It mocks me on my shelf.,NOT
RT @TiredOfTyranny: Jihadi Work Accident: Seven Taliban Fighters Including Top Commander Killed When Roadside Bombs Detonate Prematurely&#8230; h&#8230;,NOT
"""@OSAY_it_aint_so: &#8220;@IgnoreAllLaws: Fosters home for imaginary trash&#8221; WHOA CHILL""

that show was everything tf",NOT
RT @Rock76_: @1waynostra we just trying flip an ounce to a P in dis bitch!!! im still out school bro next week im out dere doe,HOF
@justinclark_5 oh I forgot you retarded lol lemme break it down for you where the BG hoes at lmao,HOF
Why bitches get so hype an mad when u asked if they suck dick like yes or no telly tubby,HOF
RT @sluggernation: The P72 Derek Jeter used to hit the walk-off single in his final @Yankee Stadium at-bat. (Images via @mlb_authentic) htt&#8230;,NOT
JJ Watt was on his grown man shit all night.. Now let's get it #Yankees,HOF
"&#8220;@Yankees: #Yankees and Red Sox are scoreless as we play in the 2nd inning.&#8221;
THE BAMBINO IS WATCHING!",NOT
Niggas are funny. &amp; karma is a bitch. Good morning .,HOF
I'm Hun-gry,NOT
Ive got the best friends a functioning retard could have.,HOF
"pussy,money,weed all a nigga need",HOF
bunch of pussies,HOF
That pussy crying for help,HOF
@whits_20 @AjalaPilgrim Yankee? &#128530;,NOT
"She May Be Dumb As A Stump, but even Sarah mocks OBAMA! http://t.co/Qwxb4wbfZq&#8221;",NOT
GA Charlie @Charlie4927 @StacyDmomof5 @RevkahJC @PattiSM74 @cantUCIMblonde @Kacado,NOT
Lmaoo RT @IMCoolLike_That: Stfu..who are u to prefer what a woman wears on her feet bitch RT @80sbaby4life: I hate bitches that wear wedges,HOF
Did la mulatta just refer to herself as a darkie? @thejournalista @huny @gwarbucks @tygress,HOF
"RT @metroadlib: don't ever be afraid to double bitch down.
ppl always expect you to be like, ""i'm sorry if i got loud."" or, ""i'm sorry to s&#8230;",HOF
RT @iBChrisMoses: that bitch Lebron counted to like 6 he ain&#8217;t eem give Miami 6 yrs &#128514;&#128514;&#128514;,HOF
RT @titaaaR15: Dumb bitch,HOF
RT @k_ree2: &#8220;@Trentdamanz: These hoes are loyal&#8221; plot twist,HOF
bad bitch from lansing....she could be a model...shes a model...,HOF
&#8220;@hoppk92: @WCCORosen Sick of all the trash talk and cocky attitudes. #shutupandplay&#8221; Refs have to take control when needed,NOT
RT @murdcr: @sorryimalex @dollskill buy the girl stuff you twink ass bitch,HOF
RT @WORIDSTARHlPHOP: This talking eggplant skurred af https://t.co/KDwoApyvD0,NOT
@mkkberger juss the way she stands screams bitch! Lmao @mlwberger @bigbergerc,HOF
RT @Ilovebamf: Like no bitch you didn't make the cut.&#128075;&#128129;,HOF
"RT @Sydhinton922: If your boy breaks up with you and has a new girlfriend a couple days later, then there was something you didn't know abo&#8230;",NOT
@Yankees and we all fell asleep @Frizzle18,NOT
@2ManyLouboutins @moneydriven stfu hoe and fucking answer me before I smack the shit outta you and your faggot aunt.,HOF
"@Liveitupjersey @ccass357 don't trash Jersey...ODDS ARE..YOU WOULDN'T LAST 10 MINUTES AROUND HERE! 
Go back to watching BARNEY!",NOT
Lmaoooooo @ Supreme being trash. Guess Bape is trash to huh?,NOT
@Pnolia_jay shut up bitch nigga,HOF
I got 99 problems but a bitch ain't 1!,HOF
@walterthecat121 @GalliumRBLX how is it being colored blind?,NOT
A GWB appointee. There goes the ACTIVIST JUDGES slant. Oh wait? It's already been exposed as completely farcical. A GWB appointee.,NOT
And now lookin ass niggas and lookin ass bitches will be the terms of 2014. Will be overused &amp; abused in every fucking way,HOF
@lovenati after a 2 day bitch fest maybe,HOF
@JamesdaJewison &lt;&lt;BEST NAME ON TWITTER EVER!! AKA; Jewbacca&lt;&lt;SECOND BEST NAME ON TWITTER!!,NOT
Ole girl really told me she doesn't care if her boyfriend has hoes. This is what's wrong with our generation.,HOF
90% of niggas goofy and act like bitches,HOF
"RT @Realistt__: &#128525; &#8220;@Squirtology: Crazy things about the pussy that you should know &#128520;&#128520;

Make sure u know &#128073;&#128073; http://t.co/xOO7AjnD8y &#128072;&#128072; http:/&#8230;",HOF
RT @Wyeisha_Davis: Idc I still watch two &amp; a half men . Well the old one with Charlie,NOT
RT @HipHopIsDeaddd: Cowboys trash again.The NFL is bike to normal,NOT
"Moral to the story: If you like the Yanks, I'll pretty much do anything you tell me to do.",NOT
RT @SpacePlankton: This monkey on my back keeps smearing poop in my hair.,NOT
@Anotherpotheadd lucky monkey,NOT
RT @BlackNerdJade: RT @Parkour_Lewis: *Last 5 hours RT @the_blueprint the last hour and a half of work trash just for existing.,NOT
Those my v necks now ho,HOF
That was trash. I'm just gonna put my phone down. Goodnight,NOT
RT @Loyalboy_brown: Unt really fucking suck this year... Smh how did they get right back to trash in one season,HOF
@BigfineHorseee she gone eat that bitch,HOF
I found your arm in that trash receptacle and your leg in the mud down by that stream.You should consider keeping better track of your limbs,NOT
RT @TravelNevada: Great story of what it's REALLY like to be a camel jockey at the Camel Races in @VirginiaCity http://t.co/X02xMAVEqU #Tra&#8230;,NOT
RT @LakersTV: VIDEO: @kobebryant on talking trash while facing @NickSwagyPYoung during today&#8217;s scrimmage &#8211; http://t.co/3njZFytc1R http://t.&#8230;,NOT
somebody take these Oreos away from me before I eat the whole pack,NOT
Only in my hick town can you walk into a national sports bar and get Busch light in a can. SMH,NOT
My flow retarded &#128526;,NOT
RT @ClutchLikeMJ: Tennessee isn't even orange it's like vitamin pee yellow &#128553;&#128514;&#128514;&#128514;,NOT
"@PhantomGourmet Someone gave me a nip of Baileys irish cream coffee, what can i use it with,suggestions?",NOT
I like Rivers he talks a lot of trash you can tell he loves the game,NOT
"RT @Nachumlist: Charlie Rangel: &#180;The Things We
Believe in Are Spiritual Damn Things&#180; http://t.co/NwgiJ1mjia",NOT
"RT @WindPushedGrass: ""This bitch is just dead weight""

- Pallbearers",HOF
RT @Lrihendry: Pregnant S.E. Cupp&#8217;s classic response to &#8216;liberal dem&#8217; who calls her &#8216;chunky&#8217; &#8211; with bonus tweets http://t.co/U8nlYWEfiO via&#8230;,NOT
"Tuna is good the rest trash RT @AyeoFool: Cans of spam RT @MsBTxo: Most struggle food HAS TO BE any meat In a can, tuna included",NOT
@jkfldghi @Huntermoore long tittie no nipple havin ass bitch,HOF
@M_A_Larson @SteveStreza You're saying zebras are goth?,NOT
"@Victoria_Star1 haha..monkey feet,i like it..but 4 real,feet are magical on a back..it smoothes every nook and cranny of tightness ;}",NOT
&#8220;@connycarvajal_: Why u can't just love?&#8221; Because we don't love these hoes,HOF
"Jamaica populated with island hillbillies. Even linguistics are kind of the same, if you sub the accent. Olde English derivatives.",NOT
"When people label their name on there ghetto nano&lt;&lt;&lt;&lt;&lt; 

@StephyRae7",NOT
Naked bitches give me bubble baths,HOF
This. Good. #pricklypear #shiner http://t.co/clfJKT4IZ4,NOT
Thou shall not mock Ryan(the future)Kelly,NOT
"Because if nobody was judging the birds, this account wouldn't even cause a ripple in d ocean",NOT
"So, about this flappy bird game then.",NOT
"RT @medzzzx: *claims hoes don't exist* 

*uses hoe in her name* http://t.co/tSNzJgPye4",HOF
hoes get beat 2... n if any nigga knw me dey ah tell u I stay wit ah pistol n always ready to squeeze,HOF
"1) RT @naeluckyass: @ILoveBigTracy @Therealalonig no I'm not crossed eyed, I'm albino. Can't control that",NOT
RT @CraziestSex: A girl KNOWS when a bitch likes her boyfriend &#128564;&#128080;,HOF
so whatcha say hoe you know im the hoe,HOF
RT @DameStr8Cash: @JaeTips I know that's trash,NOT
@dchestnut26 don't shake your head at me. I just love to trash talk.,NOT
@I_GotOne you look like flappy bird,NOT
"@BryanStars ATL, BVB, SWS, PTV, THE RELAPSE SYMPHONY, SET IT OFF, FAREWELL, MY LOVE, MAYDAY PARADE, FOB, PARAMORE, etc",NOT
"RT @paul_lander: Yesterday, the caged bird sang the blues. RIP #MayaAngelou.",NOT
@poak_ But then you have no idea what people's actually personalities are like maybe Pamaj has always been a cunt hahaha,HOF
@MadameCrystalB stop calling her a bitch *crystal voice*,HOF
@KodyMark1 go Yankees,NOT
is it ghetto to grease yo scalp at work,NOT
@DrunkAtChurch @MzYummyDread Slide up on a bad bitch/Dat bitch look good,HOF
so it turns out Hope Solo is one crazy bitch http://t.co/wlqnFDSX0a,HOF
WATCH-Military Monday Jihadi Bitches Slaying: BADASS - A-10 Silences Taliban During Intense Night Time Firefight http://t.co/osAgQo567K,HOF
@Param0nster_ you and me having Twitter bird shaped pancakes that would just be a start,NOT
these bitches act local and think global.....,HOF
Lol this girl makes fun of guys for having like light voices but I'm just like bitch your voice is like deeper than five men together wtf,HOF
@Matt_Schiffer @TCOBryce nah its bc I'm a bad bitch,HOF
@okoruoni You're trash.,HOF
"""@Yankees: Down 6-1, #Yankees look to rally in the bottom of the 9th."" #RALLYCAP",NOT
"@NYDNSports @Yankees ugh , @Espo4710 put one 420 dead center off him @StFrancisNews",NOT
"Want to go get this brownie, I'm stuck doe.",NOT
"""don't let your side bitch settle in, I might have to headbutt you Evelyn""",HOF
@Tommayydoee bitch lol,HOF
Chris Brown get bitches bruh lmao,HOF
RT @bigbluexpress: Cal has a day off and for giggles heads to Yankee stadium to hang with Derek Jeter. Yep coaching at UK is probably weari&#8230;,NOT
"The punishment should fit the crime. For instance, if you take the last Twinkie you should choke on that Twinkie. Twinkie's are sacred.",NOT
RT @antglizzygg: Ain't Talk 2 My Mova N A Week First Thing She Say Is Where Shy An Benny &#128514;,NOT
Boy! &#128514;&#128514;&#128514; RT @jwill252: Some hoes be setting themselves up for failure shit be so funny!! I'm sleep tho &#128526;&#128526;&#128514;&#128514; http://t.co/aixoa7M7bT,HOF
@KingHorseDick bitch you know the lingo hoe lol,HOF
Damn...payback is a bitch,HOF
&#8220;@MeCause1mRae: A lot of you males need to dress up as real men for Halloween since y'all be acting like bitches all year.&#8221; &#128514;&#128588;,HOF
"Can't stand the Yankees but Jeter hitting a home run in his final at bat in NYC would be cool. 

Getting beaned would be better!",NOT
@Dietrich1892 I'll show up and chug a beer or 8,NOT
@_RenaissanceJay don't send me those boxes we droided up on da mile my nigga. Got da dro droid na drum fo a pussy boy yeer me?,HOF
RT @jesscorsonCLE: Does anyone know of a good pet sitter in #CLE/Northeast Ohio? Specifically cats &amp; birds. Thanks! #CLEpets #neo #clevelan&#8230;,NOT
RT @BeyondBanksy: #BreakingNews #streetart #graffiti #new #mural by duo EtamCru in #Rome #Italy #morning #breakfast #coffee #trash http://t&#8230;,NOT
"RT @SMACKHighAZ: ""Seton Catholic where their own students talk trash about how low of a division there football team is in.""",NOT
If I were a kid today...Michelle Obama's lunch would wind up in the trash can,NOT
Im in mickey ds and he gone ask for a double cheese burger wit no cheese!!! #FOH,NOT
RT @BamberDelver: Lees hoe een gepeste jongen zich probeert te verdedigen. Ingezonden brief Volkskrant. #pesten @AcademieMm http://t.co/aoD&#8230;,HOF
@DoeMostDope @mattrbennett209 @JohnnieGoings ha booner has that twitter @boone_boone5356 ha,NOT
"@Claudialena8 she wasn't saying she did, but yes me and Kannon have both been in the ghetto and know what it's like so u look dumb.",NOT
yeah i got soul i was brought up by colored women.,HOF
Damn Charlie Wilson is still around?,NOT
RT @__sabrinaaaaa: the same hoes is still at it,HOF
"@NaiEpolag you may not like my stance on cops, but i didn't (and would not) call you a cunt. please stop copying me on these tweets.",HOF
"These nigs is haters man, and I've made myself so easy to luv",HOF
@Cuff_no_Slut cdfu bitch you fried,HOF
@Chancellor_IV naw Bryan said it was trash hotel so we're staying somewhere else,NOT
Oh snap I'm just realizing this skinny tranny is Jared Leto. He's Wo unrecognizable with all that weight loss. Geez!!!,NOT
&#8220;@SAVINGNOHOES: When she ask how imma eat her pussy https://t.co/6wVjrC3m1Q&#8221;&#128128;,HOF
I tld that hoe 2 wrongs dnt make a rite now she wanna sing,HOF
"""@Dommoneek: Little stupid as bitch I don't fuck with yoooooouuuu..""",HOF
"@Tom_Morehart @cjc_is_alive @JoshuaTyl0r 9 of 15 BCS titles, $314 mil in revenue. It's great being in a redneck conference. And not in Ohio.",NOT
"@TheClaireBear36 Don't like to trash talking either way. But to be fair, that's just on Twitter. I'm having a ball on texts.",NOT
My nicca @Elijahfnbaby swear he can see me in madden lol,NOT
I hate pumpkin flavored items you other white bitches are crazy they're nasty &#128567;,HOF
dblite works like a charm in OpenWrt Arduino Yun with full test coverage. The gyp version would rarely made in there https://t.co/4JRj1Ezc1S,NOT
Nah just yo hoe she just swung matter fact RT @iiAK: @_VinChi3 yu get hoes?!? &#128551;,HOF
@Fru_Iam I seen sum of it but I'm tryin see lox n mook,NOT
RT @kendramarie91: &#8220;@vngelinaa_: Tornado sirens.... Atleast I'll be dying with you guys @Xo_t33 @a_krizanovic @kendramarie91 &#128557;&#8221; and this ho&#8230;,NOT
"RT @amoz1939: drinking
to the last drop
washing teapot 
#haiku #mijikai",NOT
"RT @J23app: Feb 2015
Jordan 4 Retro Remastered
""Oreo""
314254-003
http://t.co/NBOaxG1S19",NOT
"@mesmart029 Someone recently told me that a local yokel was going to ""use my twitter account to damage me"" so... Yeah.",NOT
.@RashaanSalaami doesn&#8217;t it always feel like we go into the season with offensive concepts that we inevitably trash and then we get good?,NOT
@kieffer_jason mfka what ok bitch we going to see. Your a funny mother fucker,HOF
&#8220;@ImToBlame: Bruh RT @PriscoCBS: Trent took the yellow path http://t.co/1XxGuKtjp8&#8221;&#128514;&#128514;&#128514;&#128514;,NOT
"RT @ccobb1573: &#8220;@imFindDory: Can't spell slut without u, bitch.&#8221;",HOF
"RT @Sqaud9Rell: she's a hoe, she's ugly, she's a bitch, she's this, she's that .. but you dated her? please, take a seat.",HOF
RT @BrandonTierney: Grinding! #Yankees,NOT
"@ginamariez im an ole bitch in Memphis,tn. and I think u rock also",HOF
RT @BrandonTweets__: Who else remembers these bitches http://t.co/MjrypfCjPd,HOF
RT @PowBlocks: @WaldoKillz3 @hidalgoparadise @D_41395 @olgadontshred lmao that hashtag had me dying princess hoe needs to get a Twitter lol,HOF
"@DarthMaverick7 @Xcntrik @religulous @chrispyosh Rather than believe that there was a man who was the very definition of good, u mock it.",NOT
Sweet and innocent schoolgirl Minami Asaka&#180;s pussy&#160;eaten http://t.co/DNxBLKrQ45,HOF
"If I'm legit trying, the WORST thing you can do is try and play games with me. You'll get the bird sooo fast.",NOT
Shylock &amp; Wongs: 3 Incidents of Democrat Bigotry In 3 Weeks - Media Mum http://t.co/iX03VrK0KI via @BreitbartNews,NOT
i have to be the taller older bitch,HOF
@TonyO97 fuck i look like shopping at that trash ass store,HOF
When you colored every day is Sunday,NOT
A nicca need a maid #Str8Up,HOF
ur trash! http://t.co/6KN7PzTgl8,HOF
I&#8217;ll gladly be a victim RT @MafiosoRo: Then im a felon RT @BIGOBUNDLES: A bitch over 200lbs riding ur face is attempted murder &#128555;&#128555;,HOF
"&#8220;@_Jiare: &#8220;@WB_Pooh_3x: Where the bitches at ,?? &#128064;&#8221; yeah where they at &#128064;&#8221; I don't know they probably at that Party &#128553;",HOF
RT @GoatIdeas: Oreo Frappuccino http://t.co/o3QJ8M1nFf,NOT
I was such a pussy back then lol like its crazy,HOF
"""@haitian__goLd: Tim Tebow got cut from every team he was on in the NFL and he already got more hoes than me in Starkville. Smh."" &#128514;&#128514;&#128514;&#128514;",HOF
RT @TasteMyGayness: Sharing is not caring .... Back tf up bitch,HOF
RT @Miss_Missouri11: Insecurities are such a bitch.,HOF
Whoooooaaa no chill savage &#8220;@CantBeLocal: Here monkey monkey http://t.co/wmZ8s3j6iG&#8221;,NOT
Light skin niggah &#128514;,HOF
I don't believe in that frenemies shit who Wats to have a bitch like dat with u all the time,HOF
"One of my favorite songs. ""There's a man on the shoreline with a white parakeet trying to make his bird go home."" http://t.co/bQ3CBIPk6s",NOT
Life be my bitch and that hoe move when I say so &#128175; http://t.co/ezO2QUqVhu,HOF
RT @SheswantstheD: Lmao how niggas be with the side hoe http://t.co/Y0sja0dyFM,HOF
@AlexisMota29 this niggah be lying &#128514;,HOF
Dafuq is floppy bird ?,NOT
RT @babiesdressup: What a silly little monkey &#128584; http://t.co/DMKLK4k147,NOT
&#8220;@AdamRotter: Watch: Prust tries to hit Hank during break play http://t.co/fZ6lxcS3ok&#8221; @BrandonPrust8 pussy attempt by a pussy #mtlhockey,HOF
@LaneBelgarde shut up bitch,HOF
@MirDinero ugly bitch cdfu http://t.co/dOkzmu8i0F,HOF
RT @random_shxt: need my dick sucked..fuck 1 bitch I need &#9996;&#65039; sluts,HOF
"In the past week, both Paula Dean AND my uncle lost their jobs for saying ""nigger"". Bullllllshiiiiitttt",HOF
RT @LifeNewsHQ: BREAKING: Florida Pro-Life Gov. Rick Scott Defeats Pro-Abortion Challenger Charlie Crist http://t.co/GpR1hQlEN2 #tcot http:&#8230;,NOT
"@LinzBella 
You date colored men?",NOT
It's Karaoke night baby! Hi ho! Hi ho! It's off to sing I go! With a voice that sounds like sandpaper hi ho! Hi ho!,NOT
@MikesGraffix @MalachiDupre all that trash talk and we win championships!!! You're boring me dude #NationalChamps,NOT
Delusional #teabagger thinks he can stop #gay marriage in #Wisconsin http://t.co/Sp6o6vOyDw #lgbt #teaparty #gaymarriage #ssm,NOT
Citi field bitches http://t.co/gHxXmb3M,HOF
"Classy rich family kids doing drugs and tryina be all ghetto and shit,while actual ghetto poor kids looking for education to get outta there",HOF
All people do in my house is bitch,HOF
RT @donnyoraha: Dont fucks with u hoe,HOF
"Hoes gon' be hoes, let them be.",HOF
RT @MajorNews911: NBC News projects Charlie Baker (R) wins Massachusetts Governor. http://t.co/Su9JblPLrO,NOT
"I know I'm a hillbilly, but is there anything better than a big pot of beans and cornbread? Little hot sauce on top.",NOT
@CaptElliott NFN you bitch to much.,HOF
"RT @Yankees: Congratulations Ichiro! That leadoff base hit in the 8th is hit No. 2,800 in his @MLB career!",NOT
RT @anticvlum: Lol I'm litetally just a walking trash can,NOT
@_EB_Games @BigBBrown Fuck all you hoes. lol,HOF
"RT @hollyrpeete: #FarewellCaptain ""@espn: What a way for Derek Jeter to close his Yankee Stadium career.""",NOT
85 species of birds reported in Chesterfield for the Great Backyard Bird Count. How many in your area? http://t.co/VIWMjjJxOT,NOT
No more hoes n oz,HOF
"I'm a redneck, but without the homophobia and racism",NOT
RT @RakwonOGOD: Rare pic of trash posing with trash http://t.co/usGIAZSDWv,HOF
RT @samknight1: @EliLake @saletan @JeffreyGoldberg Yeah I know it's Jeff's book. The one where he admits to beating prisoners and lying abo&#8230;,NOT
"RT @TheOnlyReed: My daughter hate the Freddy Krueger mask I got at the crib, wheneva she act up, I put that bitch on for the NITE",HOF
RT @AndrewLuck23: Charlie Crist says OCare has been great? #ccot #tcot #teaparty #PJNET #Independents @jjauthor @BettinaVLA @FLGovScott htt&#8230;,NOT
"All that x rays, no wonder the bitch got two heads #AHSFreakShow",HOF
@wienerherzog Perfect stock photography for an article about not letting a leprechaun-looking handyman get into your liquor cabinet,NOT
RT @jpayneancap: @A_M_Perez @sybilll @DianneWing2 @velvethammer @MyLibertyMyGun @sdalexander11 @Aoakleyc I bet she's a New York Yankee prog&#8230;,NOT
Swear to god man niggas talk more than bitches these days,HOF
Just a young niggah wit a promised future. @CaseyVeggies,HOF
Muzzled pit bull with throat slit found on side of road in PA http://t.co/fis8QNvlXu via @examinercom HIDEOUS ABUSE THROAT SLIT LEFT TO DIE,NOT
"E250 5.4 motor and tranny

I have a 2008 5.4 triton motor and Transmission with 5,200 miles that came off a E250... http://t.co/d5gic83k0V",NOT
@Zwaaad fag,HOF
The Wayans bros is the most retarded show ever.,NOT
"RT @beauty_briii: One of my classmates offered my teacher and brownie and someone said ""you trying to earn brownie points"" &#128514;&#128514;&#128514;&#128514;&#128514;&#128514;&#128514;&#128514;",NOT
@neeishaaa one thing about it baby I will NEVER Call a bitch phone bout a nigga. Ion know what app somebody playing with but it AINT ME,HOF
"RT @Dodgers: ""Gracias por jugar con el corazon, ahora a ganarle a los Yankees."" -@TommyLasorda http://t.co/3FYTvuzNZB",NOT
Ihate them mad bitches where the glad ones at?,HOF
&#8220;@taylorsimonee_: I tend to have more sense that bitches older than me. That's sad.&#8221;,HOF
I definitely cant FW a nigga that associates himself wit bitches I DONT fw &#128514;&#128557; tf you fuccing Goofball &#9986;&#65039;&#9986;&#65039;,HOF
".@HoppyKercheval Could you just play 2 minutes of the Charlie Brown ""wah wah wah"" adult sound effect instead?",NOT
@princessfaggit cry bitch,HOF
"RT @LMAOAtBASICS: Bitches twerk to anything , rock , country..these bitches a twerk to gospel, to take me to the king &#128553;&#128553;",HOF
"@Krbfarms @Cornfrmr Homemade Angel Food, yellow cake with half-inch chocolate frosting, Devil's Food to die for, Pecan Pie",NOT
"Fight me you tubby bitch ""@JoseCanseco: I'll fight anyone&#8221;",HOF
If she wears these to dinner then she's paying for her own food because Im treating that bitch like a stranger..... http://t.co/Pm5AA6PlW0,HOF
RT @SteffyBallin: i hate when people ask &#8220;who you tryna look good for?!&#8221; bitch myself bye,HOF
o unpunished. This has been the view for many thousands of years in civilised and uncivilised society.,NOT
"Hear the birds on the summer breeze, I drive fast",NOT
RT @karlos_budah: I kno this bitch a thot she wanna meet my momma now,HOF
"RT @JayonnaZarate: She my Lowkey bitch, the one I ride Lowkey with.",HOF
#NowPlaying : Ian Hunter - Once Bitten Twice Shy on #1069TheArrow - http://t.co/R5wuXA9jB6,NOT
"RT @LauraRosenCohen: #AskDrMann Is having no amici briefs filed on your behalf kind of like Charlie Brown never, ever getting ANY Valentin&#8230;",NOT
I'd rather follow some girls on Instagram rather than have their bird brain tweets on my tl,NOT
"RT @CouldBeEashia: @vivalamarley me waiting on you to take me to NY with you to get my nips pierced 

&#128590;&#128589;&#128105;&#128117;",NOT
"@jrlikeswhisky @ZwithR @NickEhlers01 You couldn't handle Iowa pussy - here, kitty, kitty, kitty --- http://t.co/1aNMKM4O9Y",HOF
"RT @OpWarriorTeam: Hi ho, hi ho, it's off to work we go! It's #MilitaryMonday...support a military organization today. http://t.co/9DV04wk&#8230;",NOT
RT @CheyenneWright_: @villasenor_30 it means you're a faggot lol,HOF
"It doesn't just affect kids. It affects the faculty, the staff, that work at these schools that are queer.",HOF
"""@ItsYahBoiRay: @anelylove if I don't get my dick sucked at yo party by a bad bitch I'm fr gone set it off &#128514;&#128514;&#128514;&#128514;"" *by @anelylove *",HOF
"RT @TayTheBADDIE: Never discuss cheese with a rat , talk bread with a bird , or make moves with a snake &#128175;&#128076;",NOT
RT @ABCbirds1: #Neonics are deadly to #birds like the American Kestrel and #bees. Ask @Lowes to take it off their shelves. #EcoWed http://t&#8230;,NOT
"@TheBikeman99 My father was born in Nanticoke and attended Lehigh. I'm a CT Yankee, but love the Pennsylvania Dutch cooking :-)",NOT
Waiting for brownies. I want brownies. Someone hooks it up?,NOT
Boy damn jitt got his ass bitch slapped in da court yard comin to 6th period &#128514;&#128514;&#128514; i was yelln n shit,HOF
I'm hooked on monkey phonics.,NOT
RT @xDSmooth: @Mixxed_BreedXO @1BookieG this niggah was tripping over everybody,HOF
"Rev. Charlie Rangel: What Unions Stand For Are &#8220;Spiritual Damn Things&#8221;&#8230; LIKE INFLATABLE RATS. 

 http://t.co/2nmrLDvIgB",NOT
@BasketballPics whoever made this twitter doesnt like the Lakers... they r making a comeback but this accnt still continues to trash talk em,NOT
Omer Asik so trash on the offensive side of the floor dude real life murky doo doo water,NOT
RT @TedNugent: Gun control talks with gunrunning Eric Holder on board. We r the planet of the apes,NOT
"happy bro, happy ho: ""Happy husband key to marriage? U of C study thinks so"" | http://t.co/KkNd87Mv4b http://t.co/kag0xFDd1S",HOF
@Andyheybro the distant chugs at the end of Dried Up... remain to be some of the most perfectly heavy guitars ever recorded.,NOT
RT @DIYcookery: Godiva Chocolate Dipped Oreos &#128523; http://t.co/OSYPnadYtO,NOT
RT @AmEditing: You're responsible for the story inside you. Don't let self-doubt cripple your #creativity. #AmEditing #AmWriting #WriteTip,NOT
@Big_Jim777 happy birthday you dirty little bird &#128520; tear it up &#127867;&#127881;&#127880;,NOT
@kenzieblake2015 its pretty easy actually. I'm just the cashier. Right now I'm eating those animal crackers lolol :),NOT
life to great to be mad all day... bitch I'm bless move ur negativity dat way&#128073;,HOF
"Only Blood Can Satisfy The Hungry Flames Of R&#8217;hollor, Charlie Brown",NOT
RT @thachosenkid321: @DonQuixtote he trash tbh #StartMikeVike,NOT
@jesstoth we could get matching burner phones and be ghetto fab for a few months,NOT
Thas my bitch too,HOF
happy birthday to @KTo40 love ya bitch&#128149;&#127881; we were cute back in 2012 and we still are http://t.co/CGT4FKr2yx,HOF
RT @occdissent: Ann Coulter admits on FOX News that America has a negro problem. #crime #tcot #gettingreal,HOF
RT @badnradbrad: @whattheflocka lol have u seen when ike and his kindergarten teacher start having a sexual relationship,NOT
RT @xoxo_Nieceyy: Lol Imma start handing out guides &amp; manuals cause you bitches wanna be me so bad &#128514;&#128553;&#9995;&#128129;,HOF
@JuniorMaye8 jus exsposin hoes on a whole different level &#128557;&#128514;,HOF
"RT @SethMacFarlane: And thus endeth our warm, fuzzy holiday lesson: Never take those you love for granted, for they can be gone in a flash.",NOT
@TheMayorMatt @Frizzle18 I like where ur domes at #smart,NOT
Why isn't Rogers in the game? What a pussy! No heart. Not tough. Where's the out cry? Oh he's really hurt? No excuse. Cutler's tougher...,HOF
"Even though Lil Wayne's music has turned into trash, No Ceilings and I Am Not A Human Being will always be my favorites.",NOT
Salute RT @ShitneyW0rd_: &#128221; RT @Shvkxir: Spit on my chest like a nasty bitch.,HOF
RT @BlackOutNinja15: What a bitch.,HOF
@elchavaloko pinche panamonos negros me Dan asco,NOT
RT @uhfrocircus: This is the life nigger,HOF
"@jakeysinclair @KamenMyPants it's that puff pass it porn up on the tablet, run up to bitch with assless chaps swearing that I'm catholic",HOF
@KenSuttling Not taking Franks advice and he ate the yellow snow.,NOT
@triple6em96 @longbongchris stfu you stupid bitch? Like leave us alone? No one gives a fuck about you. Bruh just block her. We're good.,HOF
@slayerific13 @brenda_skelton @daisymcgarr Don't get me wrong G.. I'd hunt birds but that's a lot of work &amp;.. well I just ain't that hungry,NOT
@AleeeD_ bitch who do u love,HOF
@sizzurp__ @bootyacid @ILIKECATS74 @yoPapi_chulo yeah ok nigger.,HOF
RT @Bill_Nye_Tho__: according to this data you a bitch ass nigga,HOF
U of A hoes w/ the booties hangin out,HOF
&#8220;@saidtina: @uce_INA I really hate Poly bitches.&#8221; You and me both man,HOF
@DonLemonCNN @DanaBashCNN u both sorry to give racist @SenTedCruz a platform w his trash language Dana ur intvw was below kindergarten level,NOT
"RT @KNegandhiESPN: That Peppers slant was a genius/crazy call. Genius if he catches it. Crazy if he drops it, then blow a TO, then get sack&#8230;",NOT
"RT @Fant4stic63: Can kids say much when their parents pay for everything? RT @Andrea_Michele: If he paying every bill, I can't complain abo&#8230;",NOT
"NEWS FLASH!
When you pay TAXES, you are paying for everything you bitch about!
#IRS #GovernmentAffairs #obamacare http://t.co/D5SPVgJxto",HOF
"RT @TheFactsBook: Twitter has a bird as its logo, that&#8217;s why when you join you&#8217;re an egg, and your home button is a birdhouse. Why am I ...",NOT
"@TimMurphyy @fgcu_basketball rather be an ""ultra fag"" than get an 18 on my ACT and go to FGCU #zing",HOF
And of course some rascally #teabagger on the radio is blaming the 19 dead AZ firefighters on #biggovernment. Oy vey. #tcot #p2 #teaparty,NOT
Live birds found in Elmo doll at US-Mexico border (from @AP) http://t.co/JCH9HQVlPl,NOT
"RT @Papa_Erwin: This beat deserves Hennessey, a bad bitch, &amp; a bag of weed. The Holy Trinity",HOF
ISIS Jihadis Discuss &#8216;Buying And Selling&#8217; Yezidi Girls As Slaves http://t.co/UoPgIPOpWS #tcot #pjnet,NOT
He's trash tho &#8220;@_dimejii: Its 10 Million Naira If You Want Me On Your Song &#8211; Wizkid http://t.co/Nsxaacj4jG via @naijaxclusive&#8221;,NOT
"RT @YUNGRAJEE: No nigga ever ask before he hit either &#8220;@jaybeeTRENDz: Body counts don't matter ! YALL treat all bitches the same anyway, st&#8230;",HOF
"RT @MaxAbrahms: When Americans claim #ISIS is just a ""local threat,"" reply: You mean just to Iraq, Syria, Turkey, Jordan, Saudi Arabia, Leb&#8230;",NOT
Gotta love the undignified sprint across the yellow light to transfer buses because the first one was dawdling,NOT
The emoji I use when I'm flirting wit bitches ---&gt; &#128520;,HOF
RT @kiddsmy_pyt: You have a new boyfriend every week.. Tf you doin hoe?,HOF
"Can't wait till I get my full appetite back. Only ate a half ghetto sandwich. No lettuce, no nothing.",NOT
RT @That1guyJeff: RT @rebeccaisfresh: carrot cake is trash. too sweet. http://t.co/rxrowJMbW0,NOT
My niggah I was waiting all weekend to take these shits &#128553;&#128514;,HOF
When the pussy stank @MariekieBarone &#128514;&#128514;&#128514;&#128514;&#128514; http://t.co/X5LIVg2b0q,HOF
I get a 50 pound bag of dawg for the mutts,NOT
@michelle_westt birds of a feather..,NOT
Watched some crows eat a sandwich,NOT
@GROUNDZERO1984 that's true in some ways. Gaming is very broad now a days tho. Everyone is a gamer with candy crush and angry birds,NOT
"If yo name wus in this song you wus a hoe then, &amp; a overgrown THOT now.... http://t.co/1RbJoHBEN6",HOF
"RT @Dceni33: Not the ""farewell tour's"" fault everyone but three players underachieved for the Yankees this year.",NOT
"@luchadora41 so was slavery, prohibition and not letting women to vote... segregation jim crow laws.. etc etc i can do this all day lol",NOT
"RT @MAfreedom: If you dont see the connection between legitimizing the queer lifestyle, and an increase in STD's and sexual deviancy- yo ...",HOF
"Someone's mother called me a ""handsome, buff, yellow thang"" last night... my ego was temporarily elevated and @binniemouse was dying lol",NOT
@Crowe_FaShow cause of the loads of pussy you get right,HOF
RT @O3_Millz: &#8220;@xDSmooth: @1BookieG bitch we RMP fuck who don't like&#8221; I don't like &#128530;&#128530;&#128530;,HOF
RT @CarsonTyler85: @Thompson_Era hell yea ill rep your shirt to fam lol #BetterWithPets TeamDonny in this hoe &#128074;&#128074;,HOF
Lol when a nigga say he miss u say don't miss me miss ya bitch lmao,HOF
Homemade Soup is very good with vegetables on the side with crackers http://t.co/LiRwGwkdzE,NOT
"RT @FunnyPicsDepot: this the ""I play soccer, cheat on girls, and wear khaki coloured cargos"" haircut http://t.co/rJVOVoO53l",NOT
"&#128588;&#128588;&#128588;""@Datruthh_: Don't do em with my girl lol RT @thelaurenway: So when yall in threesomes does your girl eat the pussy too?""",HOF
RT @TheMattEspinosa: She literally just put the whole trash bag on lmfao http://t.co/YiERskYrfc,NOT
RT @JestonaeLives: Burnt pussy lips - &#128514;&#128514;&#128514; https://t.co/nVlZkShGaa,HOF
My alarm clock should be $$$ callin lol wake yo ass up and get this money bitch !,HOF
Ding ding ding &#128514;&#128514; &#171;@saudiasade Sagittarius - trash.&#187;,NOT
"So I've been pretty paranoid about the cooling weather bringing about an abundance of birds in Austin, NYC and Philadelphia.",NOT
This is why people are lucky they only deal with customers over the phone. There'd be a lot of choked out bitches if this was done in person,HOF
"thats top off, pop off, im with my dogs like stewie griffin, bitches hear me they be like ooh he rippin",HOF
These brownies http://t.co/iyqRBn2AMf,NOT
"@Italian_Montana @CarterBoy_leake ant is a pussy man, don't make me pull up the pic!!!!",HOF
"RT @WhatTheFFacts: Actor Charlie Sheen once bought 2,600 seats at an Angels baseball game in hopes of catching a home run ball.",NOT
Shy girls &gt;&gt;,NOT
@Buckm00se Joe Cortez is the ultimate faggot that fight proved it,HOF
Is there a looser #college town than #BTown ??? If yes id like to visit #IU #hoosiers,NOT
My mom told me never use the word cunt... ITS MY FAVORITE WORD!!! Cunt cunt cunt cunt cunt cunt cunt cunt cunt cunt cunt cunt cunt cunt cunt,HOF
#NowPlaying : BT feat. Tori Amos - Blue Skies (radio edit) on #1069TheArrow - http://t.co/R5wuXA9jB6,NOT
Lmfaoooooo RT @BryceHamilton11: I'm so glad my shorty ain't all over twitter and IG tryna be a famous Columbus hoe &#128514;&#128514;&#128514;&#128514;,HOF
Marcus Smart belongs on the Celtics. Both trash. It was destiny.,NOT
@allsportsbruh how? All of the QBs we had before this season were trash. They brought in a veteran so they could have someone to play,NOT
@JimNastikowski @3Quarters2Day ? Are you a race traitor or just a dumbass?,HOF
This Charlie Murder game is pretty dope #Xbla,NOT
&#8220;@urHIGHnesss_: &#8220;@SMCo71: @urHIGHnesss_ &#128514; nah lemme chill i love the bitches&#8221;&#128557;&#128557; like trick love the kids&#8221; &amp; you know this &#128514;,HOF
RT @drizzyswerve96: @0kkaren it looks like he's wearing a trash bag,NOT
@yendys45 LMFAO thats dead them hoes gotta pay,HOF
"@DizzyBala man both them get around a lot, bunch of hoes.",HOF
@MarkB_LifeStyle @SportsCenter @Athletics Cant the Yankees make some last weeks moves??,NOT
"If luke hemmings really thinks they're trash, I MUST BE FUCKING DIRT BC YOU BOYS ARE BEAUTIFUL DAMMIT",HOF
Tyrese trash,NOT
@frankthetank215 @Jim_McCloskey Fran is a hillbilly Virginia mountain man who has pre-1800s white Anglo-Saxon beliefs #frankensteinMD #kikme,NOT
"&#8220;There is a time &amp; a place 4 decaf coffee. Never &amp; in the trash."" http://t.co/ZVJROXgNDQ&#8221; #MommyMonday humor via @JenerationPR &amp; @theskimm",NOT
RT @pgammo: That the Yankees have won four straight Shane Greene starts and 7 of 9 speaks to his stability in a season of starters' emergen&#8230;,NOT
RT @Sulerte26: BREAKING: Yankees acquire Lebron James in a 3 team deal per sources http://t.co/rSMi4p7o6u,NOT
"No one understands how much it pisses me off when people use the word ""retard"".",HOF
"I have to tell you a secret,
""your a stupid hoe""",HOF
RT @NavyAssLos: Hunter Hurt Helmsley RT @Rich_GMI: Cut the imaginary height shit. Most of the women tweeting about it sleep alone every nig&#8230;,NOT
"That annoying moment when you have to keep removing your headphones because someone keeps talking to you.. Like move, bitch..",HOF
Until next time rednecks &#128521; I'll see you again &#128525;&#127482;&#127480; @ Rednecks With Paychecks http://t.co/vg3nbXETzP,HOF
im genuinely getting mad at this children's video game about mickey mouse and darkness and big keys,NOT
sheryl crow being the bae,NOT
@peteyhoti that funky monkey,NOT
RT @BriannaLovesA: I'm so sick head colds suuuck. And on top of that @justusabbott had to challange me to a beer chug &#128567;&#128567;,NOT
RT @DanielGennaoui: A bird that courts females by building a beautiful nest with bright objects: http://t.co/gi2rRlGRo6 &#8230; #wildlife http://&#8230;,NOT
I just can't imagine myself being albino haha,HOF
"Inspiring a huge crowd of tourists to sit and watch the ""wild meadow rats"" over here by the trash cans. Cameras are out. There is gasping.",NOT
&#8220;@DAMNfuckNEE I just wana eat some food. Drink some liq. Go to this party. And have a bad bitch waitin on a nigga when I return.&#8221;&#8221;,HOF
"RT @AtlasSmugged: women only play casual game like Kim K game &amp; anger bird. They don't play real games, like Male Power Fantasy 2 or Jingoi&#8230;",NOT
i might need to get some hoes,HOF
RT @Seinfeld2000: Uncle leo find iWatch in trash can http://t.co/T7GCSMCYLB,NOT
RT @ArtAdame1: Your mcm is a lil bitch,HOF
Music is the only bitch I put up with,HOF
Bad bitches is the only thing I like,HOF
"RT @ella__fraser: When you clam up, my survival instinct is to kick the door shut",NOT
Just posted a photo @ Yankee Stadium http://t.co/yFLU32Xh,NOT
oops: 'constitutionalists' #teabaggers in #mississippi forgot ratify a centerpiece of the constitution: 13th amendment banning slavery.,NOT
That shade of faggot clashes with your eye color.,HOF
"RT @StevStiffler: Element number 35 is Bromine and it comes before number 67 Ho (Holmium). Therefore, its Bros before hoes.",HOF
"Bitch you frooooontin, bitch you frooooontin. Lol",HOF
#Yankees I ain't complaining about the Royals win or lose game7. They showed heart. AL ride or die! No flex zone. They earned it!,NOT
"RT @arlingtondems: Hey Arlington Democrats! For you early birds, join us @BusboysAndPoets tomorrow. It's the Second Saturday of April. http&#8230;",NOT
Why do peeps gotta be mad ghetto nowadays? Smh pull up your pants!,NOT
the birds out tonight,NOT
#agreed &#58399;&#58399; RT @oliviaMrose: There are a few badd ones but idk..mixxed bitches is really where its at tho,HOF
Harvard got the worst hoes cheerleading in America,HOF
bitches been thotting so long when they get exposed to something decent they get overwhelmed,HOF
This O6 just caught me talking to a bird and that was pretty embarrassing,NOT
RT @Deadspin: Colombia supporter reminds us the double bird is a universal language http://t.co/JeUT1IsQ1f,NOT
RT @K1mb0Slyc3: Me too! &#8220;@WhatsAshirt: Defiantly going to see that new planet of the apes tonight&#8221;,NOT
@equallydestruct bitch firstly it's resting on my titties and secondly if U WAS PAYING ATTENTION YOUD HAVE SEEN WHEN I SAID I ROLLED INTO IT,HOF
"RT @awhooker: Contrary to belief, us queers don&#8217;t go around looking for things to be offended about. It&#8217;s just you cisheteros say the darne&#8230;",HOF
RT @antoinetteA: Coming up at 5:15a: Charlie Baker's campaign admits he may have been wrong about the emotional fisherman story from this w&#8230;,NOT
"Lmao drake is on some bullshit with Serena Williams, wallah she looks like a tranny",HOF
lil spook and yung lean and robb all night,NOT
#Yankees Damn. Well Joe that move to the bullpen really helped.,NOT
RT @BasedPaco: The NFL is very equal this season everybody showed glimpses of being trash,NOT
RT @kostaskarelis: Cincy fans talk trash about the city of #CLE and then root for the @Cavs like they belong. #stillCLE #CLEallday #GoBrowns,NOT
"#IndigenousPeoplesDay .........right. Because these #redskins had a lot of #queens, right? nomg. #sofunny",NOT
@angelo_GL oh yea a-lo aka mr bitches lmao,HOF
sexy ass bitch eating a fry @DoublerOrNothin http://t.co/GtFlfGRmTz,HOF
RT @yurista4life: @weston_diamond @PaulMoon8 fuck you dude! talk shit to my friend I will beat your ass bitch,HOF
RT @donnellrawlings: Salute to Derek jetter! Best Yankee ever!,NOT
"RT @SimplyPerfectt_: Girls, don't let a guy treat you like a yellow starburst. You are a pink starburst.",NOT
"""@EdgarPixar: Overdosing on heavy drugs doesn't sound bad tonight."" I do that pussy shit every day.",NOT
RT @Now_Thats_Fresh: Hoes love exposing other hoes on twitter,HOF
"My brother thincc im playing he keep putting the AC on 60, fuccing wit me I'll break it &amp; we will ALL be in this bitch burning UUUUP &#128293;&#128293;",HOF
"LMAO RT @IGGYAZALEA post away about this ""bitch"" I've seen all the memes the word has to offer in regards to me i honestly don't care.",HOF
Eating brownies and then going to the gym... Idk,NOT
In-N-Out is like the sunshine and blue sky. The song of a bird. A smile at the front porch. The perfume of the ocean on wind-kissed cheeks.,NOT
"RT @_RealThickJazz: ""@1inkkofrosess: Makem eat my ass since eating pussy ain't major nomore &#128175;&#128553;&#128514;&#9996;&#65039;&#128584;&#128129;&#128079;&#128522;"" &#128514;&#128514;",HOF
@JennyReyes42 @iamadamg_ awwe i love you too jenny! Your so damn perf &amp; NOT ugly. Seriously dis bitch must be blind!,HOF
RT @LadyMercia: Mother of Manchester 'terror twins' who went to Syria to become Jihadi brides snatched by ISIS ... http://t.co/trhNMdVnCM v&#8230;,NOT
"I, for one, welcome our new Eastern Panhandle overlords, and hope they do a better job than the yokels who got us here in the first place.",NOT
@xloyalTOme - bitch I'm up for sale every weekend &#128553;&#128557;,HOF
Got a iPhone for business but the sidekick is for the bitches &#127926;,HOF
@LegsForDayyys fml both or half breed ex at the gym. Ugh,HOF
RT @BreadTruckkBri: Denzy a hoe &#128514;&#128514;&#128514;,HOF
Fuck Ur god until dat faggot strikes me down,HOF
@Youlove_Tyler lol girrrrl these bitches crazzzzy,HOF
"@mayarsharkawi Fake pics http://t.co/jtwUu9CYSr get off my TL, u r dismissed muzzie. @Darknight420 @JewJitsuGrl @Begbie_1 @efilnikcufecin7",NOT
@Buckm00se @Cuauhtli02 we gunna laff at Chava/Rubio beaner supporters in a min,NOT
"RT @TheOnlyReed: Lmaooooooo ain't fuckin no bitch with doo Doo in her butt while I'm foreplaying, THE FUCK",HOF
@c_drew_ I'm guessing so. The players are talking trash.,NOT
Of course my #faith for #baseball is off this year. BECAUSE OF #BARRYBONDS you goddamn retards!!!!!!!!!!!!!!!!!!!!!!!!!!!!!!!!!!! #morons,HOF
RT @zakkmcdaniel: You need to at least not be a bitch 12/7 to date me,HOF
@tyracountryman nah gurl this pussy private &#128581;,HOF
RT @d1_imaginary23: Boys get thirsty and grimey for a girl no pussy getting ass niggas,HOF
"Not that I plan on dying soon, but I'm totally going to write Kenobi in as my sole heir. He's the only thing locally (under 94) I can trust",NOT
Tattoos are about expression not meaning. One mans trash is another mans treasure &#128161;&#128176;,NOT
"niggas talk bout hoes, but the same hoes be in their beds at night ctfuu",HOF
"@MSoltan18 @KoredeB9 I don't suck tho, you're just mad because you're trash and I carried you. you always had 0 points",NOT
@Lucci_Dpc What did I prove for you? That you're blissfully ignorant? Group thinker? Political chump and race traitor?,NOT
@asiahh__ nah I replied to you like I did to literally everyone else who called it trash... Go and check if you don't believe me,NOT
"So what if she a hoe in her city. If she make you happy, move her to Montana and be happy for the rest of y&#8217;all days.",HOF
RT @MemphisMSoccer: 50' 2nd yellow card issued for Temple,NOT
RT @TheComedyHumor: When I make a paper ball in the trash can http://t.co/mOxmRsOOv9,NOT
Just sayin what up hoe RT @pufntrees: @202SOLE fuck i do to u bitch,HOF
Anytime somebody say u wan hear a funny that shit gon be trash..,HOF
This Mexican bitch almost just hit me with her car and she sped over the speed bump JUST SO SHE COULD DO IT OMFG,HOF
"RT @Yankees: Analyzing the impact of Masahiro Tanaka on #SpringTraining Daily, brought to you by @YankeesonDemand: http://t.co/L2gJboDNkM",NOT
Lesson: #NFL is 4 heterosexuals. Wat else do we need besides Michael Sam for us fags to get a clue. Breeders have their thing we have ours,HOF
"RT @eanahS__: @1inkkofrosess lol my credit ain't no where near good , but I know the right man for the job .. that ho nice though!",NOT
RT @grind2times: I don't think I even been in a real relationship...i thought they was real but they were just trash,NOT
RT @tcaputo44: Trust no bitch #wordsofadvice,HOF
RT @Kimburrleeeanne: Loyalty is not dead. Gtfo. Don't marginalize me bitch.,HOF
RT @uncledaddy69: @weakenednachos California's biggest retards. Don't forget about HOLY who just released an amazing EP.,HOF
&#128514;&#128514; &#8220;@Juggs201: SOMEBODY GONNA DIE &#128557;&#128557;&#128557; RT @SMCo71: @Juggs201 &#128514; theres a bitch on NJT setting up a lean as we tweet&#8221;,HOF
@Paid_My_Dues_ YEAH! When you see him again.....That son of a bitch owes me money! Tell him I been looking for him!,HOF
@mel0_yell0w ain't that a bitch.,HOF
Camo day! Catch me at school huntin' for basic bitches http://t.co/NPiq0jS5uz,HOF
wow im gonna smoke myself retarded when i get home,HOF
My nig said he don't see the differences between pornos and monster ball.... My face &#128551;,HOF
"RT @Xicana_Susie: RT @ScruffDaddy_: &#8220;Why that bitch lookin all in the car, u know her!?&#8221; http://t.co/BQiu9q7qjv",HOF
Lol my brother a fag Mann,HOF
Four ho&#251;rs to back up this iPhone haha... Jokes &#128530;,NOT
Iont got no type bad bitches is the only thing that I like,HOF
I don't understand how you can be such a bitch,HOF
RT @Lmao: When I make the paper ball into the trash can. &#128240;&#127936;&#128168; http://t.co/VjeGtjEP3X,NOT
RT @Coolie_GBE300: When the side bitch try to approach you in public. http://t.co/GbbIob1Ots,HOF
I confess. I'm autistic or something. I thought #Aerosmith #DreamOn was #LedZeppelin until like yesterday....... #retarded,NOT
"&#8220;@DStacks__23: If you aint got shit goin for ya self, what bitch gone want you&#8221;&#10071;&#65039;&#10071;&#65039;&#10071;&#65039;",HOF
"RT @skullmandible: Now Call Down Your Dark and Your Cold and Be Damned, Charlie Brown",NOT
All my gold is white not yellow.,NOT
I asked the name of the bird ancient Egyptians used as the sun of god Heru (Horus).The Pheonix (firebird).,NOT
RT @_RiveraJustin: It's unattractive when girls act ghetto,NOT
@NoMeatballs @mtaraban is so excited about his red velvet brownie.,NOT
A shockingly true tale from the Oreo that almost got devoured. http://t.co/WYIS0LVdsi,NOT
Why tf are girls still virgins ????????? We only got 2 months to live bitch you better throw that ass back,HOF
@jaspen7 haha them hoes only go hard when a nigga stooooned lol,HOF
Early bird gets the worm! &#128027;&#128036;,NOT
"RT @Brianhopecomedy: &#8220;Daddy, Batman&#8217;s parents are dead.&#8221;

&#8220;Yup.&#8221;

&#8220;And Superman&#8217;s.&#8221;

&#8220;Yup.&#8221;

&#8220;What am I going to be when you die?&#8221;

&#8220;Sad ho&#8230;",NOT
Damn it be cold fo a colored man,NOT
"Won't catch me sneak dissing, thats fo the birds.",NOT
RT @FreddyAmazin: How can anyone hate Charlie Sheen http://t.co/NiEJirYg7u,NOT
@espinosa_32 pussy pussy pussy,HOF
"Bye, Bye Charlie Strong.",NOT
I got a uncle through marriage dude got hips like big momma I swear all the lil kids mock his walk and he don't even know it,NOT
"RT @Lauren_Fawx: &#8220;@ItsNotAdam: @ItsNotAdam Adam is a sexy bitch&#8221;

Conceded ass 

(Jk ilusm)",HOF
"I like being teased, dont give me the pussy too fast",HOF
RT @I_Dnt_Giv3A_Fuk: Good pussy will make a nigga cum quick shit be over faster than a vine video,HOF
RT @charcharkuhlman: First day of spring break: ate half a pan of brownies &amp; watched 6 episodes of Parks and Rec with @victoriakuhlman &amp; @E&#8230;,NOT
RT @JoeCaroselli1: Jameis Winston is a nigger,HOF
Looking back I liked colored better. Let's go back to that,NOT
Horny called me asking her to buy her a drink this morning and then this jiggaboo walks in WITH A SONIC DRINK IN HER HAND #DONE,NOT
"LA M&#193;QUINA

Una vez en Jap&#243;n 5 japoneses crearon una m&#225;quina que atrapaba ladrones. Primero la m&#225;quina la... http://t.co/khzl8PfGCT",NOT
"@iowahawkblog I also recommend 6pack of shiner Bock and 12 hours of brisket duty at ""the pit"" feeding oak coals &#128521;",NOT
Niggas who talk about pussy the most get the least RT @FrancoisKilljoy: @202SOLE @quanb24 @BALTsneakerShow what a shine box? Glittery pussy?,HOF
RT @HoskinsTy96: @Vontey_isa_boss &#128514;&#128514;&#128514; ghetto ass mofos,NOT
"So if I had dreads, tattoos AND a beard Id get all the bitches??",HOF
RT @AssPicsandVines: When you rubbing on her booty then start playing with her pussy with ya thumb&#128523; &gt;&gt;&gt;&gt;&gt; http://t.co/JJQ5z1CAhg,HOF
R&amp;B is so trash now compared to early 2000's.,NOT
RT @Wilnerness590: . @Jmart96 Because Outman is a brand-new #Yankees and because Girardi will never use 3 relievers when he can use 6.,NOT
i need one of these around the world twitter bitches cause these local facebook hoes aint cuttin it lol,HOF
&#9733;@&#9733;@&#9733;@&#9733;@&#9733; GRAND OPENING ! &#9733;@&#9733;@&#9733;@&#9733;@&#9733; TOP CLASS &#9733; Oriental Massage &#9733; PERFECT !&#9733; http://t.co/zibllnm1ZS,NOT
RT @asap_marlene: &#128546; a bitch that don't like you always gone think you ugly. &#128514;&#128513;&#128564;,HOF
Some of y'all females undercover hoes,HOF
I've seen #MajorLeauge with Charlie Sheen...........and the #Giants committed sin when they worshipped #barrybonds as a batting coach&gt;,NOT
"RT @HuffingtonPost: Obama: ""I will always do what is necessary to protect the American people and defend against evolving threats to our ho&#8230;",NOT
RT @MNYves: He's an idiot. RT @M00n_baby: miserable trash excuse for a man http://t.co/jtL7Uis2YM,NOT
RT @Huntermoore: RETWEET if you fucked someone's bitch,HOF
"Char-broiled #cod, yellow #rice, saut&#233;ed spinach and artichoke hearts. Made with love for @voxpulchra.&#8230; http://t.co/vWjWlghRGO",NOT
Kiss imik this bitch just added another 50 seconds to her story I think its a new record.,HOF
"@StarbucksSanae Are you sure about that, slant? They're plagiarists, and you have no idea who I am.",NOT
Suck my dick so good I'm like god dam you dirty bitch,HOF
@ProsperINDIA ho no. Without ur vote we lost the election. AK49 is taking oath as PM today. :-),NOT
"I learned that every bad bitch comes wit mood swings just like mortal kombat, Liu Kang, so true mane",HOF
This 8 yr old on #masterchefjunior made my chicken look like trash.,NOT
US spy planes are flying over British skies in hunt for Jihadi John's assoc's with advanced tech! http://t.co/XfSeZSzu0m via @BeforeItsNews,NOT
"Sometimes, even I gotta tell these hoes to grow up smh",NOT
yall pussies i swur,HOF
""" black bottle &amp; a bad bitch """,HOF
@DeJLoaf mixtape sell sole got some bangers!,NOT
Jihadi streams: British #ISIS fighter identified as Abu Abdurahman Al Britani killed in action. http://t.co/Ksowd8rRCk,NOT
"RT @DragonflyJonez: ""You men are trash if your homeboy is cheating and you dont tell his wife/girl and break up their family."" LOLNO",NOT
Miami's run defense is Alex Smith trash.,NOT
That night cap nonsense is for the birds.!,NOT
@TooEffinCool lol I feel like a punk bitch sittin in here with all the lights on! &#128514;,HOF
"Grr... Woke up ickblah. Congestion ew chunky bloaty gross. Missed the gym. 1 1/2hr wait for the Dr. 
 Boo Friday. 
#whineytweet",NOT
#Yankees I went to Golds with Cruz in 2010 when he was a Sound. No upper /lower body strength.. Hmm now 40 HR hitter. Won't say the S word.,NOT
I know you seeeeen my faceeeee gon send a bitch maa wayyyy,HOF
Fuck drama class. This bitch boring as hell,HOF
@StephyRae7 LMAO. Let's hangout this weekend hoe,HOF
"13% shy
65% bitch
22% homosexual",HOF
RT @CrownHer: Takes a ho bath RT @1stZodiacSign: He's terrified of water. How TF does he wash himself everyday? lol.,HOF
&#128532;RT @FunnyJulius: #ACTRIST RT @sheEBONYblack: &#8220;@HotKommodity05: &#128553;&#128553;&#128553;&#128553; &#8220;@A2daO: U bitches tripping smh http://t.co/Ywz59nbnR7,HOF
RT @ajbk4life1: how do people not realize the jig ?,NOT
"PHILOSOPHY EXISTENTIALISM AND DEPTH and not trash pop

#MTVHottestLanaDelRey",NOT
"""@soxdawg: RAWR!! RT @skinrubberboi: ""My"" sexy French scally. I love him! #frenchscally http://t.co/5idQ3R5Akz"" sexy scally woof woof",NOT
&#8220;@lildoll__: grown. mature. pretty. &amp;etc. All that goes out the window when a bitch play with me.&#8221;,HOF
Now I'm gook boy shawty http://t.co/LAAaHsTYeB,NOT
RT @MoJizel: make sure her titties out RT @_CDiddy: Bouta take a pic of her laying on me like the side bitches do,HOF
All of a sudden craving the hell out of @Oreo cookies.,HOF
@_KaeeJones lmaooo boy thought he wS all type of right spelling that hoe,HOF
Gimme another beer bitch!,HOF
I hate txtn this niggah man lol @YR_Killem,HOF
RT @MyDickIsCalled: My dick is called Taco Bell because bitches love it in their mouths but hate it in their ass.,HOF
@CeeNCrumpets self low down black bitch?,HOF
@DIRECTV why are you showing Yankees game in arizona when you promo Washington huskies game? I bet @dish would want my business,NOT
"@edouglas528 I know how you feel,wait,no I don't. Perfect week for me would be Yanks not getting Lee #goSox #goPats",NOT
@EaTMyTweetZz Huh? I been with Verizon for 4 years bitch.,HOF
"@jesslaw Ha! I'm actually going to see a Yankee game, as weird as it sounds. My uncle's house in NJ is an hour away.",NOT
"Like damn hoe I gave you a chance when you was average, Why you aint beauty make over when we was together.",HOF
"RT @Rockprincess818: Go fight against the IDF if you progressive trash hate them so much, you don't have the guts to do it. 
#IStandWithIsr&#8230;",NOT
might have to play the b2k tonight for my black hoes you know i still care about yal,HOF
This is a long yellow for a bunch of track sweeping. Not a ton have taken opportunities to pit. #IndyCar #GoProGrandPrix,NOT
Coons RT @YSL_Ron: these hoes love putting spaghetti and salad on the same fucking plate....*smh*,HOF
"RT @Lyl_HOE: I heard ""Love Dont Love You"" by En Vogue at work lastnight .. Shit groovy as a bitch ..",HOF
"Excuse me, here's your nose. I found it in my business hoe.",HOF
Get two birds stoned at one time.,NOT
The ghetto thuged out version of tree of life coming soon...,HOF
RT @TweetTully: This is so great. Regular season ball is for the birds,NOT
&#8220;@d6_9b Dora &amp; her table manners &#128530;&#8221;--- she's eating like a sloppy hoe!!?,HOF
RT @DreCordero: Always interesting to see people who trash La Liga react to products of La Liga on Premier League clubs.,NOT
"Do you have a nickname? What is it? &#8212; Tator, Tator tot, Tightey whitey, whitey Jr, Taylor whitey pants, agent ti... http://t.co/xLBhDJfBF4",NOT
@jonnnycashh #pussy,HOF
"RT @DabGodBaby: But only BBC, the American version is trash",NOT
&#8220;@MomMeMustHaves: MMMH Daily is out! http://t.co/bPtRtXcel0 Stories via @KristinCruz&#8221; @ExMoShow #yellow is IN! &amp; @romyraves luv the bling!,NOT
Yup RT @Durags4Eva: Egg nog trash rap,NOT
RT @Sir_Strange: Her pussy loves it when I speak in tongues.,HOF
I treat my bitches with respect,HOF
Dis be one sexy bitch http://t.co/lVCNeDp4PT,HOF
RT @Jakelewis44_: &#8220;@UmPoptart: When Mr. Krabs sold Spongebob out for 62 cents thats when I knew hoes ain&#8217;t loyal&#8221;realist shit I've seen&#128548;,HOF
"@SelfCuttingGirl @AnthonyCumia I thought he would think it was cute...you know, like when you shut your clam up for 5 minutes! #dunce",NOT
@ZP3_ the little girl Tom Sawyer gets trapped in the cave along with Injun Joe and almost die. injun Joe dies and they find his treasure,NOT
RT @AIlThese: All these clocks and we still don't have time for these hoes http://t.co/oZm4cQe5Me,HOF
&#127867;&#127867;&#127867;&#127804;&#128153;&#127913; plus Sheryl crow http://t.co/49KYwZnotU,NOT
RT @KingDrayn: @rosebeforehoes2 don't forget we gotta take out trash and need milk...and spermicidal lube,NOT
RT @_WORDtotheWISE: I love when the birds are chirping in the morning #patsgonnasubtweet,NOT
"RT @Cuzimdaddy_: !!! @5feet_0inches is dis wrong??? ""@_100d: If you fuck wit a lame nigga you a lame bitch""",HOF
I can't watch Charlie St. Cloud because I cry like a little baby. Every. Single. Time. &#128557;&#128557;&#128557;&#128557;,NOT
@_DRACHEOFFICIAL I've tried. I always hit ALT+F4 and eat Mega Stuffed Oreos because I can't figure out those programs. lol,NOT
RT @Peteypab620: Eddy and teezy get no pussy so I don't know why they always talking about that shit. They've never taken anyone's girl eit&#8230;,HOF
"I hate when girls say ""forever alone"" like shut up your ""forever a hoe"" not forever alone so shut up before I get your dick breath on me",HOF
"@toddgunter This, this, this. Pack it up and head to NYC, please. Enjoy being called a hick for a few years, come home humbled. #plans",NOT
"@PushinUpRoses My current favorite line is Shea Moisture. It's at Target and CVS. Great for dry, curly, and/or colored hair.",NOT
@05proFESSOR I bet he's a Starbucks queer,HOF
Damn those shiner rock those bud light platinum and that ciroc,NOT
faggot time HE CIRCLED THE BLOCK FOR 3 HOURS,HOF
"I don't know why broads drunk dial me....I'm sleep, hoe!!",HOF
@Sammytbh whats your youtube channel then faggot,HOF
RT @Yes__We__Cam: Selfie game retarded http://t.co/HpLo9JaP9K,HOF
RT @doddynyc: ya bitches luv throwing bread crumbs on the ground and complain about the pigeons who come flocking towards ya,HOF
"RT @_kourtne: don't try nd play me, I'll hoe u harder &#128514;&#128076;",HOF
@Decimate_IX Can't even spell right. You have the brain of an ape,NOT
RT @KallMe_Kenzo: A fufu bitch can't do nun for me but break my heart or set me up ..,HOF
Can't stand bitch ass niggas.,HOF
I'll live my life the way I want bitch,HOF
"@TheOnlyReed you a hoe ass savage, this shit brings up memories so cook on my g.",HOF
"Sore Loser Charlie Crist Won&#8217;t Give Concession Speech, Calls For Recount http://t.co/MVhecTyUYs #tcot #pjnet",NOT
You could be viewing the future through rose-colored glasses t... More for Libra http://t.co/UOoN09K1Dq,NOT
"If you're a male and ""hoes/hos"" and/or ""bitches"" is your default word for women...you gotta go. Remove yourself, please.",HOF
"Stop Smokin' Bathsalt, Charlie Brown! #rejectedpeanutsspecials",NOT
@BettinaVLA @9975Ts @SenWarren She's just another straight-up conscienceless liar. Soulless criminal trash.,NOT
"yeah I'm a bitch, but guess what? you're still a slut.",HOF
Another season of retweeting every one of @nikaaaa3 's Yankee tweets! &#128514;&#128514;&#128514;&#128514;,NOT
I'm with 3 bitches &amp; 2 of em mix,HOF
"RT @RollingWithTrin: ""1, 2, 3, 4, how many niggers are in my store? I knowwww you're stealing!"" &#128514;&#128514;&#128514;",HOF
Even Humming birds like the stuff http://t.co/W7OHSCbg3L,NOT
My bf @iamthedannibal loves crows. Thought he might enjoy the last tweet!,NOT
"The price is wrong, bitch",HOF
@Hovaa_ your pet zebra. stripey?,NOT
""" i'd say im back to the old me but my old bitches would get excited "" &#128524;",HOF
@team_Darrion night jigaboo http://t.co/vxKCG4yGXF,NOT
"Foley Abduction Linked to British Jihadi Kidnapping Ring http://t.co/X6SIP3woXb via @joshrogin, @elilake",NOT
"RT @KapreceSun: where my 2 favorite jiggers at? @S_hawn24, @Satisfied_x ? &#128514;&#128514;&#128514; https://t.co/unNm233mFQ",NOT
RT @_Creamm_: @Victoria_Finae dont mind my retarded ass&#128514;,HOF
Golden Oreos are the best,NOT
@DeeRay_FRESH - pussy &amp; purp.&#128514;,HOF
"&#8220;@JuniorMaye8: A lot of them are though. Attitudes be pure trash&#8221;

#TeamWhiteGirls 
#SwirlTheWorld",NOT
@_SparkleLikeZen saves you a brownie*,NOT
@Cee_Murda94 bitch bye you can't get it,HOF
@kyleefagnola call him a cock blocking faggot,HOF
"RT @DanielMtz1997: 20 rts I'll go down there and say ""fuck er right in the pussy"" &#128514;&#128514;&#128514;&#128514;&#128514; http://t.co/RZFhAbWTSv",HOF
(via @jacklayton) Charlie Angus is sending &#8220;Made in China&#8221; Canadian flag pins back to Conservatives &#8211; http://tinyurl.com/dmt397,NOT
@JustDoItSlow &#128530;FOREVER 21 hoes,NOT
Winter weather gon have a niggah in his feelings &#128544;&#128532;&#128527;&#128554;&#128149; .,HOF
"You old bitter,salty ass niccas make my flesh crawl off my bones! Such bitches you are! #DontArgueJustAcceptIt",HOF
This bitch took her damn eye out like it was a contact! &#128561;&#128547;,HOF
"RT @D_41395: Wake up like fuck my life, life's a bitch but she better fuck me right",HOF
"&#8220;@PharaohJas: ""Darkskin Girls Ugly"" &#127383;&#127378; http://t.co/DYeAY2t5AA&#8221;flawless ass bitch",HOF
RT @Zach_Dorsey: My trash is worth more than you,NOT
Weekend is here. What an amazing week this has been. Let's use this extended weekend to celebrate our successes my fellow queer folk.,NOT
Rap bitches prolly scared of Remy ma lol,HOF
@Buster_ESPN Sounds like they are holding back info.......Yankee shill,NOT
"RT @TheXbone: Twitch Plays Call of Duty. Enter trash talk in the chat, the auto-aim will do the rest",NOT
Some of these hoes deserve a kick in their vagina.. Lucky i aint tryna loose my shoe!,HOF
@joeysulipeck @myfoxmemphis the minute those red n yellow for rent signs go up the reg. ppl start selling n move,NOT
"You always buy me colored goldfish when my stash is low, and you are a constant inspiration to me and&#8230; http://t.co/nCPd8uSljf",NOT
&#8220;@TheFunnyVine: Red Neck Ice Bucket Challenge &#128514; https://t.co/cAgp3nIofd&#8221; he must be from the SIP. #redneck,NOT
"&#8220;@lakeshow73: @WCCORosen Too bad the optimism I have for the Royals, you don't have for the Twins!! Take those ""Rose(ie) colored glasses off",NOT
Gettin bitches was never hard I just settled down cause that start got corny an my girl thurl &#128175;,HOF
&#8220;@ATrue_Cowboy: Truth about any distance for all you love birds out there! http://t.co/1Kqnw4LJ&#8221;,NOT
RT @NerdAtCoolTable: RT @RealSheemBacc: For every bad bitch there is a nigga who treats them like shit &amp; yet they stay..... I wanna ...,HOF
never have I seen a toddler chug a water bottle so fast lol,NOT
RT @Luke_Grossman52: That's what sports are about. Forget the arrogance &amp; trash talking. Its about making people feel like they are a part &#8230;,NOT
@emmysetter14 dayum saterlyt shoz un bayg ho-ul,NOT
Im ready for today &#127936;&#128308;&#9898;#iu #iubb #hoosiers #hoosierstate #ncaa #big10 #michigan #gameday #btown&#8230; http://t.co/6g7JNMoW,NOT
Girls that wear colored jeans &#128525;&#128527;&#128076;,NOT
"@EyeOnPolitics @chrisloesch As long as its not one of those ""special brownies"" right?",NOT
@ResiDinero bitch crib while she cooks me cheesed eggs,HOF
RT @CoreyKeyz: When you find out your bae is a hoe http://t.co/sI8G1Mzpgs,HOF
1X - The yellow tower by Gilbert Claes http://t.co/qc5IF6G4fG,NOT
There's a different between ya bitch a ya friends your bitch Rey to build wit you your friends just tryna compete.,HOF
@JacsonBevens @markkiszla absolutely retarded article http://t.co/3hSVTYOXFf,HOF
RT @Cosabandonada: Parque de atracciones abandonado en Jap&#243;n. http://t.co/dn0JIid4f4,NOT
&#8220;@__Idonthaveone: My friends are some insensitive bitches &#128514;&#8221;,HOF
"turns out his ex-boss called him a pussy. he lasted a week and a day. You can call me anything, just don't touch. but I am not 25 anymore.",HOF
RT @Mix_Mommie: Wyd hoe bucket&#8220;@TheKaosYatti: @Mix_Mommie heyyy&#8221;,HOF
Inbed eating left over poppadom. #livinthedream,NOT
Well I'm back on the prowl for a bad bitch,HOF
I can't believe this nigga told me to put nutella on a bitch before you eat her out #wildnigga,HOF
@joshkline1992 that's my nig nog,HOF
RT @JoeyG_145: Downloaded flappy bird 5 minutes ago... It's already deleted.,NOT
Money can't buy you love so I don't pay for no pussy,HOF
&#8220;@SexualMedic: How I feel when I'm throwing trash away... http://t.co/qQ94N1rD5N&#8221; everyday in school.,NOT
@kincade00 @mistaturk5 lmaooo just call my phone if you want them birds *Migos Voice*,NOT
@Boobah_ they trash,NOT
RT @Yankees: Show your support during #FleetWeekNYC with #troopthanks. You could be on the @BofA_Community billboard in Times Sq! http://t.&#8230;,NOT
RT @chrisgeidner: The mandate still being in effect means the marriage ban in Nevada is unconstitutional. Trial court is yet to enter injun&#8230;,NOT
RT @scressful: @DFkinLopes LMfAOOO this bitch tongue longer than some niggas dicks,HOF
He does! Lmao RT @BreesInDaCut: Sean Payton been had hoes RT @MrPOONsoaker: Lol http://t.co/pTD5rApZtD,HOF
"&#8220;@flowerlela: Fucking slut&#8221;

FOREAL, fuck dat bitch.",HOF
"Oh your gonna ruining your life just throwing it away smoking weed, but my test scores are higher than yours. . . . Just trash my life",NOT
"So you don't want to see the true life story of American heroes, Bizzy, Lazy, Krayzie &amp; Wish... you wanna watch hillbillies shoot pumpkins",NOT
@SeanRossSapp Don't think anyone is mocking the man. I've seen people mock the bespectacle of social media mourning. Cultural zeitgeist of,NOT
@Jontel_20 &#128557; pussy,HOF
"@Gladvillian u want me to make u one of my ghetto nunchucks, they come in singles and double_ended",NOT
Pussy ass nigguh name Jesus. And his daddy,HOF
@kieffer_jason umm you sure the hoes I talk to aren't ugly,HOF
RT @FunnyJulius: Please win it all this year @Yankees,NOT
RT @TFCbooks: Friday 6pm @busboysandpoets Vivek Balk: Bengali Harlem &amp; the Lost Histories of South Asian America http://t.co/veYAqnAiDG &#8230; @&#8230;,NOT
A squad of dyke cholas fear nobody. They worse than the cartel,NOT
"RT @sportspickle: Yankees didn't want Russell Martin, so he signed with the Pirates 2 years ago. Pirates have made back-to-back postseasons&#8230;",NOT
RT @judiebaby_: @Vnxthny ATTENTION !!! Keshonna Alexander had the best pussy in the world. Taste good asf&#128523;&#128523;&#128525;&#128536;&#128079;&#128588;&#128514;&#128514;&#128514;&#128553;&#128540;&#128523;&#128523;&#128525;&#128525;,HOF
@WakeUpPeeps1 Read w/o slant your orig statement said 'everything' we have...that is the only extreme comment made,NOT
@Midnight_Snacka @Nick_504_ wigga why the fuck r u in this conversation with yo stalking ass,HOF
RT @_BeautifulKeezy: &#8220;@100046729: &#8220;@_BeautifulKeezy: where tf lyssa toilet mouth ass ? &#128064;&#128530;&#8221; wassup&#8221;you be twatching hoe &#128514;&#128514;,HOF
"That dude from Chicago w/ the fuzzy mustache and bangs, Johnny Love, he's whack. #memoriesofidots",NOT
RT @jaylynnkoliba: @TonyJRodriguez imma get my crew on dis fuckin fag #3hunnad real talk nigga #turn up,HOF
RT @SlimGirl_Probz: &#8220;@TRESHON_SCROOGE: Oomf pregnant from dat dog in the hood dat chase erbody &#128514;&#128514;&#128514;&#8221;REAL funny bitch!!!!,HOF
@demimariemorin well im sure im not fully retarded #imustbestupid:(,HOF
"Do birds have dongs? How do they mate? Help me, I'm an adult who doesn't know how animal sex works!!!",NOT
Her pussy wet I call it Fiji water,HOF
Call dat bitch... http://t.co/p50wtGrz8a,HOF
RT @studio6263: M&amp;S bids for most social Christmas yet with &#8216;Follow the Fairies&#8217; campaign http://t.co/5OaL2EHhG2 #CLE #marketing,NOT
I really want a girl to make me some brownies &#128553;&#128557;,NOT
"my pussy pops severely, 
and yours don't!!!",HOF
@NipseyHussle nip Im tryna buy a copy of #Crenshaw!! But your http://t.co/DBLbyvX0pL website is down.. Let me know something!,NOT
RT @NoChillPaz: The only girls that care about being a guys WCW are hoes,HOF
I'm such a retard sometimes.,NOT
"RT @BrandonTierney: Crooked number followed by shut down frame, love it. #Yankees",NOT
RT @NickCoyne001: Guys who tweet shit to get a bunch of favorites are on the same level as hoes,HOF
@littlelinnda @NasshRodriguez @linndaroose linda you just @ yourself rn you retard^^,HOF
@haydenhill13 @aknadnrye @Sam_James3 @khalilreed indeed I did nigga is too over used so I use nigger,HOF
RT @Henry_3k: When I was little I remember laying horrified in bed as hand puppets held a mock trial convicting me of putting my hand up th&#8230;,NOT
Sapete che? Vi odio..... ho finito..,NOT
pull out my bank roll on y'all bitches like whoa,HOF
"RT @BOSSBITCH122513: Loyalty now let's get this money I got u,u got me no hoes just us !!!!",HOF
There is a trash bag in my hall thats been there for like 2 wks. Weird thing: it changes consistency every few days,NOT
#HappyColumbusDay !!!! If is wasn't for #America.................#KarlMarx would never have thought of sharing #colonialism with #injuns !!!,NOT
@Rasheed_Sheen man damn dude come get this bitch lml,HOF
Y'all dumb bitches out here FUCKING UP,HOF
red meat trash,NOT
Jihadis identify a man from #Indonesia as the one who carried a massive suicide bombing on Speicher camp #Iraq http://t.co/h1hjHYnbY2,NOT
If only I dated a girl that lived off Mack Road I could just get the holy trinity of Sacramento ghettos on a daily basis,NOT
@McSheeti means trash lol,NOT
@PWilliamsD I need some clams on the half shell :-). Down here all you can get is deep fried clam necks.,NOT
"RT @Brennanculp: But if you a hoe, do you. I ain't judging you. Get it in, but don't hurt someone in the process, be straight up ab it",HOF
Islamic Jihadis run away to Pakistan @PureMonotheist @BemetOr8 #UniteBlue,NOT
"You know bitches be mad when they be like ""I'm my own #wcw&#128514;&#128514;",HOF
Niggas swear they don't trust these hoes but be fucking raw &#128528;&#128514;smh,HOF
"RT @t_grun: Yeah I checked my connection, I have fucking wifi. Did you check if you were being a lil bitch nigga? http://t.co/0kvF0REwjd",HOF
RT @CloudProjection: Females are more thirsty for attention than males are for pussy.,HOF
"RT @TylerGimblin: Girls, don't let a dude treat you like a yellow starburst. You are a pink starburst.",NOT
Cocky bitches with front teeth that stick out from suckin they thumb &lt;,HOF
Denzie boutta be takin erry body bitch now!,HOF
!!!!!!!!! RT @C_G_Anderson: @viva_based she look like a tranny,HOF
RT @MeganCammalleri: Thank you to the Perkins student section for participating in the yellow out. We all really appreciated it!,NOT
"RT @iSoldYoDadDrugs: I hate when people take a picture&#128247; and be like "" don't mind the background "" &#9995; nah bitch imma mind &#128563;",HOF
#mt browngal #gouache #monkey #tiki http://t.co/kFhj8lWhbs,NOT
RT @OGMarcusC: !!!! &#8220;@RapAboutCereal: Jay Z verse trash. http://t.co/eYb3B08BTM&#8221;,NOT
Finally got my medicine and crackers!,NOT
"Out of day care, I'm taking a kitty nap on you hosers.",NOT
@BarackObama Biden was a winner last night? Yea right like Charlie Sheen Really was a a winner too.... #winning lol,NOT
@hidalgoparadise lol its #hoe bitch ass,HOF
LOL there's a talking monkey live on the internet! Will wonders never cease?,NOT
"RT @TheRoot: Don Lemon gets called an Uncle Tom, doesn't like it: http://t.co/eV4xgI5Pgc http://t.co/i6Xs8HCnrb",NOT
"I wish my bitch ass mother would give me my 5grand for.child support, fuckin bitch",HOF
RT @FunnyQuotees: Halloween use to be a holiday for kids. It is now National dress like your inner hoe day.,HOF
I don't live for you hoes man,HOF
"RT @macktology101: Niggas got a girl, why the fuck you asking girls to text you...hoes man hoes",HOF
I I haven't watched a single episode of #LHHNY however I'm watching the reunion. This coon shit. I mean the levels of ratcheticity,NOT
Its what we call #Bitchassness RT @MoeDeloach: If a nicca tell a female another man got mad girls throwin salt that man gay straight up,HOF
"Omoide Yokocho : Shinjuku, Tokyo, Japan / Jap&#243;n by Lost in Japan, by Miguel Mich&#225;n http://t.co/7J2uXi5501",NOT
The boy who shot albino deer http://t.co/D4XajBEIb1,NOT
"""Is that an albino Mexican?""
""No dad, he's Asian.""",NOT
"they probably hate me even more because not only do I look white (when I'm technically a poc), but I have white hair now I'm double cracker",HOF
RT @Mbw44: &#8220;@luzerne_troy: &#8220;@balenceeaga: &#8220;@AienneLuckera: This bitch is awesome &#128588; http://t.co/Q5yhJTbcnr&#8221;need this,HOF
"If yo nigga catch you cheating, and beat yo ass in front yo lil yeah, and lil yeah don't help. You still give him pussy ladies?",HOF
@MattHomeTeam - you know what you did you faggot. There are literally thousands of people that have you on their radar homo,HOF
Since bitches love callin me by my ex girlfriends names so much ima start callin them the names of niggas they fucked,HOF
third party keyboards on iOS 8 trash,NOT
RT @yungxprnce: Approach yo bitch like: http://t.co/UHMIME9psw,HOF
@mrrickyguevara lmao why would we respect him then? he's a hoe if that's true,HOF
"Baked Montreal chicken, cheesy brussels sprouts, garlic butter triple cheddar &amp; chives yellow mashed&#8230; http://t.co/XsGW1kSqCW",NOT
Lakers fans will feel the pain the Yankees fans are feeling today at the end of basketball season.,NOT
"This is my ""sup bitches"" face http://t.co/mqPqzLgCKf",HOF
@PussyBeezus_ whatever hoe,HOF
#tbt when i took my likkle monkey jimmys http://t.co/LIK3xpZ6eZ,NOT
No summer school? &#128515;&#128515;&#128515;&#128515;&#128515;&#128515;&#128515;&#128515;&#128515;&#128515;&#128515;&#128515;&#128515;&#128515;&#128515;&#128515;&#128515;&#128515;&#128515;&#128515;&#128515;&#128515;&#128515;&#128515;&#128515;&#128515;&#128515;&#128515;&#128515;&#128515;&#128515;&#128515;&#128515;&#128515;&#128515;&#128515;&#128515;&#128515;&#128515;&#128515;&#128515;&#128515;&#128515;&#128515;&#128515;&#128515;&#128515;&#128515;&#128515;&#128515;&#128515;&#128515;&#128515;&#128515;&#128515;&#128515;&#128515;&#128515;&#128515;&#128515;&#128515;&#128515;&#128515;&#128515;&#128515; eat a dick school. Im done with your bitch ass !!!!!!,HOF
"RT @JewJitsuGrl: @AdmiralAckbar3 @00_jackie @Darknight420 @allahthefairy &#128073; @TayyibN &#128072;
Tiny Jihadi http://t.co/PDIKbrvCJ8",NOT
And I'm steady tellin dis bitch gtfo my face,HOF
"RT @varepall: Charlie Rangel on GOP: They 'believe slavery isn't over' http://t.co/I8nolg9m6O

RANGEL IS A FLAGRANT TAX EVADER AND RACIST",NOT
That damn lispy mouth bitch knows.good in hell well Tara wasn't a damn roommate! Damn rocks for brains man! Lol,HOF
@ArianaGrande this bitch @cumwiththewind,HOF
&#8220;@Ashton5SOS: An itsy bitsy teeny weeny yellow pock-a-dot bikini&#8221; Polk Ashton. Polk,NOT
I'll have these bitches havin baby's every week,HOF
#WhatImCraving Peanut Butter Oreos &lt;3,NOT
"RT @alex_mizz310: @Huntermoore why do you call most guys that talk shit to you ""fags"" then? You should use another word hypocrite.",HOF
&#128557; RT @KingHov1313: I be thinkin Errbody wanna give me some pussy!&#128553;,HOF
@danram70 @Buflo_dolla ....so ur a fag?,HOF
My nig kkeldalegend took me out for some more of that good old New Orleans soul food! http://t.co/vCBKAcQBHV,NOT
It's scientifically proven that no one can not cry at least once while watching Charlie St. Cloud.,NOT
RT @SenorSteez This whole week was trash,NOT
"laughing on the inside thinking ""that's what yo bitch ass get, fuck boy"".",HOF
@H_TownRacer shit tell that pussy to come out of retirement and show up Kareem Jackson then he can get respect,HOF
I dont got no type... Bad bitches is the only thang that i like! You aint got no life.. Cups with the ice and we do this every night!&#127926;,HOF
&#8220;@IAm_Cream: &#128514;RT @DontGetGrandHoe: When y'all hoes going to learn how to spell&#8221; &#128588;&#128588;,HOF
"""@TEE_JONEZ: @16stanleys @KingCuh tuku ho idk blah blah blah"" &#128514;&#128514;&#128514;",NOT
Hey @DreamShakeSBN fans. If anyone is wondering what the yellow tab on the back of the collar for - it's for teams that have won a champion,NOT
"RT @KILLQuana: Hun, wrong social networking site RT&#8220;@Schwaggy_Chulo: 666 - LMS for a good morning post, and something extra (maybe)&#8221;",NOT
Omg! The cutest little tinker bell ever &#10084;&#65039; http://t.co/vDajfVlwyP http://t.co/YpTz9O4SIS,NOT
"""@LaFlareGodJosh: Gucci Mane in jail and dropping mixtapes every month and you hoes can't even text back""",HOF
"Hoes all on my bandwagon, your bitch gaggin, she jet laggin. #A$AP",HOF
RT @GorgeousLeeiyah: Niggas loose they down bitch for a bitch who down to snitch &#128586;&#128175;,HOF
&#9996;&#65039; out bitch I'm winning &#128526; http://t.co/k3l15zoBGz,HOF
"RT @FranquitoUno: Instagram, the only place you can find thirsty hoes and connects at the same time http://t.co/2fj7WrdTQ3",HOF
"If you LIKE #chocolate or #sodapop and you tweet bad about #HappyColumbusDay..............YOU ARE A FUCKIN"" #retard #HYPOCRITE&gt;",HOF
Feminist aka a bitch.,HOF
RT @JoeBudden: Back to these hoes tho.,HOF
Sinai Jihadi Group Beheads 3 Accused of Being 'Spies of the Jews' http://t.co/3CDOsElI1k via @BreitbartNews,NOT
Dis nicca lame,NOT
RT @Mr_JSmart24: So damn sick of that damn lie smfh&#8230;Skinny girls look like iphones when they jeans come off bitch stop lying!!,HOF
Frustration can be a bitch !,NOT
"RT @NDFootball: Winston connects with Greene on the slant across the middle for the score. Ball game is tied, 17-17.",NOT
Love'em and hate 'em... &#171;@my_shit_bit Big booty bitches.&#187;,HOF
Why you shouldn't eat pussy unless you love her http://t.co/BkpLT6D9ax,HOF
RT @zFearless: @Fadeaway_4s fuck a bitch and think of me,HOF
RT @SexualTruth: SEX FACT: A lot of women say getting their ass eaten feels better than getting their pussy eaten.,HOF
"RT @Lysettemariee: Jamal is a fool &#128514;&#128514;&#128514; first he called me a leprechaun, then he said my heart cant be blue or purple. It gotta be yellow or&#8230;",NOT
Who needs an alarm when you have the worlds most annoying bird outside your window?!??,NOT
lmfaoooo RT @HarleyyyQuinn_: Wiz is a perfect example of how fame can get you bitches. He looks like your typical tweaker homeless woman.,HOF
RT @ShitPussiesSay: Dudes built like a crushed Twinkie http://t.co/1WsYI6gDVP,NOT
"RT @DavidBCohen1: Will Coakley go 0-2 in ""can't lose"" races? RT @seanspicer: wow, just wow -- @BostonGlobe : Charlie Baker for Governor htt&#8230;",NOT
"Oreo Ice Cream Sandwich http://t.co/RM0KsY99Bc""",NOT
&#128095;&#128095;&#128095;&#128095; got ur bitch tip toeing on my marble floors.......,HOF
@BrendaGisselCA that you got hoes damn,HOF
Whoops bought snuggly hideous fuzzy boots because it's cold as balls all of a sudden,NOT
"RT @nikejap: Bae: go talk to your other hoes
Me: http://t.co/WjFjmsf8aV",HOF
"@OG_Dakota lemme just throw a 302 in it, how's the tranny??",NOT
Lmao RT @A2daO: Yeah that pussy yours Cee RT @YolaC_: Come get some breakfast from Boom! RT @CeeRoss: Breakfast PLZ,HOF
@ElyssaJankowski @ComedyTextings haha she a stupid hoe,HOF
"Conoc&#237; tus ojos negros 
Y ahora si que no puedo vivir sin ellos",NOT
T up bitch no chaser needed Tsu HC2k14 http://t.co/YXHDIszIMl,HOF
Happy hangover #Bloomington #btown #iubb #IU #Indiana #hoosierdaddy #HoosierNation #hoosiers the resurrection is now complete. #ncaa #big10,NOT
"RT @josepheach: D-emand
E-veryone's
M-oney &amp;
O-bjects
C-ollectively be
R-edistributed
A-mong
T-heir
S-upporters",NOT
"RT @ArianaGrande: Oh Torrence, I can't stand your cheer leading squad but I love your pom poms... I'll feed you bon bons all night.",NOT
"My teacher always says ""Has a man ever abused his wife while using marijuana? Not unless she hides the Oreo cookies then she deserves it.""",NOT
Like she got a death touch? RT @Tenebris_cor: This bitch standing in front of me looking like rogue from the xmen,HOF
"@DrMalvo 
I likes it back dare. It's free fo me cause whitey pay da fee",HOF
Don't get yo bitch ass killed in new Atlanta baby!,HOF
RT @Landontours: Nice baby bump bitch.,HOF
@darthdanaa Yes you do retard.,HOF
Ain't even fuckin wit shady bitches,HOF
In other words call you a bitch.,HOF
"@AngryWillHelms Genius, the politically correct term would be ""intellectually disabled."" It's highly offensive to use the word retarded.",NOT
' Elza M. Jones Was whipppppppen and drifting last night lol we was tu this ma niggah http://t.co/wAqAmR4BGU,HOF
&#8220;@44BINKO: Denzy tryna hoe broski Izzy &#128553;&#8221;&#128514;,HOF
that ho said 9.63 when I got to the register &#128563;,HOF
"Sitting alone watching White Chicks, no pants, fuzzy blankets, tea || turn up",NOT
"You know you are in the ghetto when you see streets named Martin Luther King Jr &amp; LittleJohn. 
#halp",NOT
"Haha, Yankees fans are bent out of shape about the Hu27le graphic",NOT
Too much makeup so trash..,NOT
"type a bitch make u take her on 10 dates, then she give u da pussya and the shit weak. damn.",HOF
These niggas be actin like bitches,HOF
"I want some cookies, brownies and ice cream. &#128523;",NOT
@Ants_SNEweather Well you got to see pom-pom Pete,NOT
A ghetto girl's best bet is to find work at a call center and try to climb that corporate latter.,NOT
RT @ShamarGotHoes: These hoes... Smh http://t.co/PRr9JkrBSp,HOF
RT @FoodPornsx: Deep Fried Oreos &#128588;&#128069;&#128166; . http://t.co/dy7QT1Jtlg,NOT
Floppy bird chalmers over here taking after his hero LeBron,NOT
"RT @Nostradamnisuck: Mary had a juicy clam,
Was always good to go
Little touch of boated man
And she began to flow

#HallmarkNostraCollecti&#8230;",HOF
"RT @ItsSonGoku: Don't Get Spirit Bombed Lil Nigga RT @LeanandCuisine: Dragonball z trash, debate me if you want",HOF
I can't stand a Fag bitch like Fucc get out there &amp; make the MONEY &#128184;,HOF
@gifs http://t.co/J1PWlaeRCu (via @teapot),NOT
ooh girl cute face but yellow teef. lol,NOT
@shyhoof @umbralfox @Feyote Lamashtu has some great orgies but is a total bitch. lol : P,HOF
I see u jigga!!!! Hillary $wankin,NOT
"@CallNeeshCakey no , a pop wop &#128514;",NOT
Yo if you get like over 25 of flappy bird you need to do some self evaluation because you probably have no life,NOT
"Hurry up nigga this the last key, they dont know where the fiberglass safe at, to get in that bitch you need a glass key!",HOF
McDonald's is hella trash to me now,NOT
"@Toetancchamon Wilde nog even checken op Twitter hoe het ging maar had zo'n heftige wond niet verwacht, heftig. Sterkte &amp; beterschap hoor!",HOF
"Remember when I told yall bout my coworker not lookin out a couple weeks back?.. Karma's a hoe, got his ass.",HOF
"So let's see what you look like in the AM without the 10 filters and colored contact lenses, your followers are dying to know 

@uberfoxy",NOT
@charloosss @keepitplur @nicoleariel_ I'll chug my tall can . but homegirl won't approve lol,NOT
Westbrook you ball hogging bitch pass it to your fuckin teammates if you want to win,HOF
This bitch THINCC she dress coding me &#9995;&#128514;&#128557;,NOT
@Pepper_Redbone @Yankees @Mets Oh yeah. And the annoying damn duck calls?? They outta be banned. Duck horns??,NOT
RT @Solyybee_: Lmfao RT&#8220;@macktology101: Alco(ho)l&#8221;,NOT
RT @_ConnorRay: I do not fuck with that bitch she cannot keep her legs closed,HOF
"RT @raider_level: She was like ""I don't go to raider games. They are ghetto and people get jumped"" lmao I was like ""well the shit sound lik&#8230;",HOF
RT @bunnyasmin1125: I Still Be Craving An Oreo McFlurry b;,NOT
Even they know you my bitch,HOF
Cheeky thoughts as the rooster crows.,NOT
#bad #ass #local #bitches,HOF
"#NP ""Centuries"" ~FOB",NOT
"tell the hating niggah 
stfu",HOF
RT @Yankees: #Yankees can jump into first place TONIGHT. RT if you think they will!,NOT
"Free patterns - Adorable crochet borders Butterfly, ladybug, flower bumblebee and hat edging, trim, http://t.co/FOtJbqWyEg",NOT
RT @inmysexdreams: I love black shoes cause I can match them with anything but I also need some colored shoes,NOT
@Lvl_7_Eevee @UnicornCowboy @hisorraya I'll trade you one car drift for brownies.,NOT
RT @___Legacy: Need some ice cream and Oreos &#128525;,NOT
Did the Italian bird just call Janet a calzone? #UNCLEtweet,NOT
@ChaseBasford chase you God damn faggot &#128514;&#128557;&#128514;&#128557;,HOF
Happy birthday bitch &#128526;@THEalexflores10 http://t.co/2fBKhkQiJa,HOF
RT @SeQuoia_Gabris: &#8220;@UeonoYungJumbo: @SeQuoia_Gabris yeah hoe!&#8221; But the babies are innocent lol so Gabriella still got her sister a birthd&#8230;,NOT
Bitches make me happy. RT @AsaAkira: Material objects make bitches happy #iPhone6 http://t.co/d1TbYtc7QB,HOF
RT @losthistories: In DC Fri 1/3: Bengali Harlem reading/convo @busboysandpoets 14th St @SAALTweets @teachingchange @ThatWhichIsTold http:/&#8230;,NOT
"LMFAO, stupid bitch tells me at the door they already started, and to come back.&#128514;&#128514; UMMMM NAH",HOF
"RT @zachthorpe78: ""the trash generation""",NOT
See the jumbotron? That&#8217;s where the jig is,NOT
Sonnen is a faggot,HOF
@Rob_San9993 ha lol like at selenas horny bitch lol,HOF
I'm Pregnant Charlie Brown! #WorstPeanutsSpecialEver,NOT
And where do you think unsold items from thrift stores go? The garbage. Think of all the great games that are in trash dumps as we speak :(,NOT
RT @_MindAtEase: Wet pussy with no smell a mf,HOF
"RT @wilw: Even shorter Charlie Sheen: ""Your move, Mel Gibson.""",NOT
@erinscafe We hate them more than the Cowboys and Yankees.,NOT
"RT @Yankees: Ballgame over, #Yankees WIN! Yanks beat the White Sox in 10 innings, 4-3.",NOT
"Or ""don't vote for the cripple"" amirite? bigot MT @DawnnaDukes: Vote #VoteWendyDavis for Governor of Texas. http://t.co/LnAeW8CCoD",NOT
"RT @MeechIsDEAD: I Cant Wait Till U &amp; Ya Boyfriend Break Up, That nigga act Like he own the pussy",HOF
"Bitches be like ""New Avi &gt;&gt;"" and I'm just like bitch, your new avi is UGLY, your old avi was UGLY, bitch YOU ugly.",HOF
"Jihadis claim to have shot an #Iraq army Mi-35 attack helicopter in Beji &amp; identify its pilot by name, rank",NOT
"@JonJanke @jtrimbl3 You're a sensitive, pussy whooped, no sense of humor, neo zoom maxi dweeb. Now sit your ass all the way down.",HOF
@Maxwell_Larsen your a cunt,HOF
RT @virleehol: @cbinflux Well we sure as heck know how to read. I'm reading the trash right now and almost everything I've heard on the web&#8230;,NOT
@OLE_VertyBstard @thereal_EMandM @Holt3 lay in it brother I'm a honky,HOF
@irwinhype thank you so much. it was a bitch move of her to pull. but thank you &#10084;&#65039;,HOF
When your nigga passes you a hoe http://t.co/ItusP1WVoI,HOF
"Sorry Sam, I went to @elonuniversity RT @wulfpacksam83: Is wes durham woody durham son???? If so, why is that tar baby doing a PACK game.",NOT
RT @EverybodyHatesX: He's trash RT @Yerrp08: Too early to call Austin Rivers a draft bust ?,NOT
Me gusta pollo so espa&#241;ol that. Lol. &#127831;,NOT
@Buckm00se I don't like the sand nigger but it's entertaining like 6 knockdowns,HOF
RT @ChavoDaGreat: &#8220;@TreVaughnLG: Frfr come party wimmie I'm leavin this shithole til summfest&#8221; I'm leavin dis hoe before that!,HOF
RT @tj_curtin: A birds eye view of today's #harvest14 activities. Thanks @BrentJFF for the great camera work! http://t.co/RgETR4tV4S,NOT
Alex Smith wears red and yellow now so quit being psycho ex boyfriends and get over him. He's in the past,NOT
&#8220;@wwwobert_: B Oreo a stunt&#8221;come thru &#128293;&#128293;&#128293;,NOT
Yankees should have NEVER gave away Melky. Guy can flat out HIT. #yankees #giants,NOT
mall with my fellow ginzos to do some christmas shopping @Vinnyliarda @Dimi_Artale @Billythathird #fuckdimmy #vinnysnotmadon #billgetsbuns,NOT
"What's a Queen without a King?

...A lonely ass bitch!",HOF
@kieffer_jason nigga what I was talking bout after school. Or when ever your choice bitch,HOF
Nah I definitely gotta find me a bitch to drive me around in my whip while I'm drunk to this Ty Dolla $ign tape b it's only right,HOF
"RT @SweetiePaii: RT if you listen to these bands &#128522;

A7X
PTV
SWS
ATL
BVB
ADTR
BMTH
YMAS
FOB
AA
Blink 182
TDG
SS
FIR
MCR

Follow me &amp; everyon&#8230;",NOT
RT @TheFakeESPN: Red Hot Chili Peppers with the longest nip-slip in Super Bowl Half Time Show history.,NOT
@LoLDyrus It's retarded. Ignore the harlem shake fad and hope it goes away soon.,NOT
PND is my jigga man.,NOT
""" lames crying over hoes thats tears of a clown """,HOF
Dam this niggah trippin off ecstasy,HOF
I almost stepped on a bird running around the floor ah they are so creepy,NOT
2 #iubb games when im in #bloomington #btown how good is that?! #ncaa #basketball #college #Indiana #iu #hoosiers,NOT
@Nashgrier purple monkey,NOT
"RT @SenorSteez: These hoes ain't loyal mane, they rotate",HOF
&#128514;RT @1BaD_dOc: I hate when people get on my bad side cause I honestly don't like to act like a bitch,HOF
"I be jamming Skid Row,Kix,Cinderella,Damn Yankees,Bon Jovi,Def Leppard,Whitesnake,Extreme,Vinnie Vincent Invasion,Ratt,Scorpions etc",NOT
@SilverbirdUSA and retarded. Love is always retarded. #sentimental,HOF
"Yall don't want a nigga unless other bitches want him.. 

But when you get him you get mad cuz those same bitches still want him.
&#128533;?",HOF
"""It's never too late to tag a bitch.""- @CyFyre",HOF
she was telling me about this kid who's soles of his shoes are falling off. I am going to get him some shoes. hope his parents don't get mad,NOT
hell would freeze over before I ever let any bitch kick me in the fuckin face,HOF
RT @GhettoViine: Dumb bitch https://t.co/JdSvCGQFQn,HOF
ain't Kj &amp; Mello's... RT @MidCityAce: Who's daddy a fuck nicca?,HOF
RT @lachlan: So who wants to tell the Washington Post that Charlie Crist is a Democrat? http://t.co/LGzzYusEKZ http://t.co/2jCVv7qxqf,NOT
"RT @iDntWearCondoms: &#128514;&#128514;&#128514;&#128514; RT @MoJizel: wow, she let quite a few niggas beat. equal opportunity pussy",HOF
RT @Woody_AFC: @_WhitePonyJr_ @ivanrabago_ no doubt about it. I mean its cute tossing around trash cans and having 98lb Mexican boys wantin&#8230;,NOT
"RT @goddesslaney: @lajouetreine if you give that statement any thought at all you will realize it makes no sense. At all. Please, think abo&#8230;",NOT
@fredabrahams @Brown_Moses I saw the actual tweet while scanning Jihadi accounts. They put a screen shot of it with: all aid workers r spies,NOT
RT @lilduval: It's some good side bitches out here don't let nobody tell u different,HOF
"@antiamnesty @AppSame @WhiteHouse 
I agree 100%. No naturalized citizenship, no anchor baby amnesty. All go to parents country of origin.",NOT
"RT @daggerbyte: Call me old fashioned, but I'm sewn together with magic and birds.",NOT
"RT @murrman5: you up, Charlie Brown?",NOT
RT @MANIAC3X: @NotoriousBM95 @Woody_AFC @_WhitePonyJr_ @santi_4l @Bamoose12 start crying and stalking him faggot. I want to laff,HOF
Charlie xcx is bae,NOT
I want a cowboy killer,NOT
@JustKarahn negro please,HOF
California is home to skater trash.,HOF
@mrfoolycooly i dont think he did the celestial dragon killed him,NOT
"""@KeyshawnSwag: Lmfao this cat started beating the shit out of me"" my nigga finally got some pussy?!? MY NIGGA!!!",HOF
&#8220;@Stfu_NobodyCare: I hate how some of you bitches come to school musty . Like how tf you walk out your house stank ? Your mama ain't shit&#8221;&#128514;&#128514;,HOF
You got niggas and I got bitches,HOF
"I got my mind on my money, all I needs a bad bitch so I can ride round the city and spend this cash with",HOF
"""I'll slit your throat-neck"" http://t.co/ChFFSDeDdd",NOT
RT @WFANTrades: Don't know how you Yankees fans listen to Kay every night. Absolutely brutal. Just nonsensical blah blah blah blah. Radio n&#8230;,NOT
RT @DonnieWahlberg: On set of #BlueBloods. Hoping there are no birds perched above me... http://t.co/oDhq52QiLe,NOT
RT @FoodPornPhotos: Oreo Cheesecake Bites. http://t.co/ybOQrrTJyt,NOT
These niggas pure pussy I see it in they faces,HOF
@MurdaaaMike @yfly23 wow I can put slit trophies against u in those,NOT
@adnanESPN Houston was top five in AHL attendance while Aeros were here. The transplanted snow bird would love a team.,NOT
When this test is over today I'm making a pan of brownies. I'm going to lay in bed all day &amp; eat them until my heart is content. &#128524;,NOT
I had to unfollow some crazy asian bitch earlier lol I don't play,HOF
My boy @RyanBowersOB got the hoes now!,HOF
Just cleaned my fingernails with a knife. #hillbilly @shanemoses625,NOT
"""@RiahSM: #hoesaintloyal"" well they're hoes,no one expects them to be loyal",HOF
"I fucked your little sister last night
The pussy was right 
The pussy was tight",HOF
What manner of black folk take their kids riding in the ghetto to point out misplaced youth and victimized &amp; cursed brethren and say:,NOT
RT @TommyShiner: Never snapchat will bishop. He is a screenshotting son of a bitch,HOF
bitch thats yo nigga &#128064; ....well you aint his bitch &#128514;&#128514;&#9996;&#65039;&#9996;&#65039;&#9996;&#65039;,HOF
Lmao RT @iPOSTBADTWEETS: Lowkey Peyton Manning trash,NOT
RT @PhuckedFame: Thick red bones in style or nah? &#127817; http://t.co/Cfhis3L8bT,NOT
Stupid bitch &#128545;,HOF
@Meeeesh1395 @Ajbernal17 bitch im always out,HOF
"Yeah right, yeah right, this guys a faggot.",HOF
"@dish 
Was just wondering if yo espect to add mo colored tv stations befo I renew dis",NOT
"RT @ArcticFox2016: 150 Christians MASSACRED By Jihadi Muslims While They Slept! Including Pastor, His Wife &amp; Kids http://t.co/VnR60MjFo6",NOT
"RT @BiertempfelTrib: One more from @JimBowdenESPNxm: ""Yankees wouldn't be letting Polanco sit in minor leagues, because they're all about w&#8230;",NOT
Sorry all my fellow negros,NOT
Supporters of officer Darren Wilson rally in St Louis http://t.co/HtfgJJ7kYt #ferguson #kkk #tcot #tpot #teabaggers #teaparty,NOT
#IU 8 straight nation #college soccer champions! Wow! #hoosiernation #hoosiers &#9917;&#127942;,NOT
RT @NFLTalkRT: RT if your team is trash,NOT
"RT @Oreo: @Honda Wow, and we thought we were the only ones with a luxurious interior #OreoLove #StufOfLegend",NOT
Lmfaooo&#8220;@AdrienBroner: Two bad bitches giving me head at the same dam time...... #oldPICS LOL http://t.co/Y4dXfH8nLv&#8221;,HOF
.@agie_sweet36 @VedanteBreh12 @TravelNevada Try visiting @thewashoeclub at night for a real spook!,NOT
"#porn,#android,#iphone,#ipad,#sex,#xxx, | #Masturbation | A very hot black tranny is mastu http://t.co/OfGGMLXQAj",HOF
RT @Joan_Rivers: Charlie Sheen will star in a new sitcom as an anger management therapist. So what's next? Casey Anthony as the owner of ...,NOT
RT @6THGRADER: Lol new kid at school... thinks he can take me at tetherball. Bout to show him why I get all the playground pussy. #baller #&#8230;,HOF
"@Brelston I realized it's the one on Link's Awakening too, so you killed two birds with one stone. Unless you're getting the Wind Fish too.",NOT
One of @Mark_Schlabach best looks too. RT @McMurphyESPN: Charlie Weis couple months ago hanging w/Nelly http://t.co/yWvVg51z6w,NOT
"RT @LickMeGently: Big booty = sour face ,no hair ,or she a hoe.",HOF
I absolutely love my Shanti regardless what we go through that's my bitch,HOF
"&#8220;@HighClassCapri: Ima show my ass tonight, I can feel it &#128586;&#8221;omgggg I was thinking the same shit bitch&#128553;&#128553;",HOF
"Get some H&#228;agen-Dazs ice cream bars, a whole lot, make sure chocolate, gotta have chocolate, man. Some popcorn, red popcorn, graham crackers",NOT
"@CokaMoschiach_ his defense is trash, and he's been rocked by Jesus Soto Karass, and Diego Chaves.",NOT
Review: The Yanks are Coming! A Military History of the United States in World War I http://t.co/Hv4k1yZACH via @BreitbartNews,NOT
"RT @Toxicityy1: Gwen Stefani's new single is trash. her, hilary duff, britney and fergie have to give it up and go raise your kids and judg&#8230;",NOT
@SBPart01 @melodybrooke11 fuzzy dice might be the nicest thing you could put in your car lol &#127922;&#127922;,NOT
RT @Dewis14: @H_ToTheOV @dbrad_80 @Coleduff24 @Peckadelic @bgulll1611 you're all pussies. Only men throw whammers in their assholes,HOF
"I luv watching gas monkey, they be havin some classics on there.",NOT
"@HeatherEliseP and plus, it's trash talk. You should know that especially with ole miss.",NOT
I'm about to start a bad bitch mentoring association bc GIRL YOURE A BAD BITCH DONT LET ANYBODY TELL YA OTHER WISE,HOF
&#8220;@talofabreeze: @uce_INA @snoleezey801 DAMN I ALWAYS BE TWEETING YOU HALFASSED TWEETS &#128514;&#128514;&#128514; I meant to say hoes&#8221; still dont make sense..&#128529;&#128533;&#128514;,HOF
Tiny out here looking like an albino red nose pitbull from a dope boy's trap house.,NOT
RT @IDontClaimHoes: Yung berg did a bitch move &#128530;&#128514;,HOF
Cheers young lady RT @shik702 @BmoreHumble foreverrrr younnnnng *grabs flask and chugs*,NOT
@BirdieB420 lets record a song bitch right nowb,HOF
"RT @RussOnPolitics: GOP nominee for #MAgov Charlie Baker's ""fisherman story"" falls apart. He deserves an Oscar for his play crying. http://&#8230;",NOT
Can't be many things worse than having COPS interrupted because a friggin Yankee game is still going on.,NOT
@idkconstancio I'm trash,NOT
"Hello American people, my name is Eric Cantor and I am a lying piece of bird poo http://t.co/qJyuw4ox0O",NOT
And remember---always be the person you're born to be. You don't have to be queer to take something from that message. #NationalComingOutDay,HOF
"&#8220;@kaitlinfryer: Big oleeeee middle finger, bitch.&#8221;",HOF
It's definitely a bitch everything in life is ruled by money. Such a moral heartbreak.,HOF
"country boy, hick lyfe, white tee, rebel flag",NOT
"@EASPORTSFIFA next update, would be AMAZIN if two celebrations were added. 1: Shirt off ( we'll take the yellow) and 2: The RKO",NOT
I need a heated bra because my nips hurt so bad!,NOT
RT @reidk_97: Flappy bird is dusty,NOT
"""@DiamondLoudKush: The fuck be wrong with these bitches?"" Nobody knows",HOF
"RT @Steiny31: Peace, bitch. http://t.co/mEkV4wyJvq",HOF
@FuckBoiRik hahahaha youza fuck wigger,HOF
they shot another monkey lmaooooooooooo,HOF
@Hovaa_ what about yellow spots?,NOT
RT @velweb: Thank you One-A-Day for making your vitamins the size of a fucking Twinkie. I love giving myself the heimlich maneuver every mo&#8230;,HOF
RT @ItsFoodPorn: Cookies n' Cream Oreo Fudge Ice Cream http://t.co/nAINpWXTJc,NOT
@Swishas_Erbs No bitch Linda over KOD,HOF
"RT @itsDorry: school doesnt even test your intelligence it tests ur memory...

....it tests my ability to keep calm and not slap a bitch",HOF
"My bitch educated, had her clients pay the payments",HOF
Crazy ass! RT @DaRealQuitaM: I been acting so mean ratchet and ghetto I crack myself up,HOF
RT @FoodPornsx: Oreo Drumstick! http://t.co/AcN8J59r6b,NOT
"""@RishaaWilliams: @TRESHON_SCROOGE @_Nevertrustt ol bitch ass"" http://t.co/AmcOinY0wG",HOF
shitting on these crusty hoes http://t.co/1oOHx1y6Xt,HOF
@JRealmo I don't think they believe in their communities ability to function w/out whitey. They choose to be hustled by big gov't...,NOT
"@_SoulSurvivor_ @zakbauer I dont have any problems with zak, but you seem like a faggot http://t.co/NbFAArxvRP",HOF
You say I'm a bitch? I say I'm a woman with a strong personality that doesn't play well with others!&#128074;,HOF
RT @CuhCuhCuh: if the pussy not fartin u not fuccin right cuh,HOF
"""@TheRealRickyB21: @JetsAndASwisher faggot bitch"" http://t.co/2HyyAbk4eH",HOF
RT @stephpaulus: I have yet to master the art of eating a powdered donut without looking like I just left Charlie Sheen's house.,NOT
I also had a dream that I went to the FOB show and FOB was rude to me and @audizzle was getting badly hit on by some creep,NOT
RT @DeLaIslaaa_: Get real & fucking fight or don't play me. I don't play with pussy ass niggas.,HOF
The #midwest of the US is white trash.,HOF
"@GingerDemoness @RiotCast @weirdmedicine 
I wants to call bouts my vitaligro but I ain't sho if you a doctor fo da colored folk",NOT
RT @FunnyPicsDepot: Niggas develop superpowers when it comes to getting some pussy http://t.co/ADbxQlTDJj,HOF
"RT @antijokeapple: ""mom i&#8217;ve had it. i&#8217;m dropping out""

""excuse me""

""i&#8217;m done with fake bitches. the hw. all of it. done""

""ur in 2nd grad&#8230;",HOF
@who__CHRISJONES @WhyYouSoShort who tf is chrisis jones. A nigga botta get his ass beat clearly bitch nigga u see real niggas conversatin,HOF
"""@ComedyPosts: Harlem shake is just an excuse to go full retard for 30 seconds.""",HOF
RT @GabrielaAngela4: @JacklynAnnn @TheOneMiss_Luu bitches lover the word quality because they quality Bitches.,HOF
You selfish bitch... I bet you love running.. I sure do.,HOF
RT @kaseymizell: we may or may not be trash at taking pictures together http://t.co/bPJWl1aO2E,NOT
"I'm 81 and I still eat animal crackers

 #EMABiggestFans1D",NOT
"""@Addicted2Guys: -SimplyAddictedToGuys http://t.co/1jL4hi8ZMF"" woof woof hot scally lad",NOT
RT @itsDeSha__: when you @ a bitch they never talking bout you all of a sudden &#128514;,HOF
And don't come to my mf house honking ur damn horn. Get tf out the car &amp; ring my bell bitch.,HOF
Winking emoji? I'm about to fuck her right in the pussy,HOF
All da white folk off twitter yet? Da colored tweet at night while y'all sleep cuz you gotta woyke tomorrow.,NOT
@megalexatron trash about us and your from another conference- you can say goodbye,NOT
"RT @Yankees: Congrats to Derek Jeter, who will start at shortstop in his 14th and final All-Star Game! #FarewellCaptain http://t.co/5nhtJOx&#8230;",NOT
This car has two registration tags. Both yellow. One for 2014 &amp; one for 2005. Wth http://t.co/mdeD4a2soY,NOT
"Same bitches they be all in my face bout how they couldn't do it , be the same bitches all on his dick &#128530;",HOF
"Maybe @barackobama is colored blind with his 'red lines' and all. Tough talk, no walk. #tcot",NOT
"RT @linnyitssn: No teabaggers, 9/11 is not about Benghazi, it's about those planes and those towers. Stop watching Fox News.",NOT
@baaaabyshaaaay_ Ununnnn what plans? Text me niggah!!,HOF
Is this hoe gone dm me back,HOF
"RT @KxRxSxB: We all know that one person that could say anything and you just look at them thinking ""you're retarded, stfu"" #stupidBitches",HOF
"If the words whore, hoe, slut, prostitute, ect werent invented, their would be alot more pussy to go round",HOF
"RT @SalomaeSadiqa: It's because you can't bend me, you can't buy me and you can't make me into your nigger! #Farrakhan #TheTime",HOF
"Hahahhahaa RT @PrinceBama: Your boyfriend trash ma, stop tryna convince yourself otherwise in these tweets",HOF
@rachaelkbrown @BillyButlerKC @Oreo unexplainable!,NOT
@Joey_D26 you're such a pussy,HOF
RT @NerdistDotCom: Forget your typical graduation speech. Charlie Day manages to be hilarious AND inspirational in today&#8217;s MIFVOTD: http://&#8230;,NOT
"RT @KySportsRadio: For years two fan bases (UNC and Indiana) have said they do things ""the right way"" while UK and others are rogues. My ho&#8230;",NOT
"RT @sky106radio: For lots of great oldies, check out ""Memories and More"", with Yankee Rose, today from 1:00 PM to 4:00 PM Eastern! http://t&#8230;",NOT
RT @Anastacia_Cole: I like being Asian and all but it's a struggle having squinty eyes in every picture,NOT
@Josh_Ward thuggery? Cheating? Talking trash? Who's doing that besides Jameis? And isn't ND in the middle of cheating issues?,NOT
RT @SenorSteez: This whole week was trash,NOT
"RT @WorldStarFunny: 5000 RTs &amp; I'll grab the mic &amp; yell ""fuck her right in the pussy http://t.co/g3KMMz4jT6",HOF
@JalenDGAF @CourtniClark &#128308;&#9899;&#65039;&#128308;&#9899;&#65039;&#128308;&#9899;&#65039; no pressure hoe,HOF
Yea I see ya hoe,HOF
RT @FreeTopher: Some females make being a hoe look so easy like damn girl dont shit bother yo soul sometimes ?? &#128553;&#128553;&#128553;,HOF
"@dolphrudager Nope, never taken neighbors actual stuff. Just wifi. Acct info in their trash cans at 3am. Super easy.",NOT
"Just killed 3 birds with 1 stone! Thank God I payed attention in my communication classes
#work",NOT
&#9733; BEST ASIAN MASSAGE ON THE park slope --TOP RATED SPA &#9733; 718-622-0221 - 24 http://t.co/dyYvrEJAm3,NOT
"RT @PlMPCESS: In the fashion world ""urban"" definitely means ""stolen from black people"" it's ghetto on us, and urban on them haha http://t.c&#8230;",NOT
Kentucky Fried cater to da white folk. No colored menu,NOT
RT @itskingdee: @1inkkofrosess fuck them hoes! I have bigger problems like do you cook at your house lol,HOF
Mi caldito de pollo estuvo incredible!! Ahora a snuggle con mi snuggie y mi hubby... Queeee riiikkooo...,NOT
"Soon @fuckeveryword will be to ""Fuck Backtrack"" and I can't wait because fuck those faggots.",HOF
"Football the only thing I got! no bae I don't got no hoes, they all come and go!! time to just start focusing on something that's real",HOF
"RT @KayciMalynn: &#8220;@__0utcast___: Kayci and I greet each other by saying ""hey cunt"" like it makes me lol&#8221;

-The only person okay with me cal&#8230;",HOF
@JustWordsx dont favorite me you faggot,HOF
RT @OnionSports: Yankees Unveil Beautiful Derek Jeter Cage In Monument Park http://t.co/vv6urct4jd http://t.co/gWBNHDyhMl,NOT
You like them bitch niggas.,HOF
&#8220;@RawrItsTaraa: Trust these bitches ? Nah&#8221;,HOF
"Now, the Jihadi networks waking up &amp; claiming #Raqqa radio &#8220;confirmed&#8221; two planes shot down &amp; 1 pilot captured. #ISIS #Syria",NOT
@kieffer_jason No that's what u think I just don't like pussy boys who run they mouth but they can't back they words up.,HOF
Get on your mutha fucking shit hoe.,HOF
"@KenSuttling Yankees playing tonight in the Bronx,3rd game of the current series against the diamondbacks",NOT
"RT @JoeBudden: She&#8217;s not a hoe cuz she had sex before bro, lol",HOF
No. A dog like that needs bitches and he ain't ever gonna get bitches with that on him &#128530;&#128548;,HOF
"Are you tired of the ""mock drafts""? Let's just do this: If Clowney is not the 1st pick, who thinks Round 1 becomes ""chaos""? #ShowOfHands",NOT
"RT @AIanHangover: ""what are you 15?""

yeah on a scale of one to ten, bitch",HOF
@aj2amazing Obispo ho. We'll do it big,NOT
RT @juicygenie: Sheryl crow be my mom,NOT
#BestSongToHaveSexTo bitches love sosa #bangbang,HOF
@austin_farrar your a fucking queer faggot bitch,HOF
@GrizzboAdams roid rage much faggot?,HOF
lol they replaced the big yellow chicken with Homer,NOT
@KingCuh @TEE_JONEZ io.. lol osi tangi! Haha a tuku ho tangible Terryn! Atunga ho fie lea lahi mai!,NOT
Im telling you man! RT @KfromtheG: Roethlisberger got his record expunged and became trash.,NOT
@kieffer_jason @sbsylvester then bring your bitch ass to town east bitch,HOF
RT @Buckm00se: abel is a 43 yrs old beaner working @ home depot and he didn't want to hang out with you = major L,NOT
RT @prettykells: &#8220;@100046729: @Leelucas_ @prettykells bitch you didn't feed me. You asked my to buy you a burger &#128514;&#128514;&#128128;&#8221;&#128514;&#128514;&#128514;&#128514;&#128514;&#128514;&#128514; lmfaoooooo no &#8230;,HOF
' Being in love stressful ma niggah .,HOF
RT @SVO__: One who can't keep his bitch RT @StaceyNoDash_ What kind of man can't parallel park?,HOF
"RT @__prvncesssss: ""@lilnas_: Niggas bitches getting exposed&#128514;&#128514;&#128514;&#128553;""&#128555;&#128555;&#128555;&#128555;&#128555;",HOF
@akaREKT @LadyVodkax in with the go to air out with the bad air and where's my next brownie,NOT
RT @LilReese300: @trippygalll @StoneCold__ bum ass bitch u look like a hype Thot ass u a hot ready dirty ho &#128514;,HOF
"@orchetect Are we doing Mad Libs now? Cool. Uh... 
Twinkie 35' long, DJ Pon3 cameo, Magic&#8482;, Crystal Tree. #TNGSeason4Finale",NOT
When did it become cool to ne stupid? This teabagger debate is slim on facts at best.,NOT
I hate that I wake up early the morning after I drink. But the fact that there was a cold yellow gatorade in the fridge gets me so happy,NOT
@DefineMEee lol tell dat white bitch I said hey,HOF
"Charlie Crist has asked to keep polls in Broward open until 9pm, claiming long lines. Media reports say turnout light in Broward.",NOT
RT @BigMac6374: I don't like the weather right now it's scaring me lol why is it yellow?,NOT
RT @whiteboytatted: Shout out to all you girls that wear those holy cross leggings but got a pussy thats full of sin,HOF
Bust in dat bitch face I don't want sons! -- @Icewear_Vezzo,HOF
"RT @AliyahKorea: #Whiteculture thinking weave is ""ratchet"" and ""ghetto"" while ""extensions"" are perfectly fine.",NOT
@ryancruz_ brandy wanna b down ass bitches &#128533;,HOF
&#8220;@CRYaboutitNIGGA: I get paid too chill.&#8221; Share the wealth Lil nicca,NOT
Everyone that says #LetsMakeItAwkward is a queer. #JustMadeItAwkward,HOF
I'd do anything for an Oreo vanilla bean drink from dunkin &amp; a chocolate chip muffin from there too..I'm starving &amp; that sounds so good now.,NOT
"@KenSuttling You remember,it used to be funny coloured paper.",NOT
Knowing what you want doesn't make you a bitch. It makes you a woman who won't settle for anything less than what she deserves.,HOF
"RT @AChosenWord: Of rain showers
&amp; weepy fog
of soft light
&amp; cool touch
of wild wind
that carry music of birds
who cease to soar;
this feel&#8230;",NOT
RT @nebuladallas: i still live with hope that one day a hot rich boy will fall in love with me even though im trash,NOT
I mean I like to get nasty but tooting my ass up in a bitch face ain't in my freaky zone,HOF
"RT @AH_Michael: 12 lava cakes, bitches. #RTExtraLife",HOF
I grew to hate blonde and primary colored weaves but that wouldn't stop me from requesting some good mouthwork.,NOT
That bitch a tha tha,HOF
"@nekolin @DestroTheNoble naaaa, just the faggots! So....I guess you wouldn't be around very long....would ya!",HOF
@obamac0re I don't like it peaceful that's boring I like fighting I come from the ghetto do u remember that it's p impossible for me not to,NOT
@KimberlyyAye speaking of little bitch you didn't even do all your squats you little bitch kept talking to distract everyone else &#128530; &#128587;&#128064;&#128073;&#128590; icu,HOF
"After Kuroda gave it his all putting up career numbers but getting no run support, the Yankees don't deserve to get into the World Series",NOT
@dustincmc @KevinKillsThngs ghetto=black,NOT
RT @magicjuice: #giantduck #pittsburghduck #yellow #livestream #wpxi #nofliter @ Duckburgh http://t.co/AnAX2lzcRi,NOT
RT @CjayyTaughtHer: A boyfriend and girlfriend suppose to laugh at these hoes together. A guy should never have these hoes laughing at his &#8230;,HOF
this show trash RT @IbSkeeAlii: #LongLive RT @ShinyLipz: Queen Latifah show.... &#128564;&#128564;&#128564;&#128564;,NOT
"Like the song French, ""got all the black bitches mad because my main bitch strawberry"" Lololol",HOF
RT @YepillPosts: If I had a dollar for every time I died on flappy bird http://t.co/pj8QSBTe2L,NOT
@BrendaGisselCA I'm not Mexican enough for the real beaners yet too Mexican for the Americanized beaners :(,HOF
&#8220;@BSBHForum: #BeatTheHabs #NYR http://t.co/okvhWHy3Vh&#8221; @CanadiensMTL #pussy,HOF
"RT @TheRealCoolie: How many hoes do I have ?

&#12288; Z
&#12288;&#12288; E
&#12288;&#12288;&#12288; R
&#12288;&#12288;&#12288;&#12288; O
&#12288;&#12288;&#12288;&#12288;&#12288;o
&#12288;&#12288;&#12288;&#12288;&#12288; o
&#12288;&#12288;&#12288;&#12288;&#12288;o
&#12288;&#12288;&#12288;&#12288; &#12290;
&#12288;&#12288;&#12288; &#12290;
&#12288;&#12288;&#12288;.
&#12288;&#12288;&#12288;.",HOF
RT @nicki3pretty: Sooo many classless hoes&#8230;not enough ladies!,HOF
Facebook is for the birds...I'm over it,NOT
RT @ckillaTRIPPY: Im a knock the pussy out like fight night,HOF
&#128175; RT @DammitHamm_: Loyal pussy .,HOF
"Lmao &#171;@MickDaddy_ &#171;@TylerIAm ""I mean damn bitch you was almost ready 20 minutes ago"" http://t.co/DtQGxJKJv7&#187;&#187;",HOF
@Hbt2013Mm I'll ask you same question Do you support border jumpers Do you support illegals,NOT
"""I found a new way to chug you have to open your mouth alot"" #shitallysays",NOT
One mans trash is another mans treasure,NOT
I hate ratchet country hoes I'm ashamed,HOF
RT @MahoganyLOX: vintage mickey &#127800; http://t.co/03otPzXCbI,NOT
RT @radiomaru: nerds are cool because they get really judge-y about other nerds being passionate about things they aren't passionate abo ...,NOT
RT @SneakerPics23: Oreo 6's http://t.co/Jx9DD9oahY,NOT
RT @Kyle_Lippert: If you buy tickets for Transformers 3D they just lock you in an aluminum trash can and toss you from an overpass into rus&#8230;,NOT
Time for bed &#127769;&#9729;&#65039;&#127776;&#9996;&#65039;peace bitches!,HOF
To the senior class: there will be Oreo funfetti bars in the den this morning &#128538;,NOT
RT @NicoRomero23: EDM music is trash af and annoying,NOT
Don't worry about the bitches I use to fuck wit.,HOF
RT @mathewsjw: Muslim Jihadi fighters book tickets on cruise ships to Syria and Iraq&#160; http://t.co/auFmcZ01Y3,NOT
"&#8220;@Jaime_915: @Thompson_Era @HannahAlisee null bruh they both alive thats hans bitch who died&#8221;

Oh well FBD &#128514;",HOF
RT @daniellecarr01: Where all my @Yankees fans?? #ny #yankees #VictoriaSecret #fitness http://t.co/IBNLKWuUNS,NOT
Can someone get me cheese and crackers,NOT
RT @illroots: The radio is trash.,NOT
So some pussy don't cream when they cum?,HOF
@HBergHattie @snkscoyote I wonder if the progs didn't relegate young black men to the ghettos to keep them away from harry reid's friends...,NOT
RT @Humxnerror: we can't be cool if you gonna be a little bitch all the time,HOF
Making up Drake disses&gt;&gt; RT @RepMyCityX: @TyZebruh cant wait to call it trash and tell everyone that B L U will forver be the goat out of LA,NOT
@Mr_Ritchie_J 5 of us decided to drink Everclear and go to a Yankees game.. Only two made it to their seat,NOT
@blowme you mean trash.,NOT
RT @DrummerKid0328: But if I run into that niggah imma let you know &#128165;&#128299;&#128175;,HOF
"&#8220;@YungEthiopian: "" I got a natural mean face"" ""i be havin mean mugs and ion even be knowin"" bitch shut the fuck up&#8221;right",HOF
Graham crackers and hazelnut coffee are my fave &#128152;&#9786;&#65039;,NOT
George Rockwell (2 of 3) Speech at Lynchberg Armo&#8230;: http://t.co/5LFXMdYU2g Proud to say my Uncle Kelly was at this speech in 63.,NOT
"If the only thing she talks about is her eyebrows, she got forest pussy.",HOF
RT @GabrielaAngela4: @JacklynAnnn I'm not even ghetto!!!!,NOT
"RT @KillAllSimps: I had such a classic style of tweeting, trolls, dyke tweets, lists, etc, its crazy how many niggas tweet JUST LIKE ME now&#8230;",HOF
"@MarieJoseGMH @DWB666 @seahopke @zenterrorist86 tegenwoordig weet je ook al niet wat voor vlees je eet,voor je t weet is t zebra of een aap",NOT
"@edwards_cait ghetto, driving a nice car, and not having to pay a lot for rent. I drive a Lexus, and pay little rent. Just saying.",NOT
@nosfiend215 @faggot696969 niggers,HOF
So much for #UCLA being the team to beat they are trash,NOT
RT @radiotour_en: Duchess of Cambridge to present the first yellow jersey http://t.co/8VVNU9DrFM #TDF,NOT
@LuckyL3FT @najmaaa_ali yellow bone be oh so easy wit da name callin b,NOT
"For those wondering why DHS was buying up all the ammo, now you know. Once the Charlie Manson er, @BarackObama race war starts its on #POTUS",NOT
"@paolo Like...Charlie Chan-style? (Never saw that, either.) Hmm...makes me think of the ""Cockneys"" in the Killzone series.",NOT
RT @XIIXX_: Only soo much a bitch can take...,HOF
Im glad I met this chick. Reminds me the trash I left behind,NOT
Even gtta AK sittn at my bitch house,HOF
RT @DragonBallDeez: *Atlanta RT @PacDaGoat: Houston has so many trash drivers,NOT
@TomcatStraight Come over queer,HOF
Hey bitch..Adam showed up..bring more beer.,HOF
@DanWolken It's idiotic opinions like this that make polls less than trash. Polls weren't a problem when people with integrity were voting.,NOT
I hopes dis don't come as a severe shock to use but I'm colored,NOT
Phil Hughes looking like the Phil Hughes of old. 2010. #Yankees #MLB,NOT
"you lil dumb ass bitch, i ain't fuckin wit chu!.. i got a million, trillion things i'd rather fuckin' do.. than to be fuckin witchu.",HOF
RT @TweetLikeAGirI: when other girls wear beanies they look cute &amp; stylish but when i wear them i look like a member of a drug cartel who s&#8230;,NOT
Karma is a bitch,HOF
RT @J_Kwest: Ima buy dat bitch a jump rope bitches live jumpin 2 conclusions,HOF
U want a big titty'd hoe-dyke to wash ya rims lls RT @DickGregory I expect a chick at da bikini car wash to rid my rims of all brake dust!,HOF
"Not ya grandma brownies, wink wink http://t.co/pZPI8RUQ4F",NOT
@AllFucksGiven_ like a hoe gettin dick all day and then tonight she gettin more,HOF
Bruh... @theofficialeg10 soo trash....,NOT
@LexiLuckerSykes some white bitch on Facebook lol,HOF
"You can only say the word negro if it's attached to the word league. Then we're totally cool, guys.",NOT
"RT @Factsionary: Pink ""albino"" dolphins are extremely rare but do exist in the wild. http://t.co/gWyLpgC9lP",NOT
"RT @kiaspeaks: Yall stay tracking pussy miles, but refuse to put any effort into controlling your own peen. But okay...I guess. Whatever ke&#8230;",HOF
not in the business of submitting to no bitch bruh bruh.,HOF
RT @LilReese300: I ain't chasin no hoes I got asthma lol...#300,HOF
What's that makeup called on your cheeks? I call it bitch spots lmao,HOF
Scott brooks finds new ways to flip me the bird each game. I know it's the right move but #Idontcare #KDStreak #imsad,NOT
#HappyColumbusDay .....hate to sound all #PETA callous and all........but #buffalo had it a LOT WORSE than the #injuns..........,NOT
auto tranny,NOT
@_TriggaPlease_ nigger hello?,HOF
RT @WorldStarFunny: when ling ling talkin shit &amp; u finally understand her https://t.co/2KlOnqhsi9,HOF
"@spence1reed_ bro , i heard slaughter songs .. they all trash .. they just freestylers",NOT
@CHILDISHCUDl @CheefPolo bitch mind your business,HOF
RT @SOMEXlCAN: Who needs Twinkies? When you got Gansitos?,NOT
"Notice I didn't tweet ""bytches"".... Bytch is different from bitch.... My logic... And it WERKS...",HOF
"I love how we can marry and still be the same queer, messy, funny, fabulous, dramatic community we've always been. Why I love us.",NOT
@charlierose @jdickerson racist @NorahODonnell Texas trash GWBush came to WH numb remember he and Republicans stole the election,NOT
RT @BeyonceLand: Bey lost her ring at the Met Gala. Jay found it &amp; instead of just giving it back he gave it to her as a mock proposal http&#8230;,NOT
Can't beat a score of 12 on flappy bird #givingup,NOT
"@On_Point_Prg @WendyDavisTexas @GregAbbott_TX boy talk about a,special kind of stupid far left is a under statement down retarded",HOF
I fucked the shit out yo bitch yesterday til she couldn't stand straight she called me earlier asking could she come and get a replay,HOF
@SimonCowell what a little bitch,HOF
I could blank all you son's of bitches out #getatme #goofy #fuckmongo #naynayismongo,HOF
&#8220;@BetterAreTulips: girls are fucking retarded my back started cramping up man&#8221; it's the double d's,HOF
"RT @Yennno_Nay: "" these hoes ain't loyal "" 

duhh BITCH she a HOE !!!!!!",HOF
My True life episode comes on later on tonight at 8pm central time. True Life: I wanna be a tranny.,HOF
@jacksparenohoe let's hang out nigger,HOF
@youngscooter ghetto gold needa be the first music vid!,NOT
RT @camilleftansel: i've read the hunger games 12 times i am trash,NOT
"Why does MSNBC have a ""news"" show that is 100% opinion &amp; right wing talking points? Joe the nation is with PBO not u teabaggers #morningjoe",NOT
Do as I say soo &#128545;&#128074; R muthaafuckin J hoe &#128514;&#128514;,HOF
Let those bitches keep loving sosa,HOF
@mandaxll2963 yellow is even better,NOT
RT @Lmao: When you eat food that's too hot and start breathing like a retarded dragon.,NOT
Steve McNair got murdered by his side bitch man life is crazy,HOF
That long hair doesn't cover up your redneck,NOT
They got the redskins faking injuries,NOT
RT @AmPowerBlog: @velvethammer Parent in Phoenix Says Administrators Made Her Son Wear Pink Fairy Wings on First Day of High School http://&#8230;,NOT
"RT @LynchieWCVB: Big night at WCVB. Martha Coakley-Charlie Baker debate here at 7, Bruins-Minnesota WIld, World Series Game #6.",NOT
"@DinoLich Don't yell at me, I love both of the evolutionary lines. @ClaudiaVice despises the trash buddies.",NOT
"Bjergsen just made a full AS rune page. I don't just me full AS reds and Quints I mean AS reds, blues, yellows, and Quints. 47% AS",NOT
"RT @DFkinLopes: Bruh every time a famous celebrity tweet something, the 1st person to comment is some hoe talkin bout ""slap ya dick on me d&#8230;",HOF
"Okay, so maybe not every in #LosAngeles is evil. But I would 80% of the people I've encountered have been trash, another 10% barely human.",NOT
My mom is a cunt,HOF
@CBSThisMorning @charlierose @NorahODonnell tx trash your show was a disgrace this AM engaging w @MittRomney disrespecting the President,NOT
"@desamador you gotta be like me n the twins, just chug it all before everyone",NOT
RT @BroCulture: Dive in the pussy like http://t.co/0YboIklkbt,HOF
This is better than flappy bird.&#128525;&#128525; #FallOutBird http://t.co/CHVzWTvltG,NOT
The Saints are pure trash lol smh,NOT
&#128514;&#128514;&#128514;&#128514; I hate you! RT @YumiYoko: Cyrus ho is a rookie slut. getting the cash after the date? nope nope nope.,HOF
Always thought golden Oreos were the same as original Oreos but oh my god I just climaxed,NOT
&#8220;@OGBEARD: Some of y'all bios are trash.&#8221; Mine pretty good,NOT
"RT @rockiefresh: If ya chick always getting into it wit other bitches u gotta tell her that shit ain&#8217;t fly, and it&#8217;s costly",HOF
So yall hoes still surfboard'n in the tub or nah?,HOF
"RT @DarrionDaDon_: Kobe: ""That's why yo man want me hoe"" 
guy holding his face: ""Omgod kobeshia shut up"" &#128514;&#128514;&#128514;http://t.co/2BfbfBVlVA",HOF
That'd been a ghetto little meal,NOT
@_Angeel14 thirsty ass hoe go to sleep &#128514;&#128514;,HOF
"RT @MensHumor: Kim Kardashian had a baby...in more important news, I took out the trash last night.",NOT
@Gutierrez_Alf legit retard,HOF
@AdamBaldwin @ChicoDelainky clams to be a comedy writer. #untrue,NOT
RT @_SadisticBitch: I'll never understand how people can fake an entire relationship? I can't even fake a 'hello' to a bitch that I fucking&#8230;,HOF
@ImHis_Treasure when bitches get inches they be like.,HOF
damn lol RT @GlobalGrindNews: Janay Rice speaks on the domestic violence costume that mocks her marriage http://t.co/n6ucidNUuU,NOT
@prtini Yes. And the @Yankees. And stalking weird people. SO MANY THINGS. #pr20chat,NOT
"Dude was talmbout ""I don't know why everyone hates Nickelback!"" Because they're trash, that's why.",NOT
"NBA, handle your zebras.",NOT
@FlightYung that's what I call a crash dummy hoe,HOF
RT @drunktweets81: You sure do have a pretty face for a cripple,NOT
"""you're being a cunt right now"" -@RQ978",HOF
Even the young kardashians are hoes lol,HOF
RT @IamEvilTebow: Any man who orders a 6 inch sandwich at Subway is a pussy bitch. #Fact,HOF
"#Yankees Primo! Just got home and the Tanks are on MLB. Finally! And they are winning! Even better. Time to get serious, Sept call up time",NOT
Hey @Yankees fans is this a good score ? #lookingformore http://t.co/HLQAl7cIGf,NOT
@thejokerxo porn stars are 100% acceptable bro. Im was talking about these air mattress hoes....lol,HOF
"RT @FunnyOrTips: ugly people: taken &#128143; 

nerds: taken &#128143; 

hoes: taken &#128143; 

everybody: taken &#128143; 

me: &#128694;",HOF
what a little bitch lol,HOF
"bitch get out cha, bitch get out cha, bitch get out cha feelings.&#128079;&#127926; RT @bitemy_jordans: In my feelings... wtf",HOF
Seeing another baseball team just makes me wanna book my @Yankees trip right now.,NOT
"Un pollito cruzaba la frontera, un zorro se tropieza con el pollo, el zorro le dice, im sorry el pollo le dice im... http://t.co/oXcOYauJi1",NOT
"Jihadi pop music debates: &#8220;yo, bro, did you hear the latest Abu Yasser hit?&#8221;, &#8220;No bro, I&#8217;m totally an Abu Hajar fan&#8221; #UnderGroundCulture",NOT
RT @SteveStfler: Rise of the planet of the apes http://t.co/10yadnRfKS,NOT
RT @_iChrisP: &#8220;@Shane_A1: swear me n zee da only niccas who aint got da update yet&#8221;&lt;I'm right there wit cha bruh,HOF
@KoiyaThePerv exactly so tweet some other shit fuck all that don't be like everybody this ain't monkey see monkey do koiya,HOF
RT @FoodPornsx: Oreo ice cream. ~ http://t.co/thrkAobdVj,NOT
I could go for a brownie right now,NOT
"RT @decider: #2 on the field, #1 in our hearts! What if @Yankees star Derek Jeter starred in ""Back to School?"" http://t.co/nSZ6xGjkLV #yank&#8230;",NOT
@Tanner_Harris_ I've been knowing fag,HOF
Bored then a hoe in the auditorium &#128557;&#128299; hmu! http://t.co/V8tgqHEAg8,HOF
RT @BeardedNixon: Poont gotta be trash,NOT
RT @CuhCuhCuh: idk why skinny bitches think they got ass cuh,HOF
it's a brand new day and the birds they chirpin,NOT
"RT @Allan_Son: I got gatorades, Twinkies, rice puddings, Pringles, and cookies &#128525;&#128555;",NOT
"RT @MizzCreme: Her being albino isn't the problem. Its that gut, that hair, and that fish net she decided to wear. Sooo many things wrong w&#8230;",NOT
That Larry the cucumber tweet is funny af.. But it's a bit much to RT you young bitches might cry&#128514;&#128514;&#128514;,HOF
RT @Smiilze: I'm finally finished work. I'm going to have to chug this bottle of wine to catch up to you guys. Challenge accepted.,NOT
Drunk inlove with my gun bae bitch Beyonc&#233; &#128520;,HOF
"RT @CoIlegefessions: ""My roommate is having sex and I'm eating Oreos. It's gonna be a great year!"" - Kutztown University",NOT
RT @DuncanIdunno: Smash into windshields? RT @coorslightca: The birds do it. The bees do it. Coors Light drinkers do it. You know what we'r&#8230;,NOT
Just got done taking some photos with brownie #flowcity,NOT
"RT @_LexC__: I'm convinced that some of y'all bitches get pregnant purposely because ""birth control &amp; plan b pills"" are effective &#128533;&#128056;&#9749;&#65039;",HOF
"Don't fw sloppy hoes, You might catch somethin..",HOF
I just touched down on that pussy,HOF
RT @OGTREEZ: Lol niggas only act nice when they think pussy is the reward. https://t.co/tH6QOq4Nep,HOF
RT @maycie32: @Whitecholo23 np big nig nig,NOT
"RT @vodkapapixo: ""@Weed_Cloudz: ""6 God"" by Drake is trash"" thank you",HOF
"@SuSuSudafed
I eat dat chicken out your love box baby. Lovin a white woman while eatin chicken. A colored mans dream",NOT
"RT @SheDreamsTheD: Don't ever be ashamed of who you are, unless you a hoe.",HOF
Chance is trash,NOT
bitches love Sosa so I guess I'll wear Sammy Sosa &#128527;&#128514;,HOF
RT @itscoleharmon_: 11:11. I wish you would stop being a hoe.,HOF
Bitch bitch bitch,HOF
"RT @UberFacts: Mila Kunis has heterochromia iridum which gives her two different colored eyes. One eye is green, the other is brown.",NOT
"@Swagner_813 come see me. anyone named ""swagner"" is obviously a pussy",HOF
Boston's Jihadi Nest and Student Arm of the Muslim Brotherhood &#187; Joe For America http://t.co/4IfJwoeSDR via @RealJTP,NOT
"RT @Lonely_Dad: and if you ain't a ho, get up out my trap house",HOF
RT @dilemma617: Your iPad raised your kid to be a giant pussy. Good job.,HOF
RT @jfkirtley: Reds haven't lost a series at Yankee Stadium since 1961 World Series #76 #08 #12,NOT
"RT @HornyFacts: a girl tweeted ""you might be ghetto if u bring food from outside into the movies""

no u might be stupid if u pay 4.99 for a&#8230;",NOT
@elise_palmer sounds like gypos to me - they used to do this all the time where I lived,NOT
lil stupid ass bitch,HOF
@DJ_Workmann @BigMoneyNiquee mane y'all niccas crazy af wiz old shit got niccas bitin his style n errthan,HOF
I'm thankful for dem big booty hoes doe #realtalk,HOF
"Please stop scoring, otherwise you won't have any runs for tomorrow against Romero #Yankees #BlueJays #MLB",NOT
@iSkypeYourMomz @TrapGod3sss And I really be thuggin wtf I look like hanging around some lil chipotle Jamba Juice ass bitches&#8221; like &#128686;&#128686; &#128557;&#128514;&#128557;&#128514;,HOF
"RT @collegefession: ""All you need in life is bottles, bitches, and life lessons."" - Sam Houston State",HOF
RT @AmazingTiming: Bad monkey! #AmazingTiming http://t.co/UD5XkiaNVt,NOT
All you ladies pop your pussy like this,HOF
Dad called me a border hopper,NOT
One of the great treasures of living in San Diego is ready access to Mexican Twinkies made with real sugar and Mexican Coca Cola.,NOT
RT @WheelTod: If life hands you a hot potato try throwing it at two birds.,NOT
@aaliyahhhm I knowww righttt. I don't even know how to use this shit. How I update my status on this hoe?,HOF
"RT @1goodlookingman: Bees won, Mets won, and the Yankees lost. It's a good day in baseball.",NOT
Jones and Iba&#241;ez are out of gas after giving it their all earlier in the first half. The call-ups should get more playing time #Yankees #MLB,NOT
RT @wtfdawkins: Let's go Yankees,NOT
The right for an English person to go about his business is more important than any suspicion of some rouge wog cop.,NOT
@uhhdrugs bitch. Again?,HOF
@mallenokc @royceyoung extra yellow.,NOT
"@KellenDaniel along with the French blue and Buggs bunny VIIs, and the Oreo IVs. @LaJethroJenkins",NOT
RT @Airrogance: bitch i'm legal so i'm ridin round like rambo !,HOF
Tyga and Drake two light skin bitches but if had to choose in a fight I would go with the guy from Compton over the one from Toronto,HOF
RT @WhoApollo: WCW goes out to all the women with their shit together because these pretty bitches get way too much credit for being cute w&#8230;,HOF
CAIR Publishes a Hit List for Jihadis http://t.co/hvVfXypmHm via @RealJTP If you are a red blooded #American you may be on the list..,NOT
At all my ritz crackers. Idk what to do with myself anymore.,NOT
"I'm going to dress up as trash for Halloween. Oh wait, I look like that everyday.",NOT
@Dedicated_03 that ugly ass picture and thanks bitch,HOF
"RT @RayHudson: Art thou the bird whom Man loves bestThe pious bird with t/ scarlet breast, Our Robin;that leaves these summer winds sobbing&#8230;",NOT
"Laughing at my deck that they gave me, yellow and jesus stencils all over it",NOT
RT @Arie_0723: Don't be a bitch to someone who can out bitch you.,HOF
Paula Patton pussy got a nigga on stage on his knees talmbout he gotta get her back tonight,HOF
@DgkAdriann shes a bad bitch,HOF
"Man these bitches are so boring yo. Where the outgoing, fun, wild bitches at",HOF
&#8220;@ShesSoBlessed_: Oreos And Milk &#128523;&#8221;,NOT
&#9733; BEST ASIAN MASSAGE ON THE park slope --TOP RATED SPA &#9733; 718-622-0221 - 24 http://t.co/TQS3wPA6O7,NOT
RT @BigDaddyCooter: @vngelinaa_ yeah fuck lunch I'll just eat pussy under the staircase by the foriegn language hallway,HOF
@Brenddan_ they said some bullshit. Damn niggers,HOF
If y'all preppy bitches ever arguing like this at a party and don't do nothing y'all getting hit with a bottle fr,HOF
Like real shit dude da closest nicca I done seen to AI,HOF
@Herfarm @SteveWorks4You @TheDemocrats your low info redneck dumbasses vote for these corporate shills that idiots like you believe #dummies,HOF
Leave it 2 #teabaggers 2 whine about infrastructure when they r the ones who won't pay for it. Waiting on god to fix it? #morningjoe,NOT
RT @itsdavedude: cant just tell me anything bitch im one click away from google at all times,HOF
RT @WORIDSTARHlPHOP: When a bad bitch asks you to come over http://t.co/f6eXLRZ8Vd,HOF
Follow my nigga cg_bugatti Niggaz hated nd flagged his possibly Fucked ya bitch that's why y'all&#8230; http://t.co/FRf23wlLbv,HOF
jm sorry to hear this RT @FreeYBB: I'm going to chipotle for the first time. It better not be trash.,NOT
Photo check for background spooks. http://t.co/Hx1wghJAzy,NOT
@jeffjam @toddgunter @cgoodwoman They do. Why else do teachers constantly bitch about pay?,HOF
A .4? Jesus take me now RT @_RichHomieJuan_: @ayylmaoanod bitch you go for a .4 and mc Donald's. Fuck out the spot,HOF
Hate on what bitch http://t.co/QzTnw6cdKi,HOF
"@CarlavanderWaal @Jaymaroley &amp; als je over Syrie tweet, volg @Partisangirl maar, zij komt er vandaan &amp; zal je precies uitleggen hoe of wat.",NOT
wondertrade is the best pokemon feature ever. i just got a level 27 japanese wobbuffet for a level 4 beginning area trash pokemon,NOT
"See me ride out of that sunset, on your, colored TV screen #TNT #ACDC",NOT
RT @shantelb_: &#8220;@WeAre_XCI: I know bitches who sell pussy for 3.5's&#8221; &#128514;&#128514;&#128514;,HOF
@ThatGuyNorman @migue_pantoja trash,NOT
FF has been consistently one of Marvel's worst properties. Ultimate FF was good; but the entire Ultimate universe is now in the trash.,NOT
"Jenna came for one pair of shoes. Took two pair &amp; four shirts. ""In case."" Her retarded ass is going to work. Lol",HOF
Two horny guys play with a sexy AV models trimmed pussy before they fuck&#160;her http://t.co/Y3sYBsVpV4,HOF
RT @allzmicelz: how she gets all the bitches http://t.co/DWkd2DjOrV,HOF
"trust me, just set the alpha to 0. it's just as good (maybe better) than setting the visibility to false. now: fly on silver bird!",NOT
Use to trap them birds now I'm fly like a birdddd,NOT
"RT @teapot: Stuff broke loose, must not panic and share GIF instead http://t.co/JL4GuIeJ84",NOT
"RT @yayabad1_SODMG: ""@_100d: Smoke wit a bitch in nap and let her play music I bet 100 she turn on boosie or some slow shit &#128530;"" real shit",HOF
"RT ""@TIMAtheRACER: Wow do we have another faggot? &#8220;@ShinobiCelsius: TIMAtheRACER wow do we have another Cam hater? lol&#8221;""&gt;&gt; dat dude is nice",HOF
RT @Juicccyray: &#8220;@1stBlocJeremiah: Broke hoes always wanna argue u ain't ate all day were u get that energy from &#128514;&#128514;&#8221;RT&#128514;&#128553;&#128175;,HOF
&#8220;@MannyBDlopez: When you open your starburst candy and get 2 yellows http://t.co/F0dDbfEzB6&#8221; lmao bruh,NOT
"RT @EchelonInsights: Rick Scott beating win number in 30 counties, Charlie Crist in 13. #FLGOV",NOT
@wild_luke_wild_ yeah wtf you aren't a pussy.,HOF
"RT @luke_brooks: There was a fly that was banging into all the windows and I called it retarded but then I thought to myself ""umm I'm talki&#8230;",NOT
Looking forward to #NCAA and #NBA basketball &#127936; in the states soon #iubb #hoosiers #pacers #PacerNation and of course breadsticks.,NOT
RT @OSAY_it_aint_so: &#8220;@fvxkgvld: when a ghetto girl tries to read in class pt1 https://t.co/uW7aBqBToC&#8221; LMAOOO,NOT
@tupacselenas hey bitch imy,HOF
@yobritttany wagon burner! Jk jk you did look pretty Latino here,NOT
RT @DCPlod: The paranoid fear of sharia on the right boils down to: Christian fundamentalists should be the sole oppressors and persecu ...,NOT
fucking queer,HOF
I just want to punch you in the throat when you get my order wrong stupid bitch at sonic,HOF
"RT @ceut: BushCo used to publicly trash ex-officials who wrote books - Snow, O'Neill, etc. Bet we won't hear PBO trashing Gates... #morning&#8230;",NOT
RT @bigdawgsergio: Run up on a nigga get to squeezing hoe hahaa,HOF
Niggas is hoes #OnHere and in real life too....,HOF
@Mathanugg You mean the one I colored with crayons isn't copacetic?,NOT
Wet bitches http://t.co/fm7UDyku,HOF
RT @chughes717: @TyZebruh trash cans are always demanding new music from the gawd Tyga,NOT
"Whoo? A new attraction in Virginia City, birds of prey. Meet this owl famous for his role in Harry Potter. http://t.co/1NFSh5sCcR",NOT
"RT @JakeEye3: after 4 hours and almost 8 pages i want to slit my wrists, but i guess ill just settle for sleep",NOT
@elliottgianaris gook,NOT
RT @Broski5519: Sum of u bitches too old for braces....,HOF
You fags hyped that shit up so much and I listen to it... Everything is GARBAGE,HOF
"Remember when black girls out numbers in front of shit. ""I'm 9 hungry"" ""You 7 stupid hoe""",HOF
@RoyallyKate So says the one who fills an empty hole inside herself by worshiping a royal. Who 4 all u kno may be a raging snotty bitch,HOF
RT @MyDadAtTheStore: If my son ever turn out gay ima have to get his mom and let this nigga know what a pussy feel like,HOF
@Ncoleycole u still a mutt tho lol,NOT
"@ryanhoover like we all never gave the camera ""the bird"".",NOT
#JesusChrist was STRAIGHT&gt; That's why the #faggots killed him. #PERIOD #SonOfGod&gt;,HOF
@vanessa32m honestly the performers on there red carpet were trash hahahaahahahaha,NOT
They say one man's trash is the next man's treasure. Where one finds pain the next might find pleasure.,NOT
"@marcostc__ niggas be pressed 4 pussy
it ain't nuthin
instead of worrying who dat bitch fucking 
why don't u get chu sum money",HOF
@Yankees Only good thing about this season. #FireCashman .,NOT
Madea and this old hillbilly are hilarious together.,NOT
This work shit for the birds....ion think it take 8 hours to do nothing....,HOF
The way I see it.... you bitches are fake by affiliation ..!,HOF
"RT @BlackJeezuss: ""i want a black guy thats 6'9, wears jordans and has tattoos""... bitch thats a created player on 2K",HOF
god i cant fucking stand waiters who bitch about people not tipping. GET A REAL FUCKING JOB,HOF
&#128530; my nerves are being worked cos of my monkey &#128529;&#128545;,NOT
"RT @longbongchris: fuck a closed casket 
bitch put me with the trees
let me rot
throw some seeds
water me and give me leaves",HOF
Ain't shit pretty but my bitch and my momma anyone can get the drama,HOF
*after BO1 RT @TheGodWriter_: @iDocLyfe Bruh lol I retired after mw2 because everything was trash afterwards.,NOT
RT @lexipost30: love birds.,NOT
"mashed potatoes , string beans , yellow rice , and chicken &#128523;",NOT
RT @_OgElizabeth: On god yall hoes better get off my twitter,HOF
"Seriously, reading 'thriller' like books spook me more than most horror movies. 
#bookgeek",NOT
"@_Linsanity22 derrrrrrr, 1st of all her songs are actually good compared to the other trash, +++ shes SUCH a showman omg",NOT
RT @Comp10Tx: Lowkey called that faggot a faggot.,HOF
"@TechN9ne why did they add your name all ghetto like that? Looks like they used label maker, lol!",NOT
Baseball......... w/ @voxpulchra for her birthday for some reason? Lol (@ Yankee Stadium) on #Yelp http://t.co/9hIFDcZWQY,NOT
Slim Hines lil bruda ainn bout it bitch how yu figure,HOF
Don't fuck with girls that wear beanies,HOF
"This being too sick to function is for the birds ! I was starting to feel slightly better earlier,now I feel like death again!",NOT
"""@Tmacc_GFG: BOBBY BITCH-by @BobbyShmurdaGS9 be getting me live as fuck"" hell yea i play that hoe before my workout",HOF
Well Jenna's getting a yellow lab so I know where ill be whenever I'm home,NOT
"Sitting on the deck, enjoying a #StoneIPA, watching/smelling the neighbors burn trash. #Missouri http://t.co/VlnhyAhaEW",NOT
RT @tylerfucks: recent studies have shown that ur a lil bitch,HOF
RT @zLuketheDuke: @TonyJRodriguez just a bunch of rednecks hammered for three straight days,HOF
I traveled back in time to Middle-earth and crept up on my enemy. I slit the hobbit's throat and by reflex vomited into my trembling hand.,NOT
"@neemjemoeder @SvensTweet @Harry_Dillema @wltrrr steek d morele vinger maar in j neus, zelfde soort types bij NATO stenigt vrouwen by bosjes",NOT
Your bitch playing games? I may be the joystick,HOF
Jihadi John beheader of journalist Foley and Sotloff Was 'Arab Charity Collector' http://t.co/RL7F2qV56F via @BreitbartNews,NOT
@elchavaloko Toma ESO negros @panama,NOT
RT @bakedbeansbro: Throw me in trash http://t.co/GvGMJJ6vYi,NOT
"RT @killaaakam_: Who's gassin these hoes, BP? &#128564;",HOF
&#8220;@nerfgunirwin: &#8220;@1DAlerts: Just saw Ashton. Hardly anyone cared. Waiting for Harry &#128540;&#8221; wtf&#8221; bitch I'd be all up in Ashton's grill you feel?,HOF
...and I'm goin back to school.. only for the hoes and a class or two,HOF
"@hardball @now @hardball_chris now jimmy want to talk trash would've ,should've, could've now, Chris stop talking and spitting!!!!!!!!!!!!!!",NOT
&#9733;@&#9733;@&#9733;@&#9733;@&#9733; GRAND OPENING ! &#9733;@&#9733;@&#9733;@&#9733;@&#9733; TOP CLASS &#9733; Oriental Massage &#9733; PERFECT !&#9733;/ http://t.co/dMXPLroaJ2,NOT
loves how Day Timers always come with coloured maps and distance charts. It makes me feel far more important then I actually am.,NOT
"Thinking about the ""boom boom boom waaay ho"" video makes me laugh at least once a day.",NOT
"@MAGNEDETH But seriously, it's the only reason I use a Mega whatsoever. Pure favoritism. Also those sweet fuzzy wings.",NOT
@Willstreakk @Tycff10111 by trash I meant u lmaooo,NOT
@ScoutingForFifa @TheBurntChip @JoelBurtFifa @JPizzleFIFA EYE WITNESS: Joel is a faggot,HOF
"Half these females with these twitter names like ""eat my pussy"" ain't even about that life bro..",HOF
"The Walking Dead is trash people...

That is all. &#128514;",NOT
I hate bitches. Thirsty ass bitches,HOF
I got more private tracks than public on my soundcloud. I needa finish these joints so i can sick em on yall hoes,HOF
@englandlauren @iain4harrison @oliviaboncic sprite* hoe,HOF
@haylebopp Diaval gets a pass by virtue of mostly being a bird.,NOT
Ask tht bitch when she gon let a yung nigga blast tht ass,HOF
I wish my brother would stop bringing dirty bitches in my house,HOF
@SamFeistCNN @CNNPolitics your opinion plz. When election over will there be any improvement or will BO still be allowed to trash America?,NOT
"My ""sister"" use to walk the blade EVERYNIGHT so the way I see it that bitch don't have NO PLACE to try &amp; tell me wtf I should &amp; shouldnt do",HOF
@selina_dabbagh the song? About pollo hermanos and Heisenberg?,NOT
@strawberrycoca ling ling krunkchip,NOT
Play some ' fuck bitches get money ' music,HOF
@Zohdaa fags,HOF
I've pretty much eaten an entire box of my nephew's cheese nips. I only feel bad a little.,NOT
So many bitches in one sentence #fixitjesus,HOF
Mitt Romney hates big bird. Fascist.,NOT
Serious question here; How many country songs mention honkey tonk(s)?,NOT
"She&#8217;s The key to world peace. RT @RepMyCityX: Hippo is such a pussy magnet
Gawd",HOF
"'Eff it, let's go after the cripple&#8217;: You have to see Wendy Davis' new attack ad [video] http://t.co/WapBCHhuru",NOT
It opened up with some clouds parting and with SILK-----&gt;Can we get a room on the southside of the ghetto!,HOF
RT @KoolQueef: I color my entire arm black with a sharpie and fist my wife's asshole just so she knows what a nigger dick feels like.,HOF
(con't) Also provide colored stickers to place on the nametags so that members can indicate their preferred pronouns.,NOT
I wasn't born last night I know these hoes ain't right,HOF
@Pinche_Escobar too make up for your yellow chompers? #candyass,NOT
If my bitch wear a bacon bra....im taking that ass to funky town,HOF
"RT @_Foreverfamous_: ""@vintage_monroe_: &#8220;@VineForTheByrd: Girlfriends Be Like....&#128514;&#128557;&#128588;&#128175; https://t.co/QM5XDxNQyN&#8221;bitch we don't want him""&#128514;&#128514;&#128557;&#128557;&#128128;&#128128;",HOF
RT @corey_emanuel: &#128557;&#128557;&#128557;&#128557; RT @ivyleague1908: SHAT!!!!!! RT @DirtRoadDon: When Deltas smell they own pussy http://t.co/3LojKQM8ZG,HOF
Id rather be your niggah,HOF
@Stephicans mhmm tweet bird &#128037;,NOT
Designer belt with a trash fit is still trash..,NOT
First key club trash pick up with the freshman! #tbt http://t.co/rpLXlaylOJ,NOT
"My son is 9 and still has issues tying his shoes because he's barefoot all the time, in case you wanted to know my hillbilly status.",NOT
@samzbikowski chug ranch,NOT
"RT @erdikken: Where are They Now Fads 
Doc Martens -enjoying anal sex 
Girbaud -Posers, wiggers, fake bangers. Now accountants
Jncos -Domin&#8230;",HOF
&#128553;&#128553;&#128514;&#128557;&#128557; RT @Eb_Reloaded: @11wdNICK @KingHov1313 swear to God bitch I'm bouta delete my twitter account http://t.co/YPi52s4dtC,HOF
"""They have to. That division is trash @NoMeek_JustMilz: Saints gon win the NFC South...watch""",NOT
RT @missmollylo: Charlie wears women's clothing,NOT
Controlled the aux cord the whole two and a half hour drive home and didn't repeat a single song. Bet your boyfriend couldn't do that bitch,HOF
Yankee homeruns make me all tingly.,NOT
"RT @MoDroJoJo: ""@basedamERICan: ""Ayo take this pic for me fam""

""You think the bitches gon fuck with this pic?"" http://t.co/dTtZPLIpkm"" LMA&#8230;",HOF
@Yaremisxo whatever Neymar trash,NOT
@bitchkrieg HBIC....... Head bitch in charge. Lol,HOF
pussy so good got me running through the hood,HOF
@peteyhoti @aubreykelson 'ell naw dogs run this bitch,HOF
but at the same time she hates me so I don't wanna trust her bitch ass,HOF
@SammyLightning_ Tim's a pussy,HOF
"@lauramartyy ""wait n as in nick or m as in mick?"" &#128514;&#128514;",NOT
@OlTimeBaseball @Yankees @PaulONeillYES that matters ?,NOT
"@StarkFreeOrDie ...I fuckin' want OUT&gt; I'm tired of this bullshit faggot ass, closet racist, wannabe-commune-without-railroad state&gt; #Cali",HOF
"""How you doing, crazy bitch?"" is hilarious!",HOF
RT @Women_Fit: Use what talent you possess: the woods would be very silent if no birds sang except those that sang best.,NOT
Let the jig commence http://t.co/pqvJiEvqZa,NOT
GOAT RT @DBlockDeuce_215 Nitty had bitches rubbin his beard and stomach at the same time in Jollies.. LEGENDARY,HOF
@kayliefarmer hey now there's no need for foul language you kike,NOT
RT @TomArnold: Boy went trick or treating at Charlie Sheen's. Dada not jealous cause all Charlie gave out was really good candy and by cand&#8230;,NOT
Aint This A Bitch... I just saw my bitch kiss a bitch . You lucky I dont kill yo ass but you can still get pistol whipped - wayne,HOF
"Yesterday, I saw a red hair do, with streaks of orange and yellow in it. Combed up like Woody Wood Pecker. And... http://t.co/o3hiKa2Fin",NOT
"Everybody loves pot brownies, but I bring crystal meth cupcakes to a party, Suddenly I'm the weirdo",NOT
if u don't buy the box of colored goldfish you r a racist tbh,NOT
pregnant at the same time and bitches think that's cute,HOF
@Titan21Mtzzz you is a hoe,HOF
Nature's majesty is beautiful! *melts butter* RT @AP: PHOTO: Rare blue-colored red king crab caught in Alaska waters: http://t.co/Ia5kFoU2B3,NOT
is she choking it!! &#128563;&#128563;&#128584;&#128584;&#128553;&#128553;&#8220;@AwwAdorabIe: I want a pet monkey &#128553;&#128525; http://t.co/w7Yr5xKLSC&#8221;,NOT
we all went through so much shit together . I miss them bitches,HOF
@JuanDaMeskin you wouldn't last a day there hoe.,HOF
"""Bae"" sounds like such a ghetto word. Use something else",NOT
"Whipped cream &#9829;,&#9829; #endlesslove",NOT
Open up her legs and filet mignon that pussy,HOF
The Yankees still suck! @nikaaaa3,NOT
I like taking niggas hoes but I stop doing that &#9995;,HOF
@Bywatergal @Yankees @EmpireStateBldg That game winning hit in Thursday capped a great career. The guy is a 1st ballot HOF. Or else.,NOT
@reptar_ray nigglet send me the pictures,HOF
The pro-ISIS Jihadi prayer from Hajj making the rounds now. http://t.co/5ee3eDXuOa,NOT
@SteveWorks4You @teaparty ...anti American Republicans and teabaggers stop forcing ur religion on the rest of us. Stockman u dont pray.liar,NOT
@TibaBurger: Straight off the bench #ned #WorldCup2014,NOT
.@CoryBooker is running around town delivering food to people. If he takes out the trash too he is the perfect boyfriend.,NOT
"All these afternoon groups are trash besides the Bubba, Keegs and Furyk group #TheMemorialTournament",NOT
That ass got a niggah hypnotized,HOF
RT @toddknife: Full @weakenednachos set (except the last song) from Southern Darkness Fest last month. Who's the ape on guitar? https://t.c&#8230;,NOT
"RT @MTVUK: #Directioners, 1D's @zaynmalik &amp; @Louis_Tomlinson monkey around on set of #StealMyGirl video: http://t.co/sOEbNlR8Re http://t.co&#8230;",NOT
Stupid bitches&#9995;&#128529; &lt;&lt;&lt; FUCK . &#128530;,HOF
Sewing is also a requirement to be an #ISIS Jihadi girl - keep the men's clothes presentable #ISISFeminism http://t.co/sN5KUwMX78,NOT
I thought I love this bitch to the core,HOF
RT @BurgerKing: Chicken Fries. @Oreo Shake. Perfection. http://t.co/PdiGLRbhJZ,NOT
RT @thereal_EMandM: Yankee Doodle had a farm. Cotton farm,NOT
"LOL at the Benghazi ""hearings"" that proved nothing other than Republicans only care about taking down PBO. #foxnews #teabaggers",NOT
RT @DrugsForSteph: A loyal girl really truly does come with a smart mouth and arguments. Only a hoe will let you do as you please cause she&#8230;,HOF
DRUGS&gt; Is why #Giants are losing. Just ask #barrybonds and the HEDGE BET FUND&gt; #WorldSeriesGame6 #faggots,NOT
&#8220;@RudeNation21: When girls take my snap backs and beanies lol&#128169; that's 35 dollars a hat and 40 for the AX beanieS &#128530;&#8221;I don't let them take it,NOT
Khloee's new backpack that we colored last night! &#127912; http://t.co/tYndjCsq,NOT
"I don't care how hot a bitch is, if her personality is shit, shes shit.",HOF
"If the Yankees can't beat the Red Sox, they don't even deserve to be in the playoffs #yankees #redsox #mlb",NOT
"Twitter game is on point tonight btw guys, if you haven't caught on you're full retard.",HOF
@hxhsharingan666 did you make an animal cracker taco,NOT
Fucking hate ghetto girls bruh,HOF
RT @SaucyJames: Go dumb bitch do your dumb dance,HOF
Great lead battle and then Ricky hits Danica for a yellow. Oh boy. #NASCAR,NOT
"RT @zachthorpe78: where are all the thinkpieces on why kids call themselves ""trash"" and ""garbage"" these days",NOT
Charlie Furbush #WhyDidIGoogle @midnight,NOT
@HonchoPikasoe I'm tryna have this bitch in out soon,HOF
RT @LeanandCuisine: bitch where you see a Katy or perry in that pic RT&#8220;@howlilwayneraps: Katy Perry is so fit &#128525;&#128525; http://t.co/cyclTBkPNO&#8221;,HOF
Man why the ugliest bitches talk the most.,HOF
RT @dan_danovskis: &#8220;@FlappyBprob: If you're playing flappy bird: 1-800-273-8255 National Suicide Prevention Lifeline. RT to save lives&#8221; @r&#8230;,NOT
"RT @HeroineAddict: 15 y/o me totally understood 'Twin Peaks'.

40 y/o me can't seem to follow these 'The Great Outdoors' Goldfish crackers &#8230;",NOT
"RT @10thAmendment: Jihadi Killed #BrendanTevlin In N.J. W/ At Least 2 Others,Part Of Terrorist Ring 10 Yrs Ago http://t.co/qZtXJv9x8J http&#8230;",NOT
'2' good: Jeter hero for Yankees in send-off http://t.co/oStFoBGuFa via @ESPNNewYork,NOT
#Yankees 6-0. Nine straight hits. Price... Not your night.,NOT
"Don't hit me up talking bout ""who that bitch under yo pic"".. Get yo ass treated",HOF
RT @LiloNoSnitch_: &#128514;&#128514;&#128514;bitch bye&#128530;,HOF
Proud to be a redneck patriot :) @Docs357 @Cats_lmbo @KoichicCheryl @bja_tw @yrwol7 @DavesGrill,NOT
RT @Comp10Tx: Rihanna really is trash,NOT
Build a bear &lt;&lt;&lt;&lt; build a bitch,HOF
"RT @jennakimjones: Dear Oreo, What's this I hear about a Watermelon flavor? KEEP YOUR FAKE FRUIT FLAVOR OUT OF MY CRISCO SANDWICHES!!! Love&#8230;",NOT
RT @EvanBecker513: @whattheflocka @zooyorkinit bitch. We could have went to als. But NOOOOOOOO. &#128545;&#128545;&#127849;&#127849;&#127849;&#127849;&#127849;&#127849;&#127849;&#127849;&#127849;&#127849;&#127849;&#127849;&#127849;&#127849;&#127849;&#127849;&#128053;,HOF
RT @anilkohli54: @mediacrooks so the ball did roll down the slope &amp; found a natural spot @madhutrehan defending brother &amp; the scumbag @sard&#8230;,NOT
"#porn,#android,#iphone,#ipad,#sex,#xxx, | #Babe | ebony babe pussy http://t.co/3MxBXeZqxR",HOF
"All my bitches love me, all my all my bitches love me, all my bitches love me. You ain't fuckin with my dougie &#128129; @vivaalakatyy",HOF
Rotherdam #RapeJihad coverup: young girls sacrificed on altar of political correctness in favor pf paki pedo gangs http://t.co/RDgyG6GURv,NOT
@iambillyshears shoulda came to my family's dinner tonight....we talked about shitting and negros.,HOF
@Ant_Dgk @Buckm00se @ChainskiBum would this faggot survive in TJ?,HOF
"""@jethromass: Photo: http://t.co/CxRs5BVhPw"" he is in sole heaven",NOT
I think I'll just eat this brownie and pass out,NOT
@SSickStory Lester tried to eat your bird,NOT
@Alan_Casillas haha shit niggah i wish,HOF
"RT @firemunky: RIP Tom Foley
RIP Greg Sikorskey
RIP Charlie Anaya
RIP Wells Crowther
RIP Andy Fredericks",NOT
"RT @SheBoundTa_G_O: @WeDont_SmokeREG money ova bitches I'm yellin it ta da grave developed at ah young age, go afta wat pays &#128526;",HOF
Officials: Jihadi Cockroaches Now Booking Tickets On Cruise Ships To Syria http://t.co/hWKfMe75kx http://t.co/rLTlVYGpTl,NOT
"@RainaluvsA intimidated?! What pussies, all I see is a sweet, honest woman, but seriously you could make this stalking thing so much easier!",HOF
"' You tall tree ass females be 6'0 TALKIN bout "" Catching Feelings "" , bitch you need to catch this touchdown... http://t.co/lMgkDuxzY7",HOF
the train station Harry's at is trash I've been to the same Eurostar too they refunded my whole trip to Paris bc train accident,NOT
can my cat not kill birds and make a huge mes of feathers,NOT
segment finally did it. NEVER again watching #teabagger propaganda in the morning on #msnbc again. @bpshow on #currenttv for me #morningjoe,NOT
RT @SVL305: @VJtechsupport @YoungMcFly the real reason y she gave up rapping was because of ME.. i called her trash to her face n asked for&#8230;,NOT
RT @Baseball_Photos: A 17 year old girl once struck out Babe Ruth and Lou Gehrig back to back and was banned from baseball for it #Yankees &#8230;,NOT
"Bitches ah have a baby &amp; be like ""don't claim my child"" bitch you good &amp; goddamn well ain't NOBODY claiming your creature &#128125;&#128514;",HOF
@MrMason251 Grade A pussy.,HOF
RT @CauseWereGuys: Dumb bitch lol http://t.co/ZBUo9ZOj2e,HOF
@alanaaaaaa_ why are you laughing . That's you hoe &#128514;,HOF
yea so about @N_tel 's new friend.. all my friends kno they're only allowed one cute darkie friend n that's me! lol,NOT
"Boys want bad bitches , and dummies. Men want strong women who respect themselves and support his grind while handling hers.",HOF
Yankee pinstripes might be the best unis in the MLB but the gray road ones are the worst CC looks like an elephant trapped in a circus tent,NOT
fuzzy socks are the actual life,NOT
Hanging with my bitches I couldn't be more happy #thegoodlife,HOF
Okay so I know I'm like ten years late but I freaking HATE Ana Sofia from Lost fuck that dumb bitch wtf is her problem &#128545;&#128545;&#128545;&#128545;&#128545;&#128545;&#128545;&#128545;&#128545;&#128545;&#128545;,HOF
"why you act like a little booshie bitch now, that's why you don't have friends hoe",HOF
"RT @BlackRichyRich: Every nigga
New hoe is 
Da next niggas old hoe",HOF
I am a celestial body hello http://t.co/yKDRM9Ax69,NOT
RT @SumGurl07: So cute! :) RT @iTweetFacts: Shy bunny... http://t.co/z4u6NpORdz,NOT
